sw_l1,sector_name,sector_ts_code,anchor_pair,start_date,end_date,n,avg_ret,med_ret,win_rate_pct,ret_ge10_pct,ret_ge20_pct,avg_peak,med_peak,start_only_rule_n,start_plus_next_rule_n,top_ret_stocks,top_weighted_start_stocks
机械设备,3D打印,885537.TI,d1_to_d2,2026-04-08,2026-04-14,126,2.04,1.26,62.7,8.73,0.0,3.36,1.81,25,13,哈森股份(17.19%)、大族激光(16.81%)、宏昌电子(16.8%)、宝丽迪(15.82%)、爱乐达(13.04%)、鸿日达(12.62%)、永鼎股份(11.89%)、华翔股份(11.49%),飞沃科技(87.82)、永鼎股份(70.73)、大族激光(63.24)、华工科技(59.44)、神剑股份(50.0)、金太阳(43.05)、北京君正(41.07)、先导智能(40.8)
机械设备,3D打印,885537.TI,d1_to_d3,2026-04-08,2026-04-20,126,5.64,3.98,77.78,22.22,7.94,7.29,5.32,25,13,宝丽迪(73.36%)、爱乐达(28.37%)、飞沃科技(26.72%)、大族激光(25.96%)、永鼎股份(25.79%)、哈森股份(24.1%)、江顺科技(23.11%)、神剑股份(22.94%),飞沃科技(87.82)、永鼎股份(70.73)、大族激光(63.24)、华工科技(59.44)、神剑股份(50.0)、金太阳(43.05)、北京君正(41.07)、先导智能(40.8)
机械设备,3D打印,885537.TI,d2_to_d3,2026-04-14,2026-04-20,126,3.45,2.48,76.19,8.73,3.17,4.58,3.07,21,10,宝丽迪(49.67%)、江顺科技(26.24%)、神剑股份(22.43%)、飞沃科技(20.03%)、联赢激光(16.0%)、爱乐达(13.57%)、斯瑞新材(12.76%)、永鼎股份(12.43%),大族激光(61.54)、飞沃科技(28.2)、宏昌电子(27.92)、爱乐达(21.58)、华曙高科(21.45)、北京君正(21.23)、铂力特(18.59)、斯瑞新材(17.06)
机械设备,专用设备,881118.TI,d1_to_d2,2026-04-22,2026-04-30,178,0.2,-0.43,44.94,11.24,2.81,4.14,1.16,24,5,越剑智能(38.86%)、星球石墨(28.23%)、深科达(23.14%)、泰金新能(22.97%)、电光科技(21.08%)、建科智能(14.49%)、森远股份(14.41%)、蜀道装备(14.11%),斯莱克(39.65)、高澜股份(26.1)、强瑞技术(23.87)、凯格精机(19.43)、杰瑞股份(19.28)、华兴源创(18.93)、汇成真空(17.58)、蜀道装备(15.34)
机械设备,专用设备,881118.TI,d1_to_d3,2026-04-22,2026-05-06,179,1.23,0.07,50.28,15.64,3.35,4.86,1.63,24,5,泰金新能(47.56%)、越剑智能(32.35%)、星球石墨(30.29%)、深科达(27.25%)、杰瑞股份(22.82%)、泰坦股份(22.58%)、电光科技(16.87%)、建科智能(15.58%),斯莱克(39.65)、高澜股份(26.1)、强瑞技术(23.87)、凯格精机(19.43)、杰瑞股份(19.28)、华兴源创(18.93)、汇成真空(17.58)、蜀道装备(15.34)
机械设备,专用设备,881118.TI,d2_to_d3,2026-04-30,2026-05-06,178,0.99,0.65,61.8,1.69,0.56,1.47,0.65,22,9,泰金新能(20.0%)、凯格精机(12.41%)、博盈特焊(11.01%)、杰瑞股份(9.52%)、南兴股份(9.28%)、泰坦股份(8.09%)、强瑞技术(6.56%)、高澜股份(5.28%),日联科技(106.34)、杰瑞股份(47.79)、航天工程(45.61)、中国一重(26.59)、森远股份(22.7)、电光科技(20.22)、泰金新能(19.68)、洪田股份(15.69)
机械设备,人形机器人,886069.TI,d1_to_d2,2026-04-08,2026-04-10,428,0.57,0.07,50.47,1.87,0.0,1.49,0.15,84,37,东山精密(19.71%)、富春染织(15.45%)、博杰股份(12.19%)、鑫宏业(11.82%)、富临精工(11.41%)、立讯精密(11.31%)、胜蓝股份(10.69%)、凌云股份(10.67%),东方国信(90.79)、胜宏科技(89.65)、电连技术(84.36)、立讯精密(81.56)、协创数据(71.18)、平治信息(59.3)、水晶光电(58.05)、宇瞳光学(56.84)
机械设备,人形机器人,886069.TI,d1_to_d3,2026-04-08,2026-04-14,428,2.19,1.38,69.16,4.21,0.7,3.08,1.61,84,37,鑫宏业(32.22%)、佰维存储(25.44%)、东山精密(21.76%)、凌云股份(18.15%)、盛视科技(17.32%)、富春染织(17.17%)、立讯精密(13.14%)、卡倍亿(12.58%),东方国信(90.79)、胜宏科技(89.65)、电连技术(84.36)、立讯精密(81.56)、协创数据(71.18)、平治信息(59.3)、水晶光电(58.05)、宇瞳光学(56.84)
机械设备,人形机器人,886069.TI,d2_to_d3,2026-04-10,2026-04-14,430,1.67,1.35,73.72,1.4,0.23,2.15,1.42,78,45,三瑞智能(30.64%)、协创数据(19.86%)、佰维存储(19.29%)、鑫宏业(18.25%)、盛视科技(12.59%)、江海股份(12.24%)、超捷股份(9.56%)、泰晶科技(9.11%),三瑞智能(1311.28)、东山精密(125.17)、立讯精密(83.66)、兆易创新(69.18)、佰维存储(62.15)、亿纬锂能(52.36)、胜宏科技(50.1)、富临精工(40.55)
机械设备,传感器,885946.TI,d1_to_d2,2026-04-08,2026-04-14,252,2.62,1.39,70.63,7.94,0.79,3.43,1.77,53,28,英唐智控(25.98%)、利扬芯片(25.45%)、凌云股份(18.15%)、春晖智控(17.77%)、盛视科技(17.32%)、奥联电子(15.11%)、超声电子(13.69%)、佰奥智能(13.34%),华润微(62.17)、华工科技(59.44)、力源信息(49.99)、通富微电(47.58)、海兰信(41.88)、太辰光(41.56)、北京君正(41.07)、硕贝德(40.78)
机械设备,传感器,885946.TI,d1_to_d3,2026-04-08,2026-04-20,251,5.6,3.99,84.46,21.91,2.79,6.93,4.71,53,28,盛视科技(50.17%)、可川科技(42.44%)、申昊科技(32.04%)、英唐智控(31.76%)、利扬芯片(29.37%)、睿创微纳(21.09%)、八方股份(20.79%)、光格科技(19.94%),华润微(62.17)、华工科技(59.44)、力源信息(49.99)、通富微电(47.58)、海兰信(41.88)、太辰光(41.56)、北京君正(41.07)、硕贝德(40.78)
机械设备,传感器,885946.TI,d2_to_d3,2026-04-14,2026-04-20,251,2.91,1.98,80.08,7.57,0.8,3.99,2.49,46,23,可川科技(30.91%)、盛视科技(28.0%)、申昊科技(19.75%)、杭州柯林(19.14%)、合力泰(18.47%)、立达信(16.82%)、嵘泰股份(14.93%)、高华科技(14.68%),兆易创新(77.34)、春晖智控(48.55)、弘信电子(36.8)、航天电子(35.57)、晶方科技(34.83)、盛视科技(32.11)、海兰信(28.5)、光莆股份(23.29)
机械设备,减速器,886008.TI,d1_to_d2,2026-04-30,2026-05-07,125,4.2,3.79,88.8,11.2,0.8,4.61,3.81,16,4,宇环数控(21.01%)、三瑞智能(19.69%)、斯菱智驱(16.54%)、美利信(15.04%)、恒锋工具(13.69%)、博杰股份(12.7%)、巨轮智能(12.43%)、大族激光(11.61%),海昌新材(54.75)、浙江荣泰(43.07)、长龄液压(22.02)、圣龙股份(21.42)、绿的谐波(18.34)、长盈精密(17.74)、埃夫特-U(13.35)、斯菱智驱(12.6)
机械设备,减速器,886008.TI,d1_to_d3,2026-04-30,2026-05-08,125,7.24,6.25,92.8,22.4,6.4,7.74,6.52,16,4,恒锋工具(36.44%)、三瑞智能(35.4%)、精锻科技(24.31%)、宇环数控(24.0%)、巨轮智能(23.64%)、迎丰股份(21.68%)、斯菱智驱(21.23%)、大族激光(21.19%),海昌新材(54.75)、浙江荣泰(43.07)、长龄液压(22.02)、圣龙股份(21.42)、绿的谐波(18.34)、长盈精密(17.74)、埃夫特-U(13.35)、斯菱智驱(12.6)
机械设备,减速器,886008.TI,d2_to_d3,2026-05-07,2026-05-08,125,2.88,2.2,83.2,6.4,0.8,3.06,2.2,20,14,恒锋工具(20.01%)、精锻科技(19.97%)、绿的谐波(14.11%)、三瑞智能(13.12%)、华伍股份(10.72%)、襄阳轴承(10.03%)、五洲新春(10.01%)、迎丰股份(10.0%),大族激光(67.31)、三瑞智能(60.27)、斯菱智驱(39.85)、恒锋工具(30.98)、美利信(27.07)、五洲新春(25.87)、浙江荣泰(25.64)、宇环数控(23.54)
机械设备,工业母机,885930.TI,d1_to_d2,2026-04-08,2026-04-14,105,2.35,1.35,68.57,7.62,0.0,3.22,1.51,22,10,哈森股份(17.19%)、大族激光(16.81%)、宇晶股份(16.25%)、*ST海华(15.81%)、温州宏丰(14.21%)、宁波精达(10.74%)、博杰股份(10.38%)、大族数控(10.14%),大族激光(63.24)、华工科技(59.44)、大族数控(48.61)、金太阳(43.05)、光力科技(32.79)、安达智能(32.17)、博杰股份(28.39)、中钨高新(25.03)
机械设备,工业母机,885930.TI,d1_to_d3,2026-04-08,2026-04-17,105,5.18,2.78,79.05,20.95,6.67,6.19,3.02,22,10,乔锋智能(29.9%)、博杰股份(26.54%)、宇晶股份(25.83%)、哈森股份(25.58%)、欧科亿(25.41%)、大族激光(23.67%)、温州宏丰(20.57%)、*ST海华(19.35%),大族激光(63.24)、华工科技(59.44)、大族数控(48.61)、金太阳(43.05)、光力科技(32.79)、安达智能(32.17)、博杰股份(28.39)、中钨高新(25.03)
机械设备,工业母机,885930.TI,d2_to_d3,2026-04-14,2026-04-17,106,2.74,1.92,70.75,7.55,0.94,3.35,2.04,22,4,乔锋智能(25.17%)、博杰股份(14.64%)、创世纪(14.57%)、欧科亿(14.23%)、嵘泰股份(14.08%)、中钨高新(12.37%)、凯格精机(10.99%)、鸿富瀚(10.65%),大族激光(61.54)、宇晶股份(27.86)、鼎泰高科(25.54)、易天股份(22.15)、国机精工(21.46)、中钨高新(21.42)、欧科亿(20.08)、XD沃尔德(19.52)
机械设备,新型工业化,886057.TI,d1_to_d2,2026-04-08,2026-04-14,275,1.46,0.66,60.36,4.0,0.0,2.52,0.99,53,23,利柏特(18.24%)、大族激光(16.81%)、*ST海华(15.81%)、DR赛腾股(14.49%)、佰奥智能(13.34%)、瑞松科技(10.96%)、宁波精达(10.74%)、博杰股份(10.38%),东方国信(90.79)、大族激光(63.24)、罗博特科(60.59)、华工科技(59.44)、金太阳(43.05)、先导智能(40.8)、麦格米特(38.84)、中科曙光(38.72)
机械设备,新型工业化,886057.TI,d1_to_d3,2026-04-08,2026-04-30,273,4.93,2.14,61.9,24.91,9.52,9.71,6.31,53,23,杰创智能(76.87%)、申昊科技(56.44%)、乔锋智能(49.62%)、智微智能(44.94%)、大族激光(42.26%)、博杰股份(39.72%)、鸿富瀚(39.54%)、江苏北人(38.78%),东方国信(90.79)、大族激光(63.24)、罗博特科(60.59)、华工科技(59.44)、金太阳(43.05)、先导智能(40.8)、麦格米特(38.84)、中科曙光(38.72)
机械设备,新型工业化,886057.TI,d2_to_d3,2026-04-14,2026-04-30,274,3.38,1.54,56.57,19.34,7.66,7.79,4.67,55,21,杰创智能(68.95%)、乔锋智能(44.17%)、江苏北人(43.82%)、申昊科技(41.88%)、立达信(36.94%)、思林杰(35.34%)、智微智能(33.75%)、创世纪(33.73%),大族激光(61.54)、强瑞技术(19.97)、中控技术(19.65)、麦格米特(19.59)、劲拓股份(17.37)、迪普科技(16.51)、瑞松科技(15.29)、杰创智能(14.7)
机械设备,机器人,885517.TI,d1_to_d2,2026-04-08,2026-04-10,1134,0.2,-0.4,42.42,1.68,0.09,1.31,0.0,206,103,英唐智控(25.57%)、东山精密(19.71%)、欣旺达(16.71%)、奥尼电子(16.15%)、富春染织(15.45%)、华懋科技(15.37%)、美诺华(14.69%)、飞龙股份(12.45%),红板科技(1345.73)、长芯博创(113.69)、银之杰(91.24)、工业富联(90.23)、胜宏科技(89.65)、飞沃科技(87.82)、立讯精密(81.56)、优刻得-W(74.92)
机械设备,机器人,885517.TI,d1_to_d3,2026-04-08,2026-04-14,1134,1.81,0.76,59.79,6.08,0.79,2.91,1.12,206,103,奥尼电子(45.88%)、鑫宏业(32.22%)、英唐智控(25.98%)、鹏辉能源(25.54%)、佰维存储(25.44%)、盈峰环境(24.76%)、欣旺达(22.34%)、聚杰微纤(21.81%),红板科技(1345.73)、长芯博创(113.69)、银之杰(91.24)、工业富联(90.23)、胜宏科技(89.65)、飞沃科技(87.82)、立讯精密(81.56)、优刻得-W(74.92)
机械设备,机器人,885517.TI,d2_to_d3,2026-04-10,2026-04-14,1136,1.63,1.03,69.54,3.17,0.44,2.15,1.13,181,103,三瑞智能(30.64%)、奥尼电子(25.59%)、天邦食品(21.28%)、维科技术(20.96%)、迅捷兴(20.87%)、协创数据(19.86%)、佰维存储(19.29%)、鑫宏业(18.25%),三瑞智能(1311.28)、欣旺达(134.03)、东山精密(125.17)、英唐智控(122.98)、立讯精密(83.66)、佰维存储(62.15)、美诺华(59.03)、全志科技(52.85)
机械设备,机器视觉,886002.TI,d2_to_d3,2026-04-10,2026-04-14,236,1.51,1.17,72.88,2.54,0.0,2.1,1.25,43,26,埃科光电(14.9%)、矽电股份(12.76%)、盛视科技(12.59%)、洪田股份(11.01%)、瑞松科技(10.54%)、信科移动-U(10.28%)、利和兴(8.44%)、科瑞技术(8.3%),立讯精密(83.66)、全志科技(52.85)、瑞芯微(28.41)、先导智能(24.47)、洪田股份(19.93)、国科微(16.38)、欧菲光(16.29)、汇川技术(14.9)
机械设备,自动化设备,881171.TI,d1_to_d2,2026-04-14,2026-04-27,85,4.11,2.58,61.18,18.82,7.06,7.58,5.07,19,6,申昊科技(43.64%)、博杰股份(34.47%)、智云股份(31.78%)、江苏北人(29.48%)、固高科技(28.98%)、大族激光(26.57%)、杰普特(17.67%)、拓斯达(12.73%),大族激光(61.54)、中控技术(19.65)、劲拓股份(17.37)、大族数控(16.5)、瑞松科技(15.29)、汇川技术(9.68)、伟创电气(8.62)、德龙激光(7.55)
机械设备,自动化设备,881171.TI,d1_to_d3,2026-04-14,2026-04-30,84,4.95,4.24,65.48,22.62,10.71,9.25,6.19,19,6,江苏北人(43.82%)、申昊科技(41.88%)、杰普特(34.27%)、智云股份(28.2%)、博杰股份(26.58%)、固高科技(25.48%)、凌云光(22.31%)、大族激光(21.79%),大族激光(61.54)、中控技术(19.65)、劲拓股份(17.37)、大族数控(16.5)、瑞松科技(15.29)、汇川技术(9.68)、伟创电气(8.62)、德龙激光(7.55)
机械设备,自动化设备,881171.TI,d2_to_d3,2026-04-27,2026-04-30,84,0.76,0.27,54.76,7.14,2.38,2.52,0.56,14,6,凌云光(26.75%)、宏英智能(24.28%)、杰普特(14.11%)、艾隆科技(11.44%)、江苏北人(11.07%)、睿能科技(10.79%)、DR赛腾股(8.31%)、景业智能(7.07%),中控技术(58.39)、固高科技(42.32)、申昊科技(37.25)、华工科技(31.19)、德龙激光(28.1)、杰普特(22.8)、罗博特科(20.98)、绿的谐波(16.18)
机械设备,通用设备,881117.TI,d2_to_d3,2026-04-14,2026-04-20,222,2.81,1.87,72.07,10.36,0.9,3.78,2.27,35,10,乔锋智能(37.09%)、优利德(22.4%)、海川智能(16.44%)、大业股份(16.06%)、苏常柴Ａ(15.72%)、泰嘉股份(14.91%)、崇德科技(14.88%)、高华科技(14.68%),春晖智控(48.55)、航天动力(40.0)、巨力索具(34.46)、申菱环境(30.95)、宇晶股份(27.86)、鼎泰高科(25.54)、国机精工(21.46)、华曙高科(21.45)
电力设备,BC电池,886053.TI,d1_to_d2,2026-05-11,2026-05-25,48,0.56,-3.19,43.75,27.08,12.5,7.82,3.06,11,6,德龙激光(35.76%)、帝尔激光(33.05%)、英诺激光(32.93%)、罗博特科(21.41%)、广信材料(20.6%)、回天新材(20.35%)、晶盛机电(18.26%)、东材科技(17.34%),钧达股份(52.61)、拉普拉斯(34.03)、广信材料(23.96)、帝尔激光(22.83)、先导智能(21.81)、中来股份(18.58)、晶盛机电(16.3)、阿特斯(15.34)
电力设备,BC电池,886053.TI,d1_to_d3,2026-05-11,2026-06-03,48,-5.02,-11.02,37.5,18.75,14.58,11.07,3.54,11,6,英诺激光(48.3%)、横店东磁(38.19%)、芯碁微装(37.56%)、罗博特科(34.23%)、帝尔激光(25.38%)、锐科激光(25.15%)、东材科技(23.34%)、正业科技(18.81%),钧达股份(52.61)、拉普拉斯(34.03)、广信材料(23.96)、帝尔激光(22.83)、先导智能(21.81)、中来股份(18.58)、晶盛机电(16.3)、阿特斯(15.34)
电力设备,BC电池,886053.TI,d2_to_d3,2026-05-25,2026-06-03,48,-6.04,-9.09,22.92,10.42,4.17,3.94,0.62,11,3,横店东磁(22.71%)、锐科激光(20.43%)、芯碁微装(19.46%)、英诺激光(11.57%)、罗博特科(10.56%)、福达合金(7.82%)、正业科技(6.87%)、赛伍技术(6.28%),罗博特科(106.49)、德龙激光(53.12)、回天新材(46.46)、横店东磁(45.53)、福斯特(24.7)、聚和材料(22.43)、微导纳米(21.5)、帝科股份(17.58)
电力设备,HJT电池,885878.TI,d1_to_d2,2026-05-11,2026-05-25,63,-1.22,-3.64,39.68,14.29,11.11,6.31,2.4,14,5,*ST宝馨(46.25%)、帝尔激光(33.05%)、东威科技(27.26%)、三孚新科(26.31%)、隆华科技(21.78%)、罗博特科(21.41%)、国林科技(20.66%)、福莱蒽特(12.68%),大族激光(93.47)、欧莱新材(42.13)、迈为股份(38.13)、宇晶股份(30.41)、帝尔激光(22.83)、先导智能(21.81)、东威科技(18.76)、*ST泉为(15.62)
电力设备,PET铜箔,886020.TI,d1_to_d2,2026-04-29,2026-05-06,47,5.52,2.84,82.98,17.02,10.64,5.77,3.03,10,6,泰金新能(28.23%)、德福科技(25.33%)、铜冠铜箔(24.75%)、方邦股份(21.26%)、光莆股份(20.5%)、中一科技(13.99%)、阿石创(13.2%)、欧莱新材(11.65%),铜冠铜箔(141.42)、东材科技(61.83)、德福科技(39.59)、沃格光电(37.38)、万顺新材(32.25)、璞泰来(31.74)、光莆股份(26.85)、嘉元科技(22.75)
电力设备,PET铜箔,886020.TI,d1_to_d3,2026-04-29,2026-06-02,47,14.86,8.98,63.83,48.94,38.3,29.58,25.77,10,6,泰金新能(87.93%)、德福科技(76.42%)、沃格光电(74.94%)、洁美科技(62.42%)、铜冠铜箔(46.0%)、洪田股份(45.59%)、远东股份(45.29%)、双星新材(44.22%),铜冠铜箔(141.42)、东材科技(61.83)、德福科技(39.59)、沃格光电(37.38)、万顺新材(32.25)、璞泰来(31.74)、光莆股份(26.85)、嘉元科技(22.75)
电力设备,PET铜箔,886020.TI,d2_to_d3,2026-05-06,2026-06-02,47,8.63,7.06,57.45,46.81,29.79,22.34,16.37,10,6,沃格光电(82.63%)、洁美科技(61.03%)、泰金新能(46.55%)、德福科技(40.76%)、远东股份(38.6%)、双星新材(37.5%)、东威科技(36.29%)、杭电股份(35.86%),德福科技(121.16)、铜冠铜箔(99.17)、泰金新能(51.07)、方邦股份(49.98)、中天科技(48.14)、海亮股份(42.11)、中一科技(37.45)、远东股份(33.23)
电力设备,TOPCON电池,886007.TI,d1_to_d2,2026-04-08,2026-04-16,79,2.74,2.4,70.89,7.59,5.06,5.05,3.58,17,6,琏升科技(31.38%)、宇晶股份(22.75%)、大族激光(22.42%)、三孚新科(21.94%)、汇成真空(12.9%)、福立旺(11.28%)、聚和材料(9.36%)、*ST亿晶(9.19%),芯碁微装(106.38)、大族激光(63.24)、罗博特科(60.59)、先导基电(41.98)、先导智能(40.8)、杰普特(35.05)、蓝思科技(33.58)、晶科能源(25.17)
电力设备,TOPCON电池,886007.TI,d1_to_d3,2026-04-08,2026-04-17,79,4.61,4.07,74.68,25.32,7.59,7.0,5.07,17,6,琏升科技(32.36%)、帝尔激光(30.57%)、三孚新科(27.01%)、宇晶股份(25.83%)、大族激光(23.67%)、明冠新材(22.28%)、福立旺(18.9%)、汇成真空(18.59%),芯碁微装(106.38)、大族激光(63.24)、罗博特科(60.59)、先导基电(41.98)、先导智能(40.8)、杰普特(35.05)、蓝思科技(33.58)、晶科能源(25.17)
电力设备,TOPCON电池,886007.TI,d2_to_d3,2026-04-16,2026-04-17,79,1.71,0.74,63.29,3.8,1.27,2.28,0.74,7,7,帝尔激光(20.0%)、明冠新材(19.97%)、先导基电(10.01%)、星帅尔(7.86%)、福达合金(7.41%)、锐科激光(6.9%)、福立旺(6.85%)、赛伍技术(5.89%),大族激光(65.28)、福立旺(33.44)、宇晶股份(28.94)、晶科能源(27.68)、晶盛机电(24.72)、*ST仕净(19.57)、杰普特(15.47)、聚和材料(11.99)
电力设备,储能,885921.TI,d1_to_d2,2026-04-08,2026-04-10,838,0.62,-0.12,47.37,2.86,0.48,1.72,0.11,163,94,新朋股份(21.08%)、圣阳股份(21.05%)、和胜股份(21.02%)、中恒电气(20.98%)、天华新能(19.78%)、欣旺达(16.71%)、中国动力(15.54%)、富春染织(15.45%),胜宏科技(89.65)、申菱环境(67.11)、东方电气(66.96)、大族激光(63.24)、金盘科技(62.82)、华润微(62.17)、开勒股份(61.94)、华工科技(59.44)
电力设备,储能,885921.TI,d1_to_d3,2026-04-08,2026-04-29,832,5.56,2.67,63.22,26.08,10.94,11.21,7.37,163,94,天华新能(93.79%)、圣阳股份(82.4%)、德福科技(74.8%)、蜀道装备(68.36%)、铜冠铜箔(68.28%)、申昊科技(60.31%)、鹏辉能源(54.29%)、华盛昌(53.9%),胜宏科技(89.65)、申菱环境(67.11)、东方电气(66.96)、大族激光(63.24)、金盘科技(62.82)、华润微(62.17)、开勒股份(61.94)、华工科技(59.44)
电力设备,储能,885921.TI,d2_to_d3,2026-04-10,2026-04-29,833,4.8,2.46,61.82,23.17,9.24,10.27,6.85,146,66,蜀道装备(69.45%)、铜冠铜箔(67.21%)、德福科技(64.53%)、天华新能(61.79%)、德龙汇能(53.86%)、华盛昌(53.46%)、申昊科技(50.76%)、圣阳股份(50.68%),欣旺达(134.03)、宁德时代(96.09)、天华新能(84.88)、阳光电源(66.09)、国轩高科(63.59)、圣阳股份(59.04)、英维克(55.6)、天赐材料(53.95)
电力设备,光伏,885531.TI,d1_to_d2,2026-04-08,2026-04-10,573,0.16,-0.38,43.28,1.22,0.0,1.39,0.0,115,63,晶升股份(17.41%)、德业股份(13.22%)、振江股份(12.45%)、正泰电源(12.18%)、鑫宏业(11.82%)、豪美新材(11.43%)、艾罗能源(10.14%)、巨力索具(9.39%),芯碁微装(106.38)、胜宏科技(89.65)、北方华创(75.56)、志特新材(67.24)、东方电气(66.96)、奥飞数据(65.06)、大族激光(63.24)、金盘科技(62.82)
电力设备,光伏,885531.TI,d1_to_d3,2026-04-08,2026-04-17,573,3.93,2.52,69.46,16.06,4.54,5.8,3.59,115,63,唯特偶(44.89%)、华盛昌(38.33%)、晶科科技(35.76%)、巨力索具(34.51%)、鑫宏业(33.36%)、琏升科技(32.36%)、帝尔激光(30.57%)、优利德(28.49%),芯碁微装(106.38)、胜宏科技(89.65)、北方华创(75.56)、志特新材(67.24)、东方电气(66.96)、奥飞数据(65.06)、大族激光(63.24)、金盘科技(62.82)
电力设备,光伏,885531.TI,d2_to_d3,2026-04-10,2026-04-17,573,3.74,2.35,75.92,13.79,2.79,5.3,3.38,105,50,华盛昌(37.94%)、晶科科技(36.83%)、唯特偶(34.31%)、优利德(33.01%)、琏升科技(31.4%)、宇晶股份(26.16%)、和顺科技(25.88%)、埃科光电(24.34%),兆易创新(69.18)、阳光电源(66.09)、胜宏科技(50.1)、大东南(45.47)、德业股份(42.15)、晶升股份(38.63)、赣锋锂业(34.4)、*ST亿晶(28.98)
电力设备,光伏设备,881279.TI,d1_to_d2,2026-04-08,2026-04-10,71,0.3,-0.44,42.25,4.23,0.0,1.69,0.0,15,0,德业股份(13.22%)、正泰电源(12.18%)、艾罗能源(10.14%)、欧晶科技(7.61%)、*ST亿晶(6.82%)、帝尔激光(6.5%)、凯盛新能(6.08%)、爱旭股份(5.67%),阳光电源(38.49)、迈为股份(36.47)、福斯特(33.3)、晶科能源(25.17)、聚和材料(24.66)、东方日升(24.14)、捷佳伟创(23.95)、隆基绿能(19.8)
电力设备,光伏设备,881279.TI,d1_to_d3,2026-04-08,2026-04-20,71,4.7,4.46,81.69,15.49,2.82,7.0,5.21,15,0,帝尔激光(40.16%)、琏升科技(38.29%)、明冠新材(16.92%)、德业股份(16.03%)、航天机电(13.99%)、中信博(12.96%)、*ST金刚(12.83%)、大全能源(11.44%),阳光电源(38.49)、迈为股份(36.47)、福斯特(33.3)、晶科能源(25.17)、聚和材料(24.66)、东方日升(24.14)、捷佳伟创(23.95)、隆基绿能(19.8)
电力设备,光伏设备,881279.TI,d2_to_d3,2026-04-10,2026-04-20,71,4.46,3.85,85.92,14.08,2.82,6.55,4.85,14,10,琏升科技(37.29%)、帝尔激光(31.6%)、明冠新材(17.32%)、奥特维(15.19%)、高测股份(13.73%)、*ST金刚(13.31%)、中信博(12.77%)、通威股份(11.97%),阳光电源(66.09)、德业股份(42.15)、*ST亿晶(28.98)、艾罗能源(27.86)、爱旭股份(24.4)、聚和材料(22.59)、锦浪科技(16.62)、固德威(15.65)
电力设备,可控核聚变,886065.TI,d1_to_d2,2026-04-08,2026-04-10,109,-0.11,-0.56,37.61,1.83,0.0,1.07,0.0,20,11,永鼎股份(14.66%)、鑫宏业(11.82%)、东南网架(8.26%)、申菱环境(7.09%)、应流股份(6.58%)、爱科赛博(5.77%)、起帆电缆(5.43%)、上能电气(3.85%),永鼎股份(70.73)、申菱环境(67.11)、东方电气(66.96)、远东股份(45.33)、高澜股份(43.53)、白银有色(41.23)、厦门钨业(40.82)、中国西电(40.12)
电力设备,可控核聚变,886065.TI,d1_to_d3,2026-04-08,2026-04-14,109,1.24,0.4,55.96,5.5,2.75,2.8,0.99,20,11,鑫宏业(32.22%)、申菱环境(22.51%)、长光华芯(21.08%)、爱科赛博(12.59%)、高澜股份(12.03%)、永鼎股份(11.89%)、国睿科技(9.65%)、新风光(8.55%),永鼎股份(70.73)、申菱环境(67.11)、东方电气(66.96)、远东股份(45.33)、高澜股份(43.53)、白银有色(41.23)、厦门钨业(40.82)、中国西电(40.12)
电力设备,可控核聚变,886065.TI,d2_to_d3,2026-04-10,2026-04-14,109,1.34,0.63,61.47,3.67,0.92,2.29,0.75,18,7,长光华芯(20.72%)、鑫宏业(18.25%)、申菱环境(14.41%)、江海股份(12.24%)、必创科技(9.62%)、西部材料(9.53%)、皖仪科技(9.24%)、新风光(9.02%),永鼎股份(91.69)、长光华芯(28.87)、申菱环境(22.15)、东方电气(21.9)、鑫宏业(15.95)、应流股份(15.63)、起帆电缆(12.96)、高澜股份(11.02)
电力设备,固态电池,886032.TI,d1_to_d2,2026-04-08,2026-04-10,277,1.65,0.75,61.73,2.89,0.36,2.41,1.13,56,33,圣阳股份(21.05%)、天华新能(19.78%)、欣旺达(16.71%)、中国动力(15.54%)、万润新能(14.6%)、宏源药业(12.26%)、中船特气(10.98%)、国轩高科(10.35%),大族激光(63.24)、智动力(49.62)、电科蓝天(49.49)、远东股份(45.33)、先导基电(41.98)、XD骄成超(41.1)、厦门钨业(40.82)、先导智能(40.8)
电力设备,固态电池,886032.TI,d1_to_d3,2026-04-08,2026-04-21,276,8.68,7.24,84.06,39.13,9.42,10.81,9.08,55,32,圣阳股份(89.41%)、天华新能(50.49%)、德福科技(47.63%)、可川科技(40.28%)、科瑞技术(35.09%)、腾远钴业(32.0%)、大族激光(31.07%)、维科技术(30.49%),大族激光(63.24)、智动力(49.62)、电科蓝天(49.49)、远东股份(45.33)、先导基电(41.98)、XD骄成超(41.1)、厦门钨业(40.82)、先导智能(40.8)
电力设备,固态电池,886032.TI,d2_to_d3,2026-04-10,2026-04-21,276,6.85,5.36,83.7,28.26,6.16,8.83,6.84,52,28,圣阳股份(56.48%)、德福科技(38.96%)、科瑞技术(33.11%)、维科技术(32.35%)、腾远钴业(29.75%)、可川科技(29.04%)、天华新能(25.64%)、沧州明珠(25.62%),欣旺达(134.03)、宁德时代(96.09)、天华新能(84.88)、国轩高科(63.59)、圣阳股份(59.04)、天赐材料(53.95)、亿纬锂能(52.36)、中国动力(42.53)
电力设备,氢能源,885823.TI,d1_to_d2,2026-04-08,2026-04-10,383,0.52,-0.1,45.43,1.83,0.52,1.52,0.0,73,33,光智科技(32.44%)、中恒电气(20.98%)、中国动力(15.54%)、康盛股份(13.57%)、振江股份(12.45%)、大元泵业(11.92%)、*ST原尚(10.27%)、宁波精达(9.36%),紫金矿业(80.92)、东方电气(66.96)、华工科技(59.44)、超捷股份(44.47)、先导智能(40.8)、亿纬锂能(40.06)、潍柴动力(38.83)、阳光电源(38.49)
电力设备,氢能源,885823.TI,d1_to_d3,2026-04-08,2026-04-14,383,1.98,0.84,57.44,6.79,1.57,3.38,1.39,73,33,中恒电气(46.37%)、泰金新能(42.13%)、光智科技(31.17%)、聚杰微纤(21.81%)、康盛股份(21.76%)、*ST原尚(21.59%)、晶科科技(18.47%)、利柏特(18.24%),紫金矿业(80.92)、东方电气(66.96)、华工科技(59.44)、超捷股份(44.47)、先导智能(40.8)、亿纬锂能(40.06)、潍柴动力(38.83)、阳光电源(38.49)
电力设备,氢能源,885823.TI,d2_to_d3,2026-04-10,2026-04-14,383,1.44,0.66,61.88,3.92,0.78,2.33,1.06,69,28,泰金新能(44.0%)、中恒电气(20.99%)、华电辽能(20.93%)、晶科科技(19.41%)、春晖智控(16.23%)、中材科技(13.43%)、利柏特(12.94%)、航天工程(12.42%),阳光电源(66.09)、亿纬锂能(52.36)、光智科技(46.28)、中国动力(42.53)、雄韬股份(35.2)、福田汽车(32.84)、ST南都(32.15)、璞泰来(29.99)
电力设备,液冷服务器,886044.TI,d1_to_d2,2026-04-08,2026-04-10,201,1.83,0.82,62.69,5.97,1.0,2.72,1.09,36,28,新朋股份(21.08%)、圣阳股份(21.05%)、康盛股份(13.57%)、飞龙股份(12.45%)、博杰股份(12.19%)、大元泵业(11.92%)、华源控股(11.76%)、联德股份(11.42%),中际旭创(180.14)、网宿科技(117.1)、工业富联(90.23)、立讯精密(81.56)、优刻得-W(74.92)、申菱环境(67.11)、润泽科技(65.58)、剑桥科技(64.47)
电力设备,液冷服务器,886044.TI,d1_to_d3,2026-04-08,2026-04-14,201,4.59,3.18,78.61,14.43,3.48,5.48,3.59,36,28,圣阳股份(46.49%)、新朋股份(41.8%)、华源控股(22.95%)、申菱环境(22.51%)、康盛股份(21.76%)、华塑科技(21.12%)、金富科技(20.87%)、英维克(19.99%),中际旭创(180.14)、网宿科技(117.1)、工业富联(90.23)、立讯精密(81.56)、优刻得-W(74.92)、申菱环境(67.11)、润泽科技(65.58)、剑桥科技(64.47)
电力设备,液冷服务器,886044.TI,d2_to_d3,2026-04-10,2026-04-14,201,2.68,1.65,79.6,5.47,1.0,3.14,1.74,34,14,华塑科技(23.12%)、圣阳股份(21.02%)、新朋股份(17.11%)、金富科技(15.84%)、日联科技(14.66%)、申菱环境(14.41%)、弘信电子(11.48%)、海鸥股份(10.95%),中际旭创(92.8)、立讯精密(83.66)、圣阳股份(59.04)、英维克(55.6)、浪潮信息(33.2)、南方泵业(30.19)、新宙邦(30.0)、康盛股份(28.54)
电力设备,燃料电池,885775.TI,d1_to_d2,2026-04-08,2026-04-10,206,0.9,0.18,51.94,1.94,0.0,1.9,0.26,41,13,中国动力(15.54%)、飞龙股份(12.45%)、大元泵业(11.92%)、*ST原尚(10.27%)、华锋股份(9.3%)、天普股份(9.02%)、鹏辉能源(8.91%)、雄韬股份(8.7%),东方电气(66.96)、电科蓝天(49.49)、先导智能(40.8)、三花智控(40.09)、亿纬锂能(40.06)、潍柴动力(38.83)、中材科技(35.95)、中国动力(35.27)
电力设备,燃料电池,885775.TI,d1_to_d3,2026-04-08,2026-04-14,206,2.67,1.72,63.59,8.25,1.94,3.96,2.21,41,13,鹏辉能源(25.54%)、天普股份(24.38%)、石大胜华(23.15%)、*ST原尚(21.59%)、飞龙股份(18.78%)、中材科技(18.23%)、春晖智控(17.77%)、大元泵业(13.87%),东方电气(66.96)、电科蓝天(49.49)、先导智能(40.8)、三花智控(40.09)、亿纬锂能(40.06)、潍柴动力(38.83)、中材科技(35.95)、中国动力(35.27)
电力设备,燃料电池,885775.TI,d2_to_d3,2026-04-10,2026-04-14,206,1.75,1.09,67.48,3.88,0.0,2.54,1.56,40,20,春晖智控(16.23%)、石大胜华(15.69%)、鹏辉能源(15.27%)、天普股份(14.09%)、中材科技(13.43%)、美联新材(11.71%)、*ST原尚(10.26%)、电科蓝天(10.14%),亿纬锂能(52.36)、石大胜华(47.89)、中国动力(42.53)、鹏辉能源(38.84)、雄韬股份(35.2)、赣锋锂业(34.4)、福田汽车(32.84)、ST南都(32.15)
电力设备,特高压,885425.TI,d1_to_d2,2026-04-08,2026-04-15,121,1.03,0.34,52.89,4.96,1.65,3.74,2.28,26,15,中恒电气(49.5%)、申菱环境(20.53%)、国际复材(15.93%)、双杰电气(10.66%)、中国西电(10.56%)、起帆电缆(10.35%)、高澜股份(9.84%)、华菱线缆(8.96%),申菱环境(67.11)、远东股份(45.33)、高澜股份(43.53)、特变电工(43.29)、中国西电(40.12)、烽火通信(39.32)、四方股份(36.09)、金风科技(33.62)
电力设备,特高压,885425.TI,d1_to_d3,2026-04-08,2026-04-20,121,4.87,3.6,74.38,18.18,3.31,6.35,4.59,26,15,中恒电气(50.53%)、起帆电缆(33.62%)、申菱环境(24.12%)、高澜股份(20.24%)、杭州柯林(19.26%)、航天电子(18.74%)、汉缆股份(18.39%)、新宏泰(17.84%),申菱环境(67.11)、远东股份(45.33)、高澜股份(43.53)、特变电工(43.29)、中国西电(40.12)、烽火通信(39.32)、四方股份(36.09)、金风科技(33.62)
电力设备,特高压,885425.TI,d2_to_d3,2026-04-15,2026-04-20,121,3.83,2.56,85.95,10.74,0.83,4.34,2.92,6,2,起帆电缆(21.09%)、杭电股份(17.67%)、亨通光电(16.8%)、杭州柯林(16.67%)、斯瑞新材(13.04%)、长盈通(12.06%)、恒星科技(12.05%)、特发信息(11.39%),中国西电(81.34)、双杰电气(49.49)、汉缆股份(37.93)、保变电气(37.9)、华菱线缆(30.54)、起帆电缆(24.3)、航天电子(23.3)、特变电工(23.1)
电力设备,电池,881281.TI,d1_to_d2,2026-04-08,2026-04-10,94,3.47,2.68,82.98,5.32,1.06,3.81,3.01,21,11,圣阳股份(21.05%)、天华新能(19.78%)、欣旺达(16.71%)、万润新能(14.6%)、国轩高科(10.35%)、新宙邦(9.36%)、鹏辉能源(8.91%)、雄韬股份(8.7%),骄成超声(41.1)、先导智能(40.8)、亿纬锂能(40.06)、嘉元科技(25.64)、宁德时代(20.82)、天际股份(20.76)、新宙邦(20.07)、道氏技术(19.15)
电力设备,电池,881281.TI,d1_to_d3,2026-04-08,2026-04-16,94,9.1,7.21,93.62,27.66,7.45,10.45,8.29,21,11,圣阳股份(77.3%)、天华新能(50.26%)、鹏辉能源(30.63%)、维科技术(26.78%)、XD德新科(23.74%)、石大胜华(21.84%)、万润新能(20.39%)、欣旺达(19.57%),骄成超声(41.1)、先导智能(40.8)、亿纬锂能(40.06)、嘉元科技(25.64)、宁德时代(20.82)、天际股份(20.76)、新宙邦(20.07)、道氏技术(19.15)
电力设备,电池,881281.TI,d2_to_d3,2026-04-10,2026-04-16,94,5.33,3.21,91.49,12.77,4.26,6.6,5.05,19,13,圣阳股份(46.47%)、维科技术(28.59%)、天华新能(25.45%)、德新科技(21.24%)、鹏辉能源(19.94%)、石大胜华(14.46%)、龙蟠科技(13.35%)、ST百利(12.8%),欣旺达(134.03)、宁德时代(96.09)、天华新能(84.88)、国轩高科(63.59)、圣阳股份(59.04)、天赐材料(53.95)、亿纬锂能(52.36)、石大胜华(47.89)
电力设备,电池化学品,884310.TI,d1_to_d2,2026-04-24,2026-04-29,40,8.03,7.05,92.5,27.5,10.0,8.45,7.05,5,3,ST帕瓦(30.02%)、德方纳米(26.4%)、湖南裕能(22.57%)、天华新能(21.43%)、石大胜华(14.6%)、格林美(14.35%)、丰元股份(13.93%)、万润新能(13.04%),天华新能(126.16)、恩捷股份(70.4)、天赐材料(65.54)、璞泰来(38.65)、龙蟠科技(36.97)、中伟新材(35.19)、天际股份(18.3)、新宙邦(18.05)
电力设备,电池化学品,884310.TI,d1_to_d3,2026-04-24,2026-05-20,40,2.4,1.29,57.5,20.0,10.0,13.9,10.15,5,3,德方纳米(46.4%)、ST帕瓦(36.32%)、丰元股份(29.35%)、壹石通(28.36%)、星源材质(13.84%)、尚太科技(13.13%)、滨海能源(10.36%)、盟固利(10.29%),天华新能(126.16)、恩捷股份(70.4)、天赐材料(65.54)、璞泰来(38.65)、龙蟠科技(36.97)、中伟新材(35.19)、天际股份(18.3)、新宙邦(18.05)
电力设备,电池化学品,884310.TI,d2_to_d3,2026-04-29,2026-05-20,40,-5.34,-7.5,25.0,7.5,2.5,4.99,2.7,9,3,壹石通(27.17%)、德方纳米(15.82%)、丰元股份(13.53%)、星源材质(9.6%)、ST帕瓦(4.84%)、尚太科技(3.63%)、滨海能源(3.38%)、盟固利(2.9%),天华新能(187.14)、湖南裕能(122.96)、德方纳米(114.35)、天赐材料(101.39)、海科新源(58.49)、恩捷股份(55.85)、石大胜华(55.66)、格林美(53.8)
电力设备,电网设备,881278.TI,d1_to_d2,2026-04-08,2026-04-15,125,1.62,1.35,64.0,5.6,1.6,3.48,2.21,28,15,华盛昌(33.45%)、XD长城科(27.32%)、温州宏丰(13.72%)、顺钠股份(10.71%)、双杰电气(10.66%)、中国西电(10.56%)、起帆电缆(10.35%)、光格科技(8.96%),金盘科技(62.82)、远东股份(45.33)、中国西电(40.12)、四方股份(36.09)、威腾电气(33.39)、明阳电气(27.83)、安靠智电(23.0)、三星电气(22.88)
电力设备,电网设备,881278.TI,d1_to_d3,2026-04-08,2026-04-20,125,5.06,3.73,76.8,18.4,3.2,6.58,4.45,28,15,华盛昌(47.56%)、XD长城科(40.35%)、起帆电缆(33.62%)、温州宏丰(21.7%)、光格科技(19.94%)、扬电科技(19.91%)、杭州柯林(19.26%)、汉缆股份(18.39%),金盘科技(62.82)、远东股份(45.33)、中国西电(40.12)、四方股份(36.09)、威腾电气(33.39)、明阳电气(27.83)、安靠智电(23.0)、三星电气(22.88)
电力设备,电网设备,881278.TI,d2_to_d3,2026-04-15,2026-04-20,125,3.36,2.14,80.8,12.0,0.8,4.07,2.46,6,3,起帆电缆(21.09%)、扬电科技(18.52%)、杭电股份(17.67%)、杭州柯林(16.67%)、威腾电气(11.86%)、美硕科技(11.25%)、中元股份(11.0%)、新风光(10.6%),中国西电(81.34)、双杰电气(49.49)、顺钠股份(42.73)、华盛昌(42.6)、汉缆股份(37.93)、保变电气(37.9)、华菱线缆(30.54)、起帆电缆(24.3)
电力设备,虚拟电厂,886004.TI,d1_to_d2,2026-04-08,2026-04-10,151,-0.72,-1.05,29.8,1.99,0.66,0.89,0.0,29,12,中恒电气(20.98%)、欣旺达(16.71%)、艾罗能源(10.14%)、鹏辉能源(8.91%)、宝光股份(7.3%)、科远智慧(5.33%)、ST南都(5.33%)、固德威(4.78%),东方国信(90.79)、特变电工(43.29)、阳光电源(38.49)、四方股份(36.09)、润建股份(35.86)、深科技(35.71)、北方国际(35.57)、新中港(29.98)
电力设备,虚拟电厂,886004.TI,d1_to_d3,2026-04-08,2026-04-14,151,0.81,-0.42,44.37,5.3,1.99,2.4,0.09,29,12,中恒电气(46.37%)、鹏辉能源(25.54%)、欣旺达(22.34%)、晶科科技(18.47%)、豫能控股(14.96%)、润建股份(14.69%)、盛弘股份(11.12%)、国能日新(11.0%),东方国信(90.79)、特变电工(43.29)、阳光电源(38.49)、四方股份(36.09)、润建股份(35.86)、深科技(35.71)、北方国际(35.57)、新中港(29.98)
电力设备,虚拟电厂,886004.TI,d2_to_d3,2026-04-10,2026-04-14,151,1.5,0.98,69.54,3.97,0.66,2.3,1.24,26,8,中恒电气(20.99%)、晶科科技(19.41%)、润建股份(15.48%)、鹏辉能源(15.27%)、豫能控股(14.0%)、国能日新(11.19%)、同力天启(8.47%)、盛弘股份(8.16%),欣旺达(134.03)、阳光电源(66.09)、鹏辉能源(38.84)、ST南都(32.15)、艾罗能源(27.86)、固德威(15.65)、豫能控股(12.28)、中恒电气(10.9)
电力设备,超级电容,885886.TI,d1_to_d2,2026-05-08,2026-05-11,39,1.16,0.54,56.41,2.56,0.0,1.87,0.54,5,3,风华高科(10.01%)、中天科技(7.24%)、宏达电子(7.1%)、江海股份(6.93%)、深科技(6.29%)、中国西电(5.29%)、法拉电子(4.63%)、北京科锐(4.07%),中天科技(73.3)、江苏国泰(28.02)、宏明电子(20.1)、北京科锐(14.45)、风华高科(13.75)、东华测试(6.84)、振华科技(6.22)、中欣氟材(4.77)
电力设备,超级电容,885886.TI,d1_to_d3,2026-05-08,2026-05-19,39,2.76,-0.23,48.72,20.51,10.26,6.36,2.84,5,3,江海股份(36.05%)、风华高科(25.13%)、深科技(21.44%)、法拉电子(20.0%)、宏达电子(17.42%)、圣泉集团(16.01%)、东方钽业(14.69%)、中欣氟材(11.09%),中天科技(73.3)、江苏国泰(28.02)、宏明电子(20.1)、北京科锐(14.45)、风华高科(13.75)、东华测试(6.84)、振华科技(6.22)、中欣氟材(4.77)
电力设备,超级电容,885886.TI,d2_to_d3,2026-05-11,2026-05-19,39,1.45,-0.19,48.72,15.38,5.13,4.58,0.95,8,4,江海股份(27.23%)、圣泉集团(21.56%)、法拉电子(14.69%)、深科技(14.26%)、东方钽业(14.08%)、风华高科(13.74%)、中欣氟材(9.69%)、宏达电子(9.64%),中天科技(97.92)、风华高科(45.14)、深科技(44.19)、中国西电(40.08)、江海股份(31.78)、宏达电子(27.66)、法拉电子(18.0)、振华科技(13.09)
电力设备,钙钛矿电池,886006.TI,d1_to_d2,2026-04-08,2026-04-20,88,6.18,4.71,84.09,20.45,4.55,7.99,5.5,18,10,沃格光电(63.23%)、帝尔激光(40.16%)、琏升科技(38.29%)、大族激光(25.96%)、杭州柯林(19.26%)、XD联赢激(18.6%)、荣旗科技(18.27%)、奥联电子(14.23%),大族激光(63.24)、华工科技(59.44)、莱特光电(41.3)、先导智能(40.8)、迈为股份(36.47)、杰普特(35.05)、大胜达(26.16)、晶科能源(25.17)
电力设备,钙钛矿电池,886006.TI,d1_to_d3,2026-04-08,2026-04-27,88,5.98,2.89,64.77,27.27,6.82,11.36,7.04,18,10,沃格光电(79.89%)、大族激光(47.84%)、欧莱新材(47.46%)、帝尔激光(46.98%)、琏升科技(34.15%)、杭州柯林(22.23%)、奥联电子(19.75%)、杰普特(19.73%),大族激光(63.24)、华工科技(59.44)、莱特光电(41.3)、先导智能(40.8)、迈为股份(36.47)、杰普特(35.05)、大胜达(26.16)、晶科能源(25.17)
电力设备,钙钛矿电池,886006.TI,d2_to_d3,2026-04-20,2026-04-27,89,-0.48,-1.2,40.45,6.74,1.12,3.73,1.82,10,3,欧莱新材(37.91%)、大族激光(17.37%)、中天科技(15.61%)、奥来德(13.52%)、杰普特(11.6%)、沃格光电(10.21%)、瑞华泰(7.8%)、中创环保(6.98%),中天科技(82.46)、国晟科技(47.71)、中利集团(45.61)、帝尔激光(43.23)、京东方Ａ(29.73)、协鑫集成(26.14)、沃格光电(23.52)、钧达股份(23.22)
电力设备,钠离子电池,885928.TI,d1_to_d2,2026-04-08,2026-04-10,135,1.77,0.75,60.0,4.44,0.74,2.57,0.84,29,15,圣阳股份(21.05%)、欣旺达(16.71%)、中国动力(15.54%)、万润新能(14.6%)、宏源药业(12.26%)、国轩高科(10.35%)、新宙邦(9.36%)、鹏辉能源(8.91%),电科蓝天(49.49)、远东股份(45.33)、先导智能(40.8)、亿纬锂能(40.06)、华友钴业(35.5)、中国动力(35.27)、威腾电气(33.39)、福斯特(33.3)
电力设备,钠离子电池,885928.TI,d1_to_d3,2026-04-08,2026-04-14,135,5.85,4.69,81.48,20.74,4.44,6.45,4.95,29,15,圣阳股份(46.49%)、海科新源(30.81%)、鹏辉能源(25.54%)、欣旺达(22.34%)、万润新能(21.47%)、华塑科技(21.12%)、维科技术(19.26%)、湖南裕能(17.86%),电科蓝天(49.49)、远东股份(45.33)、先导智能(40.8)、亿纬锂能(40.06)、华友钴业(35.5)、中国动力(35.27)、威腾电气(33.39)、福斯特(33.3)
电力设备,钠离子电池,885928.TI,d2_to_d3,2026-04-10,2026-04-14,135,3.97,2.99,85.93,7.41,2.96,4.29,2.99,29,17,海科新源(25.0%)、华塑科技(23.12%)、圣阳股份(21.02%)、维科技术(20.96%)、鹏辉能源(15.27%)、琏升科技(14.37%)、美联新材(11.71%)、华盛锂电(11.29%),欣旺达(134.03)、宁德时代(96.09)、国轩高科(63.59)、圣阳股份(59.04)、天赐材料(53.95)、亿纬锂能(52.36)、中国动力(42.53)、鹏辉能源(38.84)
电力设备,铜缆高速连接,886073.TI,d1_to_d2,2026-04-08,2026-04-09,45,2.27,1.39,64.44,11.11,0.0,2.77,1.39,10,7,胜蓝股份(14.43%)、长芯博创(12.34%)、长飞光纤(10.0%)、航天电器(10.0%)、ST美克(10.0%)、奕东电子(9.75%)、陕西华达(5.86%)、立讯精密(5.4%),长芯博创(113.69)、立讯精密(81.56)、华工科技(59.44)、鼎通科技(47.82)、汇绿生态(47.43)、华丰科技(46.64)、远东股份(45.33)、太辰光(41.56)
电力设备,铜缆高速连接,886073.TI,d1_to_d3,2026-04-08,2026-04-20,45,9.33,6.32,91.11,28.89,15.56,10.81,7.27,10,7,鑫宏业(48.38%)、陕西华达(30.8%)、ST美克(30.77%)、维峰电子(29.02%)、鼎通科技(27.44%)、立讯精密(25.75%)、长芯博创(24.22%)、凯旺科技(13.24%),长芯博创(113.69)、立讯精密(81.56)、华工科技(59.44)、鼎通科技(47.82)、汇绿生态(47.43)、华丰科技(46.64)、远东股份(45.33)、太辰光(41.56)
电力设备,铜缆高速连接,886073.TI,d2_to_d3,2026-04-09,2026-04-20,45,6.93,4.61,82.22,22.22,8.89,8.32,6.25,8,1,鑫宏业(45.0%)、维峰电子(28.99%)、鼎通科技(28.56%)、陕西华达(23.56%)、立讯精密(19.31%)、ST美克(18.88%)、通宇通讯(11.63%)、瑞可达(10.68%),长芯博创(103.2)、长飞光纤(89.99)、立讯精密(68.94)、胜蓝股份(49.08)、华工科技(46.03)、航天电器(45.23)、奕东电子(41.99)、太辰光(28.61)
电力设备,锂电池,884309.TI,d1_to_d2,2026-04-10,2026-04-16,29,5.37,3.23,93.1,10.34,3.45,6.36,4.82,6,4,维科技术(28.59%)、鹏辉能源(19.94%)、科达利(12.1%)、德福科技(9.51%)、震裕科技(9.18%)、宁德时代(9.13%)、铜冠铜箔(8.41%)、嘉元科技(7.0%),欣旺达(134.03)、宁德时代(96.09)、国轩高科(63.59)、亿纬锂能(52.36)、鹏辉能源(38.84)、ST南都(32.15)、豪鹏科技(20.93)、震裕科技(16.69)
电力设备,锂电池,884309.TI,d1_to_d3,2026-04-10,2026-04-21,29,8.68,7.6,89.66,37.93,6.9,10.26,7.84,6,4,德福科技(38.96%)、维科技术(32.35%)、中一科技(17.6%)、鹏辉能源(17.38%)、铜冠铜箔(16.23%)、震裕科技(14.38%)、先惠技术(13.36%)、科达利(12.92%),欣旺达(134.03)、宁德时代(96.09)、国轩高科(63.59)、亿纬锂能(52.36)、鹏辉能源(38.84)、ST南都(32.15)、豪鹏科技(20.93)、震裕科技(16.69)
电力设备,锂电池,884309.TI,d2_to_d3,2026-04-16,2026-04-21,29,3.11,1.96,75.86,10.34,3.45,4.28,2.13,5,2,德福科技(26.9%)、中一科技(11.46%)、先惠技术(10.14%)、德赛电池(8.57%)、铜冠铜箔(7.21%)、珠海冠宇(6.39%)、中瑞股份(4.97%)、震裕科技(4.77%),宁德时代(90.01)、鹏辉能源(60.33)、震裕科技(52.33)、科达利(32.73)、维科技术(20.94)、蔚蓝锂芯(17.74)、国轩高科(15.65)、派能科技(9.22)
电力设备,雅下水电,886105.TI,d1_to_d2,2026-04-08,2026-04-20,86,1.11,0.26,52.33,10.47,1.16,3.22,1.02,16,7,雅化集团(20.45%)、宏润建设(19.68%)、中钨高新(18.38%)、华测检测(15.61%)、通达股份(12.69%)、四方股份(11.61%)、东方电气(10.99%)、国电南自(10.7%),志特新材(67.24)、东方电气(66.96)、金盘科技(62.82)、远东股份(45.33)、特变电工(43.29)、四方股份(36.09)、徐工机械(35.86)、三一重工(34.09)
电力设备,雅下水电,886105.TI,d1_to_d3,2026-04-08,2026-05-06,86,1.1,-1.25,43.02,16.28,8.14,6.35,2.57,16,7,冰轮环境(46.72%)、四方股份(36.8%)、雅化集团(34.08%)、浙富控股(28.14%)、宏润建设(25.66%)、中钨高新(25.36%)、侨源股份(22.0%)、大唐发电(19.27%),志特新材(67.24)、东方电气(66.96)、金盘科技(62.82)、远东股份(45.33)、特变电工(43.29)、四方股份(36.09)、徐工机械(35.86)、三一重工(34.09)
电力设备,雅下水电,886105.TI,d2_to_d3,2026-04-20,2026-05-06,86,-0.07,-1.29,40.7,10.47,3.49,3.92,0.97,15,5,冰轮环境(38.38%)、四方股份(22.57%)、浙富控股(22.44%)、远东股份(17.6%)、*ST正平(17.46%)、大唐发电(15.66%)、侨源股份(13.02%)、雅化集团(11.32%),中钨高新(39.73)、通达股份(38.83)、华测检测(33.84)、远东股份(23.31)、特变电工(16.11)、宏润建设(15.89)、雪人集团(15.16)、东方电气(12.46)
电力设备,风电,885641.TI,d1_to_d2,2026-04-08,2026-04-20,409,4.36,2.89,71.15,16.63,3.91,6.11,3.82,75,43,中恒电气(50.53%)、豫能控股(43.44%)、巨力索具(37.4%)、起帆电缆(33.62%)、禾望电气(29.44%)、晶科科技(27.9%)、宝鹰股份(27.41%)、飞沃科技(26.72%),飞沃科技(87.82)、永鼎股份(70.73)、申菱环境(67.11)、东方电气(66.96)、金盘科技(62.82)、中国铝业(55.45)、远东股份(45.33)、航天发展(44.57)
电力设备,风电,885641.TI,d1_to_d3,2026-04-08,2026-05-06,407,5.63,3.67,64.86,28.01,11.06,10.74,7.91,75,43,宝光股份(54.87%)、中恒电气(54.56%)、国际复材(54.23%)、禾望电气(52.66%)、江特电机(49.67%)、起帆电缆(48.76%)、永贵电器(48.18%)、苏州高新(43.3%),飞沃科技(87.82)、永鼎股份(70.73)、申菱环境(67.11)、东方电气(66.96)、金盘科技(62.82)、中国铝业(55.45)、远东股份(45.33)、航天发展(44.57)
电力设备,风电,885641.TI,d2_to_d3,2026-04-20,2026-05-06,407,1.19,0.42,51.11,13.27,3.44,5.32,2.55,67,17,宝光股份(55.0%)、华电能源(51.09%)、华电辽能(47.63%)、江特电机(39.93%)、苏州高新(39.43%)、国际复材(36.77%)、瑞华泰(29.74%)、宏英智能(26.82%),亨通光电(108.39)、中天科技(82.46)、中复神鹰(81.6)、通光线缆(66.8)、豫能控股(65.46)、航天发展(61.66)、中国船舶(53.62)、中恒电气(48.6)
电力设备,高压快充,886001.TI,d1_to_d2,2026-04-08,2026-04-10,119,1.21,0.37,55.46,5.04,0.84,2.17,0.41,25,16,中恒电气(20.98%)、东山精密(19.71%)、欣旺达(16.71%)、鑫宏业(11.82%)、胜蓝股份(10.69%)、国轩高科(10.35%)、华锋股份(9.3%)、安洁科技(8.03%),申菱环境(67.11)、华工科技(59.44)、东山精密(52.77)、华丰科技(46.64)、特变电工(43.29)、麦格米特(38.84)、扬杰科技(37.16)、风华高科(31.08)
电力设备,高压快充,886001.TI,d1_to_d3,2026-04-08,2026-04-22,118,6.39,4.25,79.66,23.73,6.78,8.51,5.8,25,16,东山精密(55.4%)、鑫宏业(55.04%)、中恒电气(50.67%)、永贵电器(29.8%)、京泉华(24.31%)、申菱环境(23.67%)、安洁科技(21.58%)、欣旺达(21.4%),申菱环境(67.11)、华工科技(59.44)、东山精密(52.77)、华丰科技(46.64)、特变电工(43.29)、麦格米特(38.84)、扬杰科技(37.16)、风华高科(31.08)
电力设备,高压快充,886001.TI,d2_to_d3,2026-04-10,2026-04-22,118,5.0,3.81,77.12,16.1,5.08,6.99,4.88,24,11,鑫宏业(38.65%)、永贵电器(29.97%)、东山精密(29.81%)、中恒电气(24.54%)、京泉华(22.65%)、钧崴电子(21.05%)、芯朋微(18.71%)、华自科技(17.63%),欣旺达(134.03)、东山精密(125.17)、国轩高科(63.59)、申菱环境(22.15)、比亚迪(20.9)、伊戈尔(19.23)、鑫宏业(15.95)、麦格米特(11.16)
电子,AI PC,886071.TI,d1_to_d2,2026-04-08,2026-04-10,49,1.15,0.95,65.31,4.08,0.0,2.1,1.19,10,4,德明利(13.71%)、恒铭达(13.43%)、奥海科技(6.1%)、江波龙(5.37%)、佰维存储(5.15%)、豪鹏科技(5.11%)、隆利科技(4.24%)、泰嘉股份(4.05%),胜宏科技(89.65)、江波龙(64.51)、佰维存储(51.73)、通富微电(47.58)、星环科技-U(44.78)、思泉新材(38.85)、德明利(34.71)、鹏鼎控股(33.27)
电子,AI PC,886071.TI,d1_to_d3,2026-04-08,2026-04-14,49,5.16,4.47,79.59,12.24,4.08,5.49,4.47,10,4,德明利(27.29%)、佰维存储(25.44%)、江波龙(17.78%)、恒铭达(14.09%)、弘信电子(10.92%)、鹏鼎控股(10.35%)、奥海科技(9.73%)、传艺科技(9.37%),胜宏科技(89.65)、江波龙(64.51)、佰维存储(51.73)、通富微电(47.58)、星环科技-U(44.78)、思泉新材(38.85)、德明利(34.71)、鹏鼎控股(33.27)
电子,AI PC,886071.TI,d2_to_d3,2026-04-10,2026-04-14,49,3.93,3.01,93.88,8.16,0.0,4.04,3.01,10,6,佰维存储(19.29%)、德明利(11.94%)、江波龙(11.78%)、弘信电子(11.48%)、芯海科技(9.46%)、春秋电子(8.76%)、传艺科技(7.89%)、智立方(7.61%),德明利(100.95)、佰维存储(62.15)、胜宏科技(50.1)、江波龙(39.04)、豪鹏科技(20.93)、恒铭达(14.54)、领益智造(9.05)、东芯股份(7.36)
电子,AI手机,886070.TI,d1_to_d2,2026-04-08,2026-04-10,38,0.96,0.29,55.26,2.63,0.0,1.82,0.33,8,3,东山精密(19.71%)、水晶光电(6.03%)、江波龙(5.37%)、佰维存储(5.15%)、中兴通讯(5.14%)、芯原股份(3.02%)、鹏鼎控股(2.98%)、万润科技(2.86%),东方国信(90.79)、胜宏科技(89.65)、江波龙(64.51)、水晶光电(58.05)、东山精密(52.77)、佰维存储(51.73)、思泉新材(38.85)、蓝思科技(33.58)
电子,AI手机,886070.TI,d1_to_d3,2026-04-08,2026-04-14,38,3.73,1.54,76.32,13.16,5.26,4.48,1.54,8,3,佰维存储(25.44%)、东山精密(21.76%)、江波龙(17.78%)、弘信电子(10.92%)、鹏鼎控股(10.35%)、兆新股份(9.59%)、胜宏科技(8.44%)、思泉新材(7.62%),东方国信(90.79)、胜宏科技(89.65)、江波龙(64.51)、水晶光电(58.05)、东山精密(52.77)、佰维存储(51.73)、思泉新材(38.85)、蓝思科技(33.58)
电子,AI手机,886070.TI,d2_to_d3,2026-04-10,2026-04-14,38,2.71,1.54,81.58,7.89,0.0,3.12,1.54,8,5,佰维存储(19.29%)、江波龙(11.78%)、弘信电子(11.48%)、兆新股份(9.3%)、东方国信(8.12%)、鹏鼎控股(7.16%)、胜宏科技(6.98%)、思泉新材(5.11%),东山精密(125.17)、佰维存储(62.15)、胜宏科技(50.1)、江波龙(39.04)、芯原股份(29.24)、领益智造(9.05)、蓝思科技(8.18)、XD博威合(7.74)
电子,AI眼镜,886085.TI,d1_to_d2,2026-04-08,2026-04-10,181,1.15,0.51,56.91,3.31,0.55,2.15,0.6,38,19,英唐智控(25.57%)、杰美特(18.64%)、欣旺达(16.71%)、博杰股份(12.19%)、安克创新(12.03%)、立讯精密(11.31%)、宝鹰股份(9.65%)、全志科技(8.16%),立讯精密(81.56)、协创数据(71.18)、信维通信(65.01)、江波龙(64.51)、大族激光(63.24)、水晶光电(58.05)、宇瞳光学(56.84)、云天励飞-U(56.13)
电子,AI眼镜,886085.TI,d1_to_d3,2026-04-08,2026-04-14,181,3.47,1.96,71.82,12.71,2.76,4.41,2.26,38,19,杰美特(34.92%)、英唐智控(25.98%)、佰维存储(25.44%)、欣旺达(22.34%)、华盛昌(21.34%)、宝鹰股份(17.98%)、江波龙(17.78%)、信测标准(17.39%),立讯精密(81.56)、协创数据(71.18)、信维通信(65.01)、江波龙(64.51)、大族激光(63.24)、水晶光电(58.05)、宇瞳光学(56.84)、云天励飞-U(56.13)
电子,AI眼镜,886085.TI,d2_to_d3,2026-04-10,2026-04-14,181,2.29,1.21,71.82,5.52,0.55,2.78,1.31,33,11,华盛昌(21.0%)、协创数据(19.86%)、佰维存储(19.29%)、宇晶股份(16.55%)、埃科光电(14.9%)、信测标准(14.47%)、杰美特(13.72%)、聚辰股份(12.22%),欣旺达(134.03)、英唐智控(122.98)、立讯精密(83.66)、佰维存储(62.15)、全志科技(52.85)、安克创新(44.98)、江波龙(39.04)、天岳先进(31.55)
电子,MCU芯片,885925.TI,d1_to_d2,2026-04-08,2026-04-10,89,0.27,-0.28,41.57,0.0,0.0,1.1,0.0,19,5,全志科技(8.16%)、瑞芯微(6.38%)、普冉股份(6.0%)、雅创电子(5.62%)、国民技术(5.61%)、商络电子(4.99%)、晶丰明源(4.97%)、中电港(4.59%),华润微(62.17)、力源信息(49.99)、北京君正(41.07)、烽火通信(39.32)、商络电子(38.57)、思瑞浦(38.08)、兆易创新(34.61)、泰晶科技(32.57)
电子,MCU芯片,885925.TI,d1_to_d3,2026-04-08,2026-04-14,89,2.5,1.52,70.79,4.49,0.0,3.1,1.67,19,5,富满微(15.97%)、优迅股份(15.3%)、普冉股份(13.0%)、甬矽电子(11.07%)、灿芯股份(9.52%)、兆易创新(9.4%)、国民技术(9.33%)、芯海科技(8.54%),华润微(62.17)、力源信息(49.99)、北京君正(41.07)、烽火通信(39.32)、商络电子(38.57)、思瑞浦(38.08)、兆易创新(34.61)、泰晶科技(32.57)
电子,MCU芯片,885925.TI,d2_to_d3,2026-04-10,2026-04-14,90,2.16,1.63,74.44,4.44,0.0,2.48,1.67,18,5,优迅股份(14.34%)、富满微(11.06%)、甬矽电子(10.48%)、灿芯股份(10.03%)、芯海科技(9.46%)、泰晶科技(9.11%)、恒烁股份(7.82%)、普冉股份(6.6%),兆易创新(69.18)、全志科技(52.85)、万向钱潮(36.39)、芯原股份(29.24)、瑞芯微(28.41)、睿能科技(19.82)、普冉股份(19.56)、富满微(13.99)
电子,MLCC,990001.FP,d1_to_d2,2026-05-22,2026-05-25,42,3.58,4.47,69.05,14.29,4.76,5.16,4.47,8,2,龙磁科技(20.0%)、商络电子(20.0%)、云汉芯城(16.67%)、双星新材(10.02%)、横店东磁(10.01%)、博杰股份(10.0%)、风华高科(9.99%)、金时科技(9.98%),嘉德利(3959.68)、三环集团(161.58)、利和兴(115.33)、元力股份(73.18)、昀冢科技(64.71)、龙磁科技(57.33)、法拉电子(53.71)、江海股份(52.77)
电子,MLCC,990001.FP,d1_to_d3,2026-05-22,2026-05-27,42,3.8,2.44,59.52,30.95,14.29,8.64,6.86,8,2,商络电子(37.28%)、凯恩股份(23.4%)、艾华集团(22.91%)、云汉芯城(22.74%)、龙磁科技(20.77%)、横店东磁(20.37%)、双星新材(19.71%)、风华高科(17.54%),嘉德利(3959.68)、三环集团(161.58)、利和兴(115.33)、元力股份(73.18)、昀冢科技(64.71)、龙磁科技(57.33)、法拉电子(53.71)、江海股份(52.77)
电子,MLCC,990001.FP,d2_to_d3,2026-05-25,2026-05-27,42,-0.14,-1.0,45.24,9.52,0.0,3.4,0.4,9,5,商络电子(14.4%)、艾华集团(13.78%)、凯恩股份(12.21%)、XD红星发(11.56%)、横店东磁(9.42%)、江海股份(9.19%)、火炬电子(8.89%)、双星新材(8.81%),商络电子(106.19)、龙磁科技(78.05)、博迁新材(59.98)、云汉芯城(57.41)、横店东磁(45.53)、博杰股份(39.91)、洁美科技(30.89)、艾华集团(30.24)
电子,MR(混合现实),886046.TI,d1_to_d2,2026-04-08,2026-04-14,68,2.35,1.29,58.82,10.29,0.0,3.72,1.88,14,10,五方光电(17.18%)、大族激光(16.81%)、宏景科技(16.43%)、润建股份(14.69%)、立讯精密(13.14%)、光格科技(12.99%)、博杰股份(10.38%)、致尚科技(9.28%),宏景科技(101.98)、立讯精密(81.56)、大族激光(63.24)、航天发展(44.57)、润建股份(35.86)、致尚科技(35.05)、杰普特(35.05)、长盈精密(31.38)
电子,MR(混合现实),886046.TI,d1_to_d3,2026-04-08,2026-04-20,68,5.33,2.64,70.59,20.59,10.29,7.18,3.35,14,10,宏景科技(51.11%)、五方光电(29.42%)、大族激光(25.96%)、立讯精密(25.75%)、昂利康(20.9%)、博杰股份(20.38%)、中石科技(20.32%)、光格科技(19.94%),宏景科技(101.98)、立讯精密(81.56)、大族激光(63.24)、航天发展(44.57)、润建股份(35.86)、杰普特(35.05)、致尚科技(35.05)、长盈精密(31.38)
电子,MR(混合现实),886046.TI,d2_to_d3,2026-04-14,2026-04-20,68,2.79,1.76,76.47,10.29,2.94,4.1,2.23,12,3,昂利康(30.66%)、宏景科技(29.78%)、中石科技(13.26%)、福蓉科技(11.8%)、荣旗科技(11.27%)、立讯精密(11.14%)、五方光电(10.45%)、博杰股份(9.06%),宏景科技(92.74)、大族激光(61.54)、润建股份(23.21)、易天股份(22.15)、航天发展(20.57)、德邦科技(14.35)、*ST航图(12.28)、精测电子(11.36)
电子,PCB,885959.TI,d1_to_d2,2026-04-08,2026-04-14,204,5.6,4.37,81.86,21.08,4.9,6.44,4.8,40,25,泰金新能(42.13%)、宏和科技(32.13%)、大为股份(28.87%)、南亚新材(22.3%)、聚杰微纤(21.81%)、东山精密(21.76%)、生益电子(21.61%)、国际复材(20.81%),红板科技(1345.73)、芯碁微装(106.38)、沪电股份(90.25)、胜宏科技(89.65)、电连技术(84.36)、大族激光(63.24)、生益电子(61.29)、深南电路(60.12)
电子,PCB,885959.TI,d1_to_d3,2026-04-08,2026-04-17,203,9.25,7.97,89.66,37.93,11.82,10.23,8.53,40,25,泰金新能(57.02%)、宏和科技(41.97%)、东山精密(35.18%)、斯迪克(32.31%)、帝尔激光(30.57%)、乔锋智能(29.9%)、大为股份(27.68%)、三孚新科(27.01%),红板科技(1345.73)、芯碁微装(106.38)、沪电股份(90.25)、胜宏科技(89.65)、电连技术(84.36)、大族激光(63.24)、生益电子(61.29)、深南电路(60.12)
电子,PCB,885959.TI,d2_to_d3,2026-04-14,2026-04-17,203,3.51,2.22,76.35,12.32,1.48,4.1,2.59,41,16,乔锋智能(25.17%)、斯迪克(24.37%)、帝尔激光(23.91%)、洁美科技(17.34%)、欧克科技(14.7%)、博杰股份(14.64%)、瑞丰高材(14.46%)、欧科亿(14.23%),沪电股份(94.86)、大族激光(61.54)、科翔股份(59.38)、宏和科技(57.16)、胜宏科技(52.98)、泰金新能(50.6)、南亚新材(46.14)、迅捷兴(42.88)
电子,元件,881270.TI,d1_to_d2,2026-04-08,2026-04-10,57,1.44,0.97,61.4,3.51,0.0,2.58,1.23,13,6,东山精密(19.71%)、深南电路(10.32%)、超声电子(6.95%)、中富电路(6.51%)、金安国纪(6.27%)、兴森科技(5.47%)、生益电子(5.21%)、宝鼎科技(5.14%),红板科技(1345.73)、沪电股份(90.25)、胜宏科技(89.65)、生益电子(61.29)、深南电路(60.12)、东山精密(52.77)、生益科技(43.21)、迅捷兴(36.22)
电子,元件,881270.TI,d1_to_d3,2026-04-08,2026-04-14,57,7.57,5.94,92.98,29.82,7.02,7.87,6.33,13,6,南亚新材(22.3%)、东山精密(21.76%)、生益电子(21.61%)、深南电路(20.32%)、兴森科技(16.87%)、明阳电路(16.82%)、沪电股份(16.02%)、金安国纪(14.73%),红板科技(1345.73)、沪电股份(90.25)、胜宏科技(89.65)、生益电子(61.29)、深南电路(60.12)、东山精密(52.77)、生益科技(43.21)、迅捷兴(36.22)
电子,元件,881270.TI,d2_to_d3,2026-04-10,2026-04-14,57,6.06,4.94,96.49,17.54,1.75,6.26,5.22,10,10,迅捷兴(20.87%)、南亚新材(16.54%)、生益电子(15.58%)、明阳电路(15.39%)、红板科技(12.89%)、江海股份(12.24%)、弘信电子(11.48%)、科翔股份(11.08%),东山精密(125.17)、深南电路(60.42)、胜宏科技(50.1)、红板科技(49.95)、生益电子(39.84)、沪电股份(25.43)、生益科技(20.63)、兴森科技(19.29)
电子,先进封装,886009.TI,d1_to_d2,2026-04-08,2026-04-14,171,4.26,2.71,78.36,14.04,3.51,5.03,3.07,35,19,光智科技(31.17%)、沃格光电(26.28%)、利扬芯片(25.45%)、佰维存储(25.44%)、深南电路(20.32%)、洪田股份(20.15%)、卓胜微(18.09%)、江波龙(17.78%),芯碁微装(106.38)、天孚通信(76.81)、江波龙(64.51)、大族激光(63.24)、华润微(62.17)、深南电路(60.12)、华工科技(59.44)、中微公司(57.98)
电子,先进封装,886009.TI,d1_to_d3,2026-04-08,2026-04-17,171,7.29,5.26,88.3,26.9,6.43,8.2,5.97,35,19,沃格光电(48.39%)、唯特偶(44.89%)、光智科技(38.52%)、利扬芯片(35.35%)、帝尔激光(30.57%)、博杰股份(26.54%)、大族激光(23.67%)、硕贝德(21.93%),芯碁微装(106.38)、天孚通信(76.81)、江波龙(64.51)、大族激光(63.24)、华润微(62.17)、深南电路(60.12)、华工科技(59.44)、中微公司(57.98)
电子,先进封装,886009.TI,d2_to_d3,2026-04-14,2026-04-17,171,2.91,1.82,73.1,7.02,1.17,3.52,1.95,36,11,唯特偶(25.76%)、帝尔激光(23.91%)、沃格光电(17.5%)、沐曦股份-U(17.45%)、博杰股份(14.64%)、硕贝德(14.33%)、国博电子(14.3%)、凯盛科技(13.62%),佰维存储(152.52)、江波龙(72.83)、大族激光(61.54)、科翔股份(59.38)、深南电路(41.1)、生益科技(38.46)、晶方科技(34.83)、天通股份(32.74)
电子,光刻机,886054.TI,d1_to_d2,2026-05-06,2026-05-11,48,7.12,4.31,83.33,27.08,12.5,8.12,4.49,10,4,炬光科技(35.84%)、泰晶科技(33.1%)、大族激光(31.39%)、中船特气(24.03%)、中润光学(22.24%)、中瓷电子(20.09%)、沃格光电(19.81%)、永新光学(16.03%),赛微电子(103.04)、茂莱光学(65.11)、强瑞技术(26.05)、新莱应材(17.0)、同飞股份(16.82)、中瓷电子(16.44)、芯碁微装(14.25)、华特气体(13.03)
电子,光刻机,886054.TI,d1_to_d3,2026-05-06,2026-05-14,48,11.17,5.63,77.08,37.5,20.83,13.86,7.87,10,4,中船特气(82.68%)、大族激光(46.03%)、中润光学(45.0%)、炬光科技(43.19%)、泰晶科技(36.37%)、中瓷电子(29.45%)、广立微(25.51%)、美迪凯(24.97%),赛微电子(103.04)、茂莱光学(65.11)、强瑞技术(26.05)、新莱应材(17.0)、同飞股份(16.82)、中瓷电子(16.44)、芯碁微装(14.25)、华特气体(13.03)
电子,光刻机,886054.TI,d2_to_d3,2026-05-11,2026-05-14,48,3.49,1.65,64.58,18.75,2.08,5.79,3.92,10,4,中船特气(47.29%)、中润光学(18.62%)、富创精密(15.57%)、新莱应材(15.11%)、旭光电子(12.83%)、美迪凯(12.19%)、大族激光(11.14%)、百傲化学(10.86%),中船特气(100.44)、大族激光(93.47)、炬光科技(65.31)、华特气体(54.15)、中瓷电子(51.0)、珂玛科技(46.32)、沃格光电(45.16)、富乐德(39.07)
电子,光刻胶,885864.TI,d1_to_d2,2026-04-27,2026-05-06,74,3.52,1.91,68.92,12.16,2.7,4.71,2.17,13,7,聚石化学(28.51%)、华软科技(25.92%)、宝丽迪(18.75%)、格林达(16.22%)、茂莱光学(15.48%)、鼎龙股份(14.86%)、东材科技(13.81%)、斯迪克(13.26%),芯源微(103.08)、富祥股份(30.98)、芯碁微装(29.25)、聚和材料(27.7)、奥来德(26.13)、东材科技(25.58)、圣泉集团(24.52)、怡达股份(21.56)
电子,光刻胶,885864.TI,d1_to_d3,2026-04-27,2026-05-11,74,7.97,5.26,82.43,33.78,13.51,9.19,5.78,13,7,宝丽迪(40.23%)、兴福电子(39.72%)、聚石化学(37.02%)、华软科技(32.65%)、斯迪克(28.73%)、东材科技(26.98%)、格林达(24.6%)、飞凯材料(23.81%),芯源微(103.08)、富祥股份(30.98)、芯碁微装(29.25)、聚和材料(27.7)、奥来德(26.13)、东材科技(25.58)、圣泉集团(24.52)、怡达股份(21.56)
电子,光刻胶,885864.TI,d2_to_d3,2026-05-06,2026-05-11,75,4.19,3.0,86.67,12.0,2.67,4.9,3.1,16,8,兴福电子(37.06%)、飞凯材料(20.72%)、宝丽迪(18.09%)、斯迪克(13.66%)、广信材料(12.01%)、东材科技(11.57%)、阿拉丁(11.52%)、恒坤新材(10.45%),茂莱光学(65.11)、理奇智能(62.95)、斯迪克(33.3)、聚和材料(30.35)、东材科技(29.24)、雅克科技(28.81)、南大光电(28.21)、鼎龙股份(21.89)
电子,光学光电子,881122.TI,d1_to_d2,2026-04-08,2026-04-17,106,5.09,3.49,74.53,18.87,6.6,6.54,4.25,19,7,沃格光电(48.39%)、光智科技(38.52%)、彩虹股份(34.31%)、五方光电(24.19%)、长信科技(22.22%)、翰博高新(20.47%)、崧盛股份(20.36%)、民爆光电(19.63%),水晶光电(58.05)、东田微(51.46)、乾照光电(34.46)、弘景光电(32.23)、民爆光电(29.53)、合力泰(29.43)、利亚德(29.38)、华灿光电(25.77)
电子,光学光电子,881122.TI,d1_to_d3,2026-04-08,2026-04-20,106,6.18,4.06,77.36,20.75,7.55,7.91,5.0,19,7,沃格光电(63.23%)、光智科技(48.44%)、彩虹股份(47.76%)、茂莱光学(35.12%)、五方光电(29.42%)、崧盛股份(21.22%)、翰博高新(20.47%)、长信科技(20.29%),水晶光电(58.05)、东田微(51.46)、乾照光电(34.46)、弘景光电(32.23)、民爆光电(29.53)、合力泰(29.43)、利亚德(29.38)、华灿光电(25.77)
电子,光学光电子,881122.TI,d2_to_d3,2026-04-17,2026-04-20,106,0.96,0.1,52.83,3.77,0.0,1.56,0.1,20,8,茂莱光学(13.23%)、合力泰(10.07%)、彩虹股份(10.01%)、沃格光电(10.0%)、中润光学(8.68%)、乾照光电(7.93%)、水晶光电(7.37%)、光智科技(7.16%),三安光电(74.37)、茂莱光学(57.76)、凯盛科技(38.38)、合力泰(35.85)、沃格光电(33.63)、福晶科技(32.36)、东田微(31.73)、彩虹股份(30.19)
电子,共封装光学(CPO),886033.TI,d1_to_d2,2026-04-08,2026-04-10,188,1.58,0.94,61.17,4.26,1.06,3.08,1.67,39,18,英唐智控(25.57%)、沃格光电(21.01%)、东山精密(19.71%)、陕西华达(16.69%)、华懋科技(15.37%)、永鼎股份(14.66%)、德明利(13.71%)、立讯精密(11.31%),红板科技(1345.73)、中际旭创(180.14)、新易盛(141.21)、长芯博创(113.69)、工业富联(90.23)、胜宏科技(89.65)、ST臻镭(85.49)、立讯精密(81.56)
电子,共封装光学(CPO),886033.TI,d1_to_d3,2026-04-08,2026-04-14,188,5.78,4.6,82.45,22.87,5.85,6.89,5.12,39,18,泰金新能(42.13%)、德明利(27.29%)、沃格光电(26.28%)、英唐智控(25.98%)、陕西华达(25.07%)、南亚新材(22.3%)、仕佳光子(22.14%)、东山精密(21.76%),红板科技(1345.73)、中际旭创(180.14)、新易盛(141.21)、长芯博创(113.69)、工业富联(90.23)、胜宏科技(89.65)、ST臻镭(85.49)、立讯精密(81.56)
电子,共封装光学(CPO),886033.TI,d2_to_d3,2026-04-10,2026-04-14,188,4.18,3.12,82.45,11.17,2.13,4.79,3.37,36,24,泰金新能(44.0%)、华盛昌(21.0%)、迅捷兴(20.87%)、长光华芯(20.72%)、协创数据(19.86%)、广立微(16.83%)、南亚新材(16.54%)、海特高新(15.79%),东山精密(125.17)、英唐智控(122.98)、德明利(100.95)、新易盛(99.66)、中际旭创(92.8)、永鼎股份(91.69)、立讯精密(83.66)、源杰科技(58.57)
电子,半导体,881121.TI,d1_to_d2,2026-04-08,2026-04-10,172,1.14,-0.09,48.84,4.07,0.58,1.9,0.29,34,11,锴威特(21.2%)、联动科技(17.64%)、晶升股份(17.41%)、大为股份(14.62%)、德明利(13.71%)、峰岹科技(10.22%)、卓胜微(10.18%)、汇成股份(8.88%),ST臻镭(85.49)、北方华创(75.56)、澜起科技(72.93)、江波龙(64.51)、盛科通信-U(64.27)、华润微(62.17)、中微公司(57.98)、长川科技(55.05)
电子,半导体,881121.TI,d1_to_d3,2026-04-08,2026-04-14,172,4.25,2.31,80.23,11.05,4.07,4.73,2.63,34,11,锴威特(42.86%)、大为股份(28.87%)、德明利(27.29%)、利扬芯片(25.45%)、佰维存储(25.44%)、长光华芯(21.08%)、晶升股份(20.52%)、卓胜微(18.09%),ST臻镭(85.49)、北方华创(75.56)、澜起科技(72.93)、江波龙(64.51)、盛科通信-U(64.27)、华润微(62.17)、中微公司(57.98)、长川科技(55.05)
电子,半导体,881121.TI,d2_to_d3,2026-04-10,2026-04-14,172,3.04,1.9,84.88,8.14,0.58,3.28,1.94,34,13,长光华芯(20.72%)、佰维存储(19.29%)、锴威特(17.86%)、利扬芯片(16.54%)、优迅股份(14.34%)、矽电股份(12.76%)、ST臻镭(12.68%)、大为股份(12.43%),德明利(100.95)、兆易创新(69.18)、佰维存储(62.15)、源杰科技(58.57)、全志科技(52.85)、江波龙(39.04)、晶升股份(38.63)、天岳先进(31.55)
电子,半导体设备,884229.TI,d1_to_d2,2026-05-11,2026-05-15,23,11.92,9.36,95.65,47.83,13.04,12.89,10.41,4,3,晶升股份(54.7%)、富创精密(32.03%)、华海清科(29.3%)、恒运昌(18.95%)、芯源微(17.02%)、京仪装备(14.57%)、中微公司(12.84%)、华峰测控(12.09%),长川科技(197.28)、拓荆科技(57.35)、北方华创(54.33)、矽电股份(48.53)、京仪装备(40.85)、富乐德(39.07)、金海通(35.64)、中微公司(34.55)
电子,半导体设备,884229.TI,d1_to_d3,2026-05-11,2026-05-20,23,23.77,22.32,100.0,86.96,60.87,24.39,22.32,4,3,富创精密(52.56%)、晶升股份(44.14%)、华海清科(44.04%)、中科飞测(33.65%)、恒运昌(30.8%)、芯源微(30.16%)、华峰测控(30.05%)、中微公司(27.81%),长川科技(197.28)、拓荆科技(57.35)、北方华创(54.33)、矽电股份(48.53)、京仪装备(40.85)、富乐德(39.07)、金海通(35.64)、中微公司(34.55)
电子,半导体设备,884229.TI,d2_to_d3,2026-05-15,2026-05-20,23,10.92,10.81,91.3,56.52,8.7,11.36,10.81,5,1,中科飞测(24.79%)、盛美上海(20.25%)、拓荆科技(19.8%)、强一股份(17.5%)、华峰测控(16.02%)、富创精密(15.55%)、长川科技(15.3%)、中微公司(13.27%),中微公司(149.47)、富创精密(62.75)、北方华创(57.53)、拓荆科技(55.65)、富乐德(50.69)、芯源微(45.17)、华海清科(44.22)、晶升股份(37.21)
电子,华为手机,886091.TI,d1_to_d2,2026-04-10,2026-04-20,44,6.52,4.34,86.36,25.0,2.27,8.11,5.27,9,6,宏和科技(28.06%)、蜂助手(19.61%)、荣旗科技(17.64%)、弘信电子(17.34%)、银邦股份(17.1%)、合力泰(16.14%)、和胜股份(15.16%)、红板科技(14.22%),欣旺达(134.03)、立讯精密(83.66)、红板科技(49.95)、宏和科技(34.14)、和胜股份(26.43)、德赛电池(15.12)、凌云光(13.64)、国际复材(11.93)
电子,华为手机,886091.TI,d1_to_d3,2026-04-10,2026-05-06,44,11.47,6.93,70.45,43.18,22.73,16.36,11.76,9,6,方邦股份(89.71%)、宏和科技(61.38%)、国际复材(48.44%)、凯格精机(35.88%)、蜂助手(33.63%)、凌云光(30.38%)、合力泰(25.2%)、弘信电子(23.91%),欣旺达(134.03)、立讯精密(83.66)、红板科技(49.95)、宏和科技(34.14)、和胜股份(26.43)、德赛电池(15.12)、凌云光(13.64)、国际复材(11.93)
电子,华为手机,886091.TI,d2_to_d3,2026-04-20,2026-05-06,44,4.46,2.84,61.36,13.64,11.36,8.66,5.46,9,6,方邦股份(78.51%)、国际复材(36.77%)、凌云光(29.78%)、宏和科技(26.02%)、凯格精机(20.52%)、蜂助手(11.72%)、福日电子(9.34%)、景旺电子(8.42%),立讯精密(158.87)、水晶光电(46.52)、合力泰(27.19)、华勤技术(24.96)、银邦股份(11.15)、飞荣达(8.85)、广信材料(4.75)、蜂助手(3.65)
电子,存储芯片,886042.TI,d1_to_d2,2026-04-08,2026-04-10,184,1.81,0.88,59.24,4.89,1.09,2.68,1.16,36,15,英唐智控(25.57%)、沃格光电(21.01%)、天华新能(19.78%)、晶升股份(17.41%)、大为股份(14.62%)、德明利(13.71%)、博杰股份(12.19%)、柏诚股份(10.96%),红板科技(1345.73)、香农芯创(184.85)、北方华创(75.56)、澜起科技(72.93)、协创数据(71.18)、江波龙(64.51)、大族激光(63.24)、华润微(62.17)
电子,存储芯片,886042.TI,d1_to_d3,2026-04-08,2026-04-14,184,5.88,4.54,84.24,16.85,5.43,6.38,4.71,36,15,天华新能(42.14%)、大为股份(28.87%)、德明利(27.29%)、沃格光电(26.28%)、英唐智控(25.98%)、利扬芯片(25.45%)、佰维存储(25.44%)、南亚新材(22.3%),红板科技(1345.73)、香农芯创(184.85)、北方华创(75.56)、澜起科技(72.93)、协创数据(71.18)、江波龙(64.51)、大族激光(63.24)、华润微(62.17)
电子,存储芯片,886042.TI,d2_to_d3,2026-04-10,2026-04-14,185,3.94,3.0,88.11,11.35,0.0,4.26,3.11,37,19,协创数据(19.86%)、佰维存储(19.29%)、天华新能(18.67%)、广立微(16.83%)、利扬芯片(16.54%)、南亚新材(16.54%)、园林股份(13.23%)、红板科技(12.89%),英唐智控(122.98)、德明利(100.95)、天华新能(84.88)、兆易创新(69.18)、佰维存储(62.15)、深南电路(60.42)、全志科技(52.85)、红板科技(49.95)
电子,消费电子,881124.TI,d1_to_d2,2026-04-08,2026-04-10,91,2.11,0.97,71.43,6.59,0.0,2.82,1.18,19,10,杰美特(18.64%)、奥尼电子(16.15%)、恒铭达(13.43%)、安克创新(12.03%)、立讯精密(11.31%)、胜蓝股份(10.69%)、奕东电子(8.9%)、可川科技(8.72%),工业富联(90.23)、电连技术(84.36)、立讯精密(81.56)、协创数据(71.18)、信维通信(65.01)、智动力(49.62)、利通电子(44.45)、硕贝德(40.78)
电子,消费电子,881124.TI,d1_to_d3,2026-04-08,2026-04-14,91,4.59,3.02,86.81,8.79,2.2,5.18,3.15,19,10,奥尼电子(45.88%)、杰美特(34.92%)、恒铭达(14.09%)、利通电子(13.57%)、立讯精密(13.14%)、鸿日达(12.62%)、安克创新(10.15%)、智动力(10.02%),工业富联(90.23)、电连技术(84.36)、立讯精密(81.56)、协创数据(71.18)、信维通信(65.01)、智动力(49.62)、利通电子(44.45)、硕贝德(40.78)
电子,消费电子,881124.TI,d2_to_d3,2026-04-10,2026-04-14,91,2.41,1.26,73.63,4.4,1.1,2.75,1.26,19,6,奥尼电子(25.59%)、协创数据(19.86%)、杰美特(13.72%)、利通电子(10.0%)、春秋电子(8.76%)、鸿日达(8.28%)、传艺科技(7.89%)、易天股份(7.65%),立讯精密(83.66)、安克创新(44.98)、奥尼电子(35.2)、杰美特(28.89)、工业富联(28.36)、苏州天脉(18.93)、可川科技(17.38)、歌尔股份(16.07)
电子,芯片,885756.TI,d1_to_d2,2026-04-08,2026-04-10,845,0.71,0.0,49.11,2.72,0.36,1.83,0.21,154,72,英唐智控(25.57%)、锴威特(21.2%)、沃格光电(21.01%)、天华新能(19.78%)、东山精密(19.71%)、联动科技(17.64%)、晶升股份(17.41%)、亚翔集成(16.36%),红板科技(1345.73)、香农芯创(184.85)、中际旭创(180.14)、新易盛(141.21)、长芯博创(113.69)、芯碁微装(106.38)、晓程科技(101.2)、沪电股份(90.25)
电子,芯片,885756.TI,d1_to_d3,2026-04-08,2026-04-14,845,3.08,1.69,70.65,10.53,2.01,4.11,2.21,154,72,锴威特(42.86%)、天华新能(42.14%)、宏和科技(32.13%)、大为股份(28.87%)、德明利(27.29%)、沃格光电(26.28%)、英唐智控(25.98%)、利扬芯片(25.45%),红板科技(1345.73)、香农芯创(184.85)、中际旭创(180.14)、新易盛(141.21)、长芯博创(113.69)、芯碁微装(106.38)、晓程科技(101.2)、沪电股份(90.25)
电子,芯片,885756.TI,d2_to_d3,2026-04-10,2026-04-14,846,2.33,1.58,76.24,5.44,0.35,2.88,1.66,148,62,兴图新科(20.79%)、宏和科技(20.72%)、长光华芯(20.72%)、协创数据(19.86%)、佰维存储(19.29%)、天华新能(18.67%)、锴威特(17.86%)、宏昌电子(17.55%),东山精密(125.17)、英唐智控(122.98)、德明利(100.95)、新易盛(99.66)、中际旭创(92.8)、永鼎股份(91.69)、天华新能(84.88)、立讯精密(83.66)
电子,英伟达,886048.TI,d1_to_d2,2026-04-08,2026-04-10,76,0.47,-0.22,47.37,2.63,0.0,1.63,0.14,11,4,奥尼电子(16.15%)、博杰股份(12.19%)、英维克(8.25%)、浪潮信息(7.69%)、天孚通信(6.5%)、和林微纳(5.83%)、晶丰明源(4.97%)、中电港(4.59%),工业富联(90.23)、胜宏科技(89.65)、天孚通信(76.81)、协创数据(71.18)、顺网科技(67.33)、罗博特科(60.59)、汉得信息(56.69)、英维克(49.57)
电子,英伟达,886048.TI,d1_to_d3,2026-04-08,2026-04-14,76,3.02,1.45,67.11,7.89,1.32,4.02,1.89,11,4,奥尼电子(45.88%)、英维克(19.99%)、宏昌电子(16.8%)、利通电子(13.57%)、弘信电子(10.92%)、博杰股份(10.38%)、光线传媒(9.49%)、浪潮信息(8.47%),工业富联(90.23)、胜宏科技(89.65)、天孚通信(76.81)、协创数据(71.18)、顺网科技(67.33)、罗博特科(60.59)、汉得信息(56.69)、英维克(49.57)
电子,英伟达,886048.TI,d2_to_d3,2026-04-10,2026-04-14,76,2.53,1.75,73.68,9.21,1.32,3.17,1.85,13,7,奥尼电子(25.59%)、协创数据(19.86%)、宏昌电子(17.55%)、鸿博股份(11.55%)、弘信电子(11.48%)、英维克(10.84%)、利通电子(10.0%)、青云科技-U(8.75%),英维克(55.6)、胜宏科技(50.1)、天孚通信(45.38)、奥尼电子(35.2)、浪潮信息(33.2)、工业富联(28.36)、掌趣科技(18.92)、拓普集团(16.37)
通信,6G,886037.TI,d1_to_d2,2026-04-08,2026-04-14,92,3.57,1.96,72.83,13.04,2.17,4.69,2.79,17,8,沃格光电(26.28%)、陕西华达(25.07%)、中材科技(18.23%)、卓胜微(18.09%)、铖昌科技(16.96%)、兴森科技(16.87%)、明阳电路(16.82%)、震有科技(13.59%),ST臻镭(85.49)、信维通信(65.01)、华工科技(59.44)、平治信息(59.3)、光迅科技(52.33)、东田微(51.46)、力源信息(49.99)、中国卫星(42.58)
通信,6G,886037.TI,d1_to_d3,2026-04-08,2026-04-17,92,6.51,4.35,83.7,25.0,6.52,7.66,5.31,17,8,沃格光电(48.39%)、陕西华达(29.07%)、硕贝德(21.93%)、国博电子(21.54%)、中瓷电子(20.44%)、兴森科技(20.23%)、光迅科技(18.9%)、中贝通信(17.75%),ST臻镭(85.49)、信维通信(65.01)、华工科技(59.44)、平治信息(59.3)、光迅科技(52.33)、东田微(51.46)、力源信息(49.99)、中国卫星(42.58)
通信,6G,886037.TI,d2_to_d3,2026-04-14,2026-04-17,92,2.83,1.81,76.09,5.43,0.0,3.48,2.23,17,9,沃格光电(17.5%)、硕贝德(14.33%)、国博电子(14.3%)、中贝通信(14.29%)、灿勤科技(11.62%)、翱捷科技-U(9.7%)、信维通信(9.25%)、共进股份(9.05%),信维通信(68.13)、ST臻镭(68.07)、信科移动-U(53.05)、通宇通讯(36.08)、中国卫星(33.81)、震有科技(32.93)、卓胜微(29.85)、瑞可达(29.76)
通信,光纤,886084.TI,d1_to_d2,2026-04-08,2026-04-17,101,6.54,4.54,78.22,34.65,10.89,9.07,6.63,20,15,长光华芯(37.43%)、东山精密(35.18%)、陕西华达(29.07%)、鼎通科技(27.93%)、仕佳光子(27.3%)、源杰科技(27.09%)、长芯博创(26.0%)、永鼎股份(24.29%),长芯博创(113.69)、天孚通信(76.81)、永鼎股份(70.73)、大族激光(63.24)、罗博特科(60.59)、东山精密(52.77)、光迅科技(52.33)、仕佳光子(52.18)
通信,光纤,886084.TI,d1_to_d3,2026-04-08,2026-04-20,101,8.78,7.14,88.12,38.61,14.85,10.69,8.4,20,15,东山精密(30.93%)、陕西华达(30.8%)、光电股份(29.86%)、长光华芯(29.54%)、科瑞技术(29.45%)、鼎通科技(27.44%)、仕佳光子(26.86%)、永贵电器(26.42%),长芯博创(113.69)、天孚通信(76.81)、永鼎股份(70.73)、大族激光(63.24)、罗博特科(60.59)、东山精密(52.77)、光迅科技(52.33)、仕佳光子(52.18)
通信,光纤,886084.TI,d2_to_d3,2026-04-17,2026-04-20,101,2.28,1.56,69.31,4.95,0.0,2.82,1.56,19,7,通光线缆(13.91%)、中利集团(10.05%)、云南锗业(10.0%)、有研新材(10.0%)、汇源通信(10.0%)、光电股份(9.99%)、魅视科技(9.99%)、中天科技(9.99%),东山精密(115.63)、天孚通信(87.17)、光迅科技(84.36)、云南锗业(78.63)、长光华芯(76.64)、仕佳光子(76.62)、光库科技(74.14)、源杰科技(70.84)
通信,星闪,886055.TI,d1_to_d2,2026-05-06,2026-05-11,69,4.75,3.99,86.96,11.59,2.9,5.31,4.0,15,4,三旺通信(28.54%)、国科微(23.95%)、荣联科技(12.97%)、九联科技(12.31%)、金卡智能(11.21%)、有方科技(10.97%)、奥尼电子(10.19%)、瀛通通讯(10.03%),中电港(50.06)、中兴通讯(38.49)、国科微(38.16)、华勤技术(31.12)、力源信息(19.74)、星宸科技(17.08)、奥尼电子(16.19)、润和软件(15.63)
通信,星闪,886055.TI,d1_to_d3,2026-05-06,2026-06-02,69,-4.33,-6.95,28.99,8.7,4.35,10.81,8.12,15,4,国科微(65.43%)、力源信息(31.37%)、奥尼电子(24.42%)、北部湾港(15.73%)、华勤技术(13.48%)、九联科技(11.25%)、瀛通通讯(9.79%)、*ST康佳A(9.42%),中电港(50.06)、中兴通讯(38.49)、国科微(38.16)、华勤技术(31.12)、力源信息(19.74)、星宸科技(17.08)、奥尼电子(16.19)、润和软件(15.63)
通信,星闪,886055.TI,d2_to_d3,2026-05-11,2026-06-02,69,-8.8,-10.66,15.94,5.8,2.9,5.38,2.54,13,2,国科微(33.47%)、力源信息(21.57%)、奥尼电子(12.92%)、北部湾港(10.2%)、华勤技术(8.49%)、*ST康佳A(8.01%)、欧菲光(5.78%)、歌尔股份(3.77%),国科微(59.06)、三旺通信(37.15)、中电港(29.33)、有方科技(29.14)、翱捷科技-U(21.48)、九联科技(13.34)、中科蓝讯(11.37)、芯海科技(11.31)
通信,通信服务,881162.TI,d1_to_d2,2026-05-11,2026-05-13,44,3.06,0.84,63.64,9.09,2.27,3.83,0.96,7,1,线上线下(44.0%)、润建股份(13.05%)、吴通控股(12.25%)、ST通脉(10.29%)、平治信息(9.26%)、顺网科技(7.53%)、宜通世纪(6.58%)、铜牛信息(6.37%),吴通控股(44.82)、数据港(40.42)、三维通信(23.63)、首都在线(23.51)、中国联通(22.14)、蜂助手(20.74)、世纪鼎利(5.89)、中国电信(4.96)
通信,通信设备,881129.TI,d1_to_d2,2026-04-08,2026-04-17,87,5.74,3.92,75.86,24.14,9.2,7.73,5.42,18,12,剑桥科技(30.25%)、鼎通科技(27.93%)、仕佳光子(27.3%)、长芯博创(26.0%)、永鼎股份(24.29%)、中际旭创(23.67%)、联特科技(22.88%)、中瓷电子(20.44%),中际旭创(180.14)、新易盛(141.21)、长芯博创(113.69)、天孚通信(76.81)、永鼎股份(70.73)、剑桥科技(64.47)、光迅科技(52.33)、仕佳光子(52.18)
通信,通信设备,881129.TI,d1_to_d3,2026-04-08,2026-04-22,87,9.76,7.81,81.61,39.08,18.39,11.75,9.0,18,12,剑桥科技(54.35%)、仕佳光子(47.74%)、鼎通科技(37.58%)、永鼎股份(37.01%)、长芯博创(35.31%)、中瓷电子(34.28%)、致尚科技(30.62%)、中际旭创(28.84%),中际旭创(180.14)、新易盛(141.21)、长芯博创(113.69)、天孚通信(76.81)、永鼎股份(70.73)、剑桥科技(64.47)、光迅科技(52.33)、仕佳光子(52.18)
通信,通信设备,881129.TI,d2_to_d3,2026-04-17,2026-04-22,87,3.72,2.63,70.11,14.94,2.3,4.87,3.02,16,6,致尚科技(25.85%)、中天科技(23.74%)、剑桥科技(18.51%)、亨通光电(18.2%)、仕佳光子(16.05%)、世嘉科技(15.07%)、万马科技(14.6%)、烽火通信(14.19%),新易盛(148.02)、中际旭创(93.71)、天孚通信(87.17)、光迅科技(84.36)、仕佳光子(76.62)、光库科技(74.14)、长芯博创(60.07)、剑桥科技(58.16)
