anchor_pair,visibility,condition,n,unique_stocks,unique_sectors,avg_ret,med_ret,win_rate_pct,ret_ge10_pct,ret_ge20_pct,top20_ret_capture_pct,avg_peak,med_peak,peak_ge10_pct,peak_ge20_pct,med_max_drawdown
all,start_only,all,30908,3098,61,2.94,1.43,65.68,11.41,3.2,20.24,4.69,2.18,13.96,3.93,-1.89
all,start_only,weighted_top20,6493,1169,61,4.69,2.9,73.43,18.54,5.54,32.08,6.58,3.97,21.78,6.78,-2.14
all,start_only,high_start,3551,994,61,3.98,2.29,67.47,18.67,6.14,27.23,6.62,3.68,22.05,7.63,-2.61
all,start_only,double_red_hits>=2,26535,2277,61,3.11,1.53,66.99,11.78,3.3,20.95,4.81,2.29,14.32,4.01,-1.87
all,start_only,double_red_hits>=3,21512,1614,61,3.36,1.7,68.72,12.46,3.54,22.12,5.03,2.55,14.99,4.24,-1.86
all,start_only,pct_start>=5,9744,1404,61,3.97,2.04,69.18,15.25,4.51,25.56,5.54,2.8,17.54,5.36,-2.01
all,start_only,amount_start>=10,6333,640,61,4.77,3.07,72.95,19.74,6.22,31.19,6.86,4.17,23.7,7.41,-2.22
all,start_only,weighted_top20+high,1677,545,61,4.4,2.44,67.62,21.11,7.33,30.59,7.07,4.1,24.69,8.94,-2.81
all,start_only,weighted_top20+double_red_hits>=2,6005,952,61,4.85,3.02,74.6,18.75,5.58,32.64,6.67,4.08,22.1,6.69,-2.09
all,start_only,weighted_top20+double_red_hits>=3,5330,742,61,4.98,3.19,75.72,19.19,5.53,33.56,6.75,4.19,22.4,6.62,-2.07
all,start_only,start_only_rule,5794,923,61,4.92,3.11,74.78,19.3,5.73,33.26,6.78,4.18,22.59,6.96,-2.09
all,start_plus_next,next_rel_strong,11199,2163,61,6.23,4.08,85.98,21.16,6.49,38.9,7.91,5.03,25.43,7.95,-0.98
all,start_plus_next,weighted_top20+next_rel_strong,3058,699,61,7.91,5.62,88.85,29.37,8.99,50.36,9.66,6.83,34.24,11.12,-1.21
all,start_plus_next,high+next_rel_strong,1738,522,61,7.15,4.71,84.98,28.48,9.32,41.48,9.49,6.38,33.37,11.45,-1.77
all,start_plus_next,double_red_hits>=3+next_rel_strong,8206,1155,61,6.53,4.41,86.86,22.29,6.78,40.86,8.18,5.34,26.5,8.14,-1.01
all,start_plus_next,start_plus_next_rule,2802,573,61,8.03,5.69,89.26,29.91,9.1,51.03,9.79,6.95,34.9,11.13,-1.23
d1_to_d2,start_only,all,10227,3054,59,1.67,0.49,56.33,6.53,1.47,20.23,2.94,0.85,7.56,1.67,-1.7
d1_to_d2,start_only,weighted_top20,2154,701,59,3.11,1.64,67.64,11.42,3.11,33.75,4.48,2.4,13.23,3.62,-1.64
d1_to_d2,start_only,high_start,897,418,59,3.03,1.88,63.66,15.38,4.91,28.76,5.31,3.22,17.61,5.57,-2.3
d1_to_d2,start_only,double_red_hits>=2,8994,2183,58,1.77,0.56,57.62,6.57,1.48,21.0,2.98,0.95,7.56,1.63,-1.68
d1_to_d2,start_only,double_red_hits>=3,7570,1544,56,1.94,0.66,59.45,6.88,1.57,22.25,3.11,1.09,7.87,1.69,-1.65
d1_to_d2,start_only,pct_start>=5,4406,1227,59,2.2,0.81,60.35,7.94,1.91,24.65,3.31,1.11,8.94,2.07,-1.61
d1_to_d2,start_only,amount_start>=10,2108,508,59,2.98,1.77,67.5,12.67,3.32,31.55,4.68,2.6,15.09,3.75,-1.62
d1_to_d2,start_only,weighted_top20+high,394,206,56,3.53,2.17,62.94,18.02,7.11,34.26,5.82,3.12,21.07,8.12,-2.4
d1_to_d2,start_only,weighted_top20+double_red_hits>=2,2027,602,58,3.22,1.7,68.82,11.3,3.16,34.29,4.5,2.42,13.12,3.55,-1.61
d1_to_d2,start_only,weighted_top20+double_red_hits>=3,1870,501,56,3.3,1.77,69.79,11.44,3.1,35.56,4.53,2.55,13.05,3.42,-1.55
d1_to_d2,start_only,start_only_rule,1976,575,59,3.27,1.85,69.23,11.79,3.24,35.12,4.59,2.55,13.61,3.69,-1.58
d1_to_d2,start_plus_next,next_rel_strong,3550,1176,59,4.79,3.39,84.45,14.7,3.55,44.28,5.89,4.04,16.99,4.06,-0.42
d1_to_d2,start_plus_next,weighted_top20+next_rel_strong,1036,350,58,6.0,4.63,87.16,20.08,5.31,55.41,7.1,5.14,23.26,6.27,-0.49
d1_to_d2,start_plus_next,high+next_rel_strong,502,206,57,5.32,3.87,81.47,21.12,6.37,41.63,7.19,4.89,24.5,7.37,-1.41
d1_to_d2,start_plus_next,double_red_hits>=3+next_rel_strong,2805,692,55,4.84,3.45,85.42,14.58,3.49,46.13,5.94,4.12,16.86,3.81,-0.38
d1_to_d2,start_plus_next,start_plus_next_rule,978,305,58,6.05,4.67,87.73,20.25,5.32,56.34,7.12,5.22,23.42,6.13,-0.48
d1_to_d3,start_only,all,10106,3034,57,4.47,2.54,70.12,18.08,5.83,20.25,6.78,3.83,22.27,7.1,-2.7
d1_to_d3,start_only,weighted_top20,2130,690,57,7.28,5.33,80.89,28.64,10.0,33.76,9.69,6.73,34.27,12.44,-3.05
d1_to_d3,start_only,high_start,845,382,57,6.42,4.47,72.9,30.3,11.72,28.52,10.41,7.31,36.57,15.03,-4.04
d1_to_d3,start_only,double_red_hits>=2,8891,2165,56,4.72,2.79,72.01,18.64,5.88,21.05,6.93,4.07,22.81,7.16,-2.63
d1_to_d3,start_only,double_red_hits>=3,7489,1533,54,5.04,3.11,73.98,19.63,6.17,22.34,7.19,4.47,23.73,7.45,-2.61
d1_to_d3,start_only,pct_start>=5,4385,1219,57,5.62,3.64,77.92,21.23,6.8,25.15,7.46,4.78,24.79,8.26,-2.55
d1_to_d3,start_only,amount_start>=10,2069,497,57,7.36,5.26,79.02,30.16,11.65,32.14,9.95,6.75,36.06,14.11,-3.23
d1_to_d3,start_only,weighted_top20+high,375,192,54,7.34,5.46,75.73,32.27,13.87,32.8,11.5,7.97,38.67,17.6,-4.35
d1_to_d3,start_only,weighted_top20+double_red_hits>=2,2004,590,56,7.47,5.62,82.09,28.94,9.88,34.38,9.77,7.07,34.73,12.18,-2.98
d1_to_d3,start_only,weighted_top20+double_red_hits>=3,1854,495,54,7.59,5.74,83.12,29.61,9.82,35.33,9.83,7.22,35.28,11.97,-2.92
d1_to_d3,start_only,start_only_rule,1954,564,57,7.54,5.69,82.19,29.58,10.13,34.95,9.94,7.22,35.36,12.54,-2.99
d1_to_d3,start_plus_next,next_rel_strong,3512,1165,57,8.78,6.49,84.91,33.06,12.27,37.24,11.35,8.32,40.18,14.86,-2.77
d1_to_d3,start_plus_next,weighted_top20+next_rel_strong,1029,347,56,10.96,8.47,89.89,42.18,15.74,48.59,13.48,10.2,50.63,19.83,-3.05
d1_to_d3,start_plus_next,high+next_rel_strong,484,196,55,9.5,8.17,84.71,40.08,14.88,38.02,13.12,9.74,48.35,18.8,-3.57
d1_to_d3,start_plus_next,double_red_hits>=3+next_rel_strong,2770,683,53,9.18,6.99,86.61,34.77,12.42,39.28,11.55,8.57,41.55,14.87,-2.67
d1_to_d3,start_plus_next,start_plus_next_rule,971,302,56,11.12,8.73,90.73,42.84,15.76,49.33,13.63,10.36,51.49,19.67,-2.98
d2_to_d3,start_only,all,10575,3078,59,2.69,1.62,70.48,9.77,2.37,20.26,4.37,2.22,12.2,3.08,-1.22
d2_to_d3,start_only,weighted_top20,2209,915,59,3.74,2.18,71.89,15.75,3.62,28.84,5.62,3.39,18.06,4.39,-1.62
d2_to_d3,start_only,high_start,1809,853,59,3.3,1.91,66.83,14.87,4.15,25.87,5.49,2.88,17.47,5.2,-1.91
d2_to_d3,start_only,double_red_hits>=2,8650,2129,58,2.83,1.68,71.58,10.14,2.53,20.79,4.53,2.35,12.62,3.24,-1.22
d2_to_d3,start_only,double_red_hits>=3,6453,1432,54,3.09,1.86,73.52,10.68,2.79,21.73,4.78,2.6,13.19,3.52,-1.22
d2_to_d3,start_only,pct_start>=5,953,460,59,4.59,2.86,69.78,21.51,5.98,31.69,7.03,4.33,23.92,7.24,-2.31
d2_to_d3,start_only,amount_start>=10,2156,563,59,4.04,2.84,72.45,16.65,3.85,29.92,6.03,3.8,20.27,4.55,-1.72
d2_to_d3,start_only,weighted_top20+high,908,438,59,3.57,1.83,66.3,17.84,4.74,28.08,5.78,3.27,20.48,5.73,-2.0
d2_to_d3,start_only,weighted_top20+double_red_hits>=2,1974,739,58,3.87,2.34,72.95,16.06,3.7,29.18,5.76,3.56,18.49,4.36,-1.63
d2_to_d3,start_only,weighted_top20+double_red_hits>=3,1606,561,54,3.93,2.46,74.1,16.19,3.42,29.2,5.79,3.57,18.43,4.17,-1.61
d2_to_d3,start_only,start_only_rule,1864,713,59,3.92,2.38,72.91,16.47,3.76,29.51,5.79,3.55,18.72,4.56,-1.62
d2_to_d3,start_plus_next,next_rel_strong,4137,1782,59,5.3,3.52,88.2,16.61,4.11,35.68,6.73,4.22,20.16,5.41,-0.23
d2_to_d3,start_plus_next,weighted_top20+next_rel_strong,993,484,59,6.73,4.55,89.53,25.78,5.84,46.93,8.38,5.83,28.7,7.15,-0.16
d2_to_d3,start_plus_next,high+next_rel_strong,752,403,59,6.87,4.28,87.5,25.93,7.71,43.62,8.7,5.57,29.65,9.44,-0.38
d2_to_d3,start_plus_next,double_red_hits>=3+next_rel_strong,2631,884,54,5.55,3.68,88.67,17.37,4.33,36.91,7.04,4.43,20.94,5.66,-0.32
d2_to_d3,start_plus_next,start_plus_next_rule,853,380,59,6.78,4.66,89.33,26.26,5.86,46.89,8.47,5.87,29.19,7.15,-0.12
