sw_l1,rank,code,name,pct_0408,amount_0408,weighted_0408,double_red_hits,double_red_sectors,high_0408,pct_0409,amount_0409,sw_pct_0409,rel_0409,ret_5d_from_0409,ret_10d_from_0409
电力设备,1,920011.BJ,晨光电机,87.35,5.12,197.65,0,,历史新高,,,-0.57,,,
电力设备,2,301232.SZ,飞沃科技,20.0,19.28,87.82,1,风电,,-4.46,15.0,-0.57,-3.89,23.33,26.59
电力设备,3,600875.SH,东方电气,9.99,44.93,66.96,7,储能、光伏、可控核聚变、氢能源、燃料电池、雅下水电、风电,,0.03,40.59,-0.57,0.6,9.74,14.38
电力设备,4,688676.SH,金盘科技,14.53,18.69,62.82,5,储能、光伏、电网设备、雅下水电、风电,,4.59,20.1,-0.57,5.16,2.14,9.15
电力设备,5,600869.SH,远东股份,10.01,20.51,45.33,13,储能、光伏、光纤、可控核聚变、固态电池、液冷服务器、特高压、电网设备、芯片、钠离子电池、铜缆高速连接、雅下水电、风电,历史新高,0.95,20.74,-0.57,1.52,-10.08,3.38
电力设备,6,600089.SH,特变电工,6.19,48.9,43.29,7,储能、光伏、特高压、虚拟电厂、雅下水电、风电、高压快充,,-0.71,33.76,-0.57,-0.14,4.56,3.55
电力设备,7,688392.SH,XD骄成超,16.07,6.54,41.1,5,先进封装、固态电池、液冷服务器、电池、芯片,20日新高,-0.71,3.19,-0.57,-0.14,-0.27,8.41
电力设备,8,300450.SZ,先导智能,7.07,33.31,40.8,10,PCB、TOPCON电池、储能、光伏、固态电池、氢能源、燃料电池、电池、钙钛矿电池、钠离子电池,,-1.24,19.72,-0.57,-0.67,6.72,13.52
电力设备,9,601179.SH,中国西电,6.95,33.33,40.12,7,储能、光伏、可控核聚变、特高压、电网设备、芯片、风电,,-1.37,21.66,-0.57,-0.8,10.45,14.12
电力设备,10,300014.SZ,亿纬锂能,5.88,46.41,40.06,6,储能、固态电池、氢能源、燃料电池、电池、钠离子电池,,1.34,41.44,-0.57,1.91,9.02,10.38
电力设备,11,002851.SZ,麦格米特,9.29,17.48,38.84,6,储能、光伏、芯片、英伟达、风电、高压快充,,0.07,16.21,-0.57,0.64,1.91,3.79
电力设备,12,300274.SZ,阳光电源,3.85,99.95,38.49,6,储能、光伏、光伏设备、氢能源、虚拟电厂、风电,,-2.51,73.79,-0.57,-1.94,8.16,8.64
电力设备,13,300751.SZ,迈为股份,6.82,28.6,36.47,6,先进封装、光伏、光伏设备、存储芯片、芯片、钙钛矿电池,,-6.66,39.03,-0.57,-6.09,8.87,7.73
电力设备,14,601126.SH,四方股份,9.65,13.99,36.09,8,储能、光伏、氢能源、特高压、电网设备、虚拟电厂、雅下水电、风电,,0.07,10.11,-0.57,0.64,6.21,19.42
电力设备,15,600482.SH,中国动力,7.86,20.13,35.27,6,储能、固态电池、氢能源、燃料电池、钠离子电池、风电,,5.03,17.76,-0.57,5.6,6.09,14.96
电力设备,16,002335.SZ,科华数据,8.82,15.22,34.41,4,储能、光伏、氢能源、液冷服务器,,2.05,17.98,-0.57,2.62,5.6,14.91
电力设备,17,002202.SZ,金风科技,4.15,65.61,33.62,4,储能、氢能源、特高压、风电,,0.0,50.59,-0.57,0.57,4.82,7.8
电力设备,18,688226.SH,威腾电气,10.93,9.33,33.39,6,储能、光伏、共封装光学(CPO)、电网设备、钠离子电池、风电,120日新高,-2.02,6.7,-0.57,-1.45,3.6,14.11
电力设备,19,603806.SH,福斯特,9.72,11.74,33.3,6,PCB、储能、光伏、光伏设备、固态电池、钠离子电池,,-4.27,7.59,-0.57,-3.7,-1.02,2.37
电力设备,20,300870.SZ,欧陆通,8.07,16.19,32.47,3,储能、光伏、液冷服务器,,3.23,23.84,-0.57,3.8,18.16,19.0
电子,1,603459.SH,红板科技,225.99,35.46,1345.73,5,PCB、元件、共封装光学(CPO)、存储芯片、芯片,历史新高,-12.88,25.22,0.49,-13.37,36.64,17.49
电子,2,300475.SZ,香农芯创,20.0,85.42,184.85,2,存储芯片、芯片,,-0.43,79.1,0.49,-0.92,6.27,5.99
电子,3,002463.SZ,沪电股份,10.0,81.45,90.25,3,PCB、元件、芯片,,2.11,87.03,0.49,1.62,9.97,24.21
电子,4,601138.SH,工业富联,7.66,138.75,90.23,5,共封装光学(CPO)、消费电子、液冷服务器、芯片、英伟达,20日新高,-2.81,85.83,0.49,-3.3,7.82,23.45
电子,5,300476.SZ,胜宏科技,7.93,127.82,89.65,9,AI PC、AI手机、PCB、储能、元件、光伏、共封装光学(CPO)、芯片、英伟达,,-2.75,95.74,0.49,-3.24,9.16,19.4
电子,6,688270.SH,ST臻镭,15.1,32.05,85.49,4,6G、共封装光学(CPO)、半导体、芯片,,-4.27,21.39,0.49,-4.76,18.68,6.98
电子,7,300679.SZ,电连技术,19.99,17.81,84.36,2,PCB、消费电子,20日新高,9.74,28.59,0.49,9.25,-1.91,-3.81
电子,8,002475.SZ,立讯精密,8.02,103.42,81.56,7,AI眼镜、MR(混合现实)、共封装光学(CPO)、消费电子、液冷服务器、芯片、铜缆高速连接,20日新高,5.4,163.01,0.49,4.91,9.73,23.02
电子,9,002371.SZ,北方华创,9.41,64.47,75.56,4,光伏、半导体、存储芯片、芯片,,1.91,43.8,0.49,1.42,0.15,0.46
电子,10,688008.SH,澜起科技,8.84,68.07,72.93,3,半导体、存储芯片、芯片,,-0.03,51.92,0.49,-0.52,8.5,14.75
电子,11,300857.SZ,协创数据,11.67,37.2,71.18,6,AI眼镜、共封装光学(CPO)、存储芯片、消费电子、芯片、英伟达,,0.11,22.13,0.49,-0.38,38.03,11.25
电子,12,300136.SZ,信维通信,8.57,57.54,65.01,4,6G、AI眼镜、消费电子、芯片,,-2.93,38.79,0.49,-3.42,9.15,30.43
电子,13,301308.SZ,江波龙,8.88,52.78,64.51,7,AI PC、AI手机、AI眼镜、先进封装、半导体、存储芯片、芯片,,0.49,45.98,0.49,-0.0,14.3,10.04
电子,14,688702.SH,盛科通信-U,14.24,20.37,64.27,2,半导体、芯片,历史新高,0.67,16.8,0.49,0.18,2.29,14.58
电子,15,688396.SH,华润微,12.98,22.94,62.17,7,MCU芯片、储能、先进封装、共封装光学(CPO)、半导体、存储芯片、芯片,,-1.24,14.58,0.49,-1.73,-0.91,6.38
电子,16,688183.SH,生益电子,11.91,26.48,61.29,3,PCB、元件、共封装光学(CPO),20日新高,-1.76,15.68,0.49,-2.25,18.33,27.65
电子,17,002916.SZ,深南电路,10.0,36.14,60.12,5,PCB、元件、先进封装、存储芯片、芯片,,2.31,36.9,0.49,1.82,11.17,23.99
电子,18,002273.SZ,水晶光电,9.99,33.76,58.05,5,AI手机、AI眼镜、储能、光学光电子、共封装光学(CPO),,6.85,44.56,0.49,6.36,-2.19,11.19
电子,19,688012.SH,中微公司,8.21,49.87,57.98,4,先进封装、半导体、存储芯片、芯片,,1.14,42.34,0.49,0.65,-0.87,-1.95
电子,20,300604.SZ,长川科技,9.69,32.27,55.05,3,半导体、存储芯片、芯片,,2.83,30.34,0.49,2.34,14.82,15.95
通信,1,300308.SZ,中际旭创,11.07,264.8,180.14,4,共封装光学(CPO)、液冷服务器、芯片、通信设备,历史新高,0.71,172.49,1.01,-0.3,16.82,29.43
通信,2,300502.SZ,新易盛,9.33,229.06,141.21,3,共封装光学(CPO)、芯片、通信设备,历史新高,-2.29,146.98,1.01,-3.3,9.69,24.14
通信,3,300548.SZ,长芯博创,13.96,66.32,113.69,5,光纤、共封装光学(CPO)、芯片、通信设备、铜缆高速连接,历史新高,12.34,69.94,1.01,11.33,4.05,16.86
通信,4,300394.SZ,天孚通信,6.19,153.98,76.81,5,先进封装、光纤、共封装光学(CPO)、英伟达、通信设备,,2.94,167.29,1.01,1.93,2.5,0.92
通信,5,600105.SH,永鼎股份,10.0,50.03,70.73,6,光纤、共封装光学(CPO)、可控核聚变、芯片、通信设备、风电,历史新高,4.24,63.72,1.01,3.23,13.94,40.01
通信,6,300442.SZ,润泽科技,9.31,49.62,65.58,1,液冷服务器,,0.44,41.58,1.01,-0.57,9.73,9.83
通信,7,300738.SZ,奥飞数据,12.04,29.2,65.06,2,光伏、芯片,,-1.86,13.51,1.01,-2.87,14.53,8.43
通信,8,603083.SH,剑桥科技,10.0,41.56,64.47,3,共封装光学(CPO)、液冷服务器、通信设备,,3.59,49.6,1.01,2.58,14.31,42.22
通信,9,300571.SZ,平治信息,19.99,8.8,59.3,4,6G、储能、共封装光学(CPO)、芯片,,-4.51,8.69,1.01,-5.52,3.69,5.55
通信,10,603881.SH,数据港,10.01,32.75,57.28,1,液冷服务器,,-0.64,32.73,1.01,-1.65,7.9,-0.49
通信,11,300383.SZ,光环新网,8.67,39.75,54.66,1,液冷服务器,,-1.8,24.88,1.01,-2.81,7.44,0.74
通信,12,002281.SZ,光迅科技,6.39,67.07,52.33,6,6G、光纤、共封装光学(CPO)、液冷服务器、芯片、通信设备,,10.0,93.81,1.01,8.99,-1.74,21.82
通信,13,688313.SH,仕佳光子,8.0,42.55,52.18,4,光纤、共封装光学(CPO)、芯片、通信设备,,8.27,61.34,1.01,7.26,7.39,30.21
通信,14,688668.SH,鼎通科技,11.99,15.91,47.82,5,光纤、液冷服务器、英伟达、通信设备、铜缆高速连接,20日新高,-0.87,9.61,1.01,-1.88,26.15,43.28
通信,15,300570.SZ,太辰光,6.89,36.39,41.56,5,光纤、共封装光学(CPO)、芯片、通信设备、铜缆高速连接,,4.34,43.45,1.01,3.33,4.86,5.25
通信,16,600498.SH,烽火通信,5.0,61.83,39.32,8,6G、MCU芯片、光纤、共封装光学(CPO)、液冷服务器、特高压、芯片、通信设备,,7.22,73.72,1.01,6.21,-11.5,0.11
通信,17,688387.SH,信科移动-U,10.51,13.09,38.03,3,6G、芯片、通信设备,,1.64,12.57,1.01,0.63,12.06,14.19
通信,18,002902.SZ,铭普光磁,10.0,12.92,35.94,6,储能、光伏、共封装光学(CPO)、芯片、通信设备、铜缆高速连接,,-1.84,21.32,1.01,-2.85,6.21,-6.28
通信,19,688205.SH,德科立,5.86,37.48,35.88,4,光纤、共封装光学(CPO)、芯片、通信设备,历史新高,-2.02,36.25,1.01,-3.03,-0.9,-0.3
通信,20,002929.SZ,润建股份,10.0,12.86,35.86,4,MR(混合现实)、储能、光伏、虚拟电厂,,2.84,18.47,1.01,1.83,21.72,6.49
