code,name,sw_l1,pct_event,amount_event,weighted_event,weighted_top20,high_event,double_red_hits,high_or_dr3,pct_div,sw_pct_div,rel_div,divergence_path,rel_strong,strategy1_score,strategy1_full,reflow_on_obs,reflow_sectors_obs,pct_obs,amount_obs,high_obs,event_sectors
300308.SZ,中际旭创,通信,6.98,438.81,146.22,1,历史新高,4,1,0.39,0.07,0.32,抗住且相对强,1,3,1,1,通信设备,-7.81,583.25,,共封装光学(CPO)、液冷服务器、芯片、通信设备
002384.SZ,东山精密,电子,6.19,265.54,100.87,1,,6,1,6.17,2.26,3.91,抗住且相对强,1,3,1,1,光纤,-6.89,194.66,,AI手机、PCB、元件、光纤、共封装光学(CPO)、芯片
601869.SH,长飞光纤,通信,8.87,93.84,85.92,1,历史新高,5,1,2.45,0.07,2.38,抗住且相对强,1,3,1,1,光纤、通信设备,-3.12,94.13,历史新高,光纤、共封装光学(CPO)、芯片、通信设备、铜缆高速连接
300088.SZ,长信科技,电子,12.67,42.57,82.67,1,3年新高,3,1,4.08,2.26,1.82,抗住且相对强,1,3,1,1,光伏、光学光电子,-0.71,33.46,3年新高,AI手机、光伏、光学光电子
600487.SH,亨通光电,通信,10.0,63.33,79.58,1,历史新高,6,1,7.04,0.07,6.97,抗住且相对强,1,3,1,1,6G、光纤、通信设备,-1.79,247.42,历史新高,6G、光纤、共封装光学(CPO)、液冷服务器、芯片、通信设备
000100.SZ,TCL科技,电子,7.0,114.97,75.06,1,,4,1,3.8,2.26,1.54,抗住且相对强,1,3,1,1,光伏、光学光电子,-0.61,93.95,60日新高,AI眼镜、光伏、光学光电子、芯片
688048.SH,长光华芯,电子,7.72,75.53,67.09,1,,5,1,2.33,2.26,0.07,抗住且相对强,1,3,1,1,光纤,-5.46,59.11,,光纤、共封装光学(CPO)、半导体、可控核聚变、芯片
600522.SH,中天科技,通信,4.87,189.63,67.06,1,,12,1,2.4,0.07,2.33,抗住且相对强,1,3,1,1,6G、光伏、光纤、通信设备、钙钛矿电池,0.02,192.01,历史新高,6G、PCB、PET铜箔、光伏、光纤、共封装光学(CPO)、可控核聚变、液冷服务器、芯片、通信设备、钙钛矿电池、铜缆高速连接
603083.SH,剑桥科技,通信,6.72,94.56,65.35,1,,3,1,0.77,0.07,0.7,抗住且相对强,1,3,1,1,通信设备,-5.95,68.95,,共封装光学(CPO)、液冷服务器、通信设备
603986.SH,兆易创新,电子,3.69,288.39,62.66,1,,5,1,7.53,2.26,5.27,抗住且相对强,1,3,1,1,光伏,-7.8,275.65,,MCU芯片、光伏、半导体、存储芯片、芯片
688079.SH,美迪凯,电子,12.86,18.76,55.7,1,历史新高,5,1,5.46,2.26,3.2,抗住且相对强,1,3,1,1,光学光电子,-2.35,15.9,,AI眼镜、先进封装、光刻机、光学光电子、芯片
605358.SH,立昂微,电子,7.89,46.82,53.99,1,,5,1,10.0,2.26,7.74,抗住且相对强,1,3,1,1,光伏,4.49,67.71,3年新高,光伏、共封装光学(CPO)、半导体、存储芯片、芯片
600105.SH,永鼎股份,通信,4.64,121.22,51.09,1,,5,1,4.56,0.07,4.49,抗住且相对强,1,3,1,1,光纤、通信设备,2.08,120.66,历史新高,光纤、共封装光学(CPO)、可控核聚变、芯片、通信设备
300323.SZ,华灿光电,电子,8.66,31.51,48.61,1,,4,1,8.82,2.26,6.56,抗住且相对强,1,3,1,1,光学光电子,-2.0,31.56,,AI眼镜、光学光电子、共封装光学(CPO)、芯片
300398.SZ,飞凯材料,电子,8.64,29.61,47.01,1,,6,1,7.1,2.26,4.84,抗住且相对强,1,3,1,1,光伏、光纤,-0.27,28.5,,先进封装、光伏、光刻胶、光纤、存储芯片、芯片
600869.SH,远东股份,电力设备,6.41,51.15,45.84,1,历史新高,7,1,-1.49,-1.96,0.47,补跌但相对强,1,3,1,1,光伏、光纤,7.58,49.48,历史新高,PET铜箔、光伏、光纤、可控核聚变、液冷服务器、芯片、铜缆高速连接
002056.SZ,横店东磁,电力设备,7.17,32.26,40.72,1,历史新高,5,1,6.98,-1.96,8.94,抗住且相对强,1,3,1,1,光伏、钙钛矿电池,-0.88,32.45,,BC电池、MLCC、TOPCON电池、光伏、钙钛矿电池
002980.SZ,华盛昌,电力设备,9.16,18.64,39.55,1,,3,1,3.93,-1.96,5.89,抗住且相对强,1,3,1,1,光伏,-1.66,16.12,,AI眼镜、光伏、共封装光学(CPO)
600498.SH,烽火通信,通信,5.09,60.29,39.52,1,,7,1,1.4,0.07,1.33,抗住且相对强,1,3,1,1,6G、光纤、通信设备,7.07,118.33,,6G、MCU芯片、光纤、共封装光学(CPO)、液冷服务器、芯片、通信设备
300570.SZ,太辰光,通信,4.94,61.94,38.88,1,,5,1,1.7,0.07,1.63,抗住且相对强,1,3,1,1,光纤、通信设备,-1.92,46.05,,光纤、共封装光学(CPO)、芯片、通信设备、铜缆高速连接
300136.SZ,信维通信,电子,3.95,91.41,37.77,1,,3,1,2.51,2.26,0.25,抗住且相对强,1,3,1,1,6G,8.5,133.2,,6G、AI眼镜、芯片
301577.SZ,美信科技,通信,13.97,5.23,31.95,1,历史新高,1,1,2.33,0.07,2.26,抗住且相对强,1,3,1,1,通信设备,4.11,5.48,历史新高,通信设备
000725.SZ,京东方Ａ,电子,2.19,209.85,31.72,1,,7,1,10.02,2.26,7.76,抗住且相对强,1,3,1,1,光伏、光学光电子、光纤、钙钛矿电池,4.55,356.85,3年新高,AI眼镜、先进封装、光伏、光学光电子、光纤、芯片、钙钛矿电池
603618.SH,杭电股份,电力设备,3.57,46.69,24.39,1,历史新高,3,1,-0.39,-1.96,1.57,补跌但相对强,1,3,1,1,光伏、光纤,-4.29,40.64,历史新高,PET铜箔、光伏、光纤
300241.SZ,瑞丰光电,电子,6.28,9.64,19.5,1,20日新高,1,1,2.76,2.26,0.5,抗住且相对强,1,3,1,1,光学光电子,-3.18,10.3,3年新高,光学光电子
688800.SH,瑞可达,电子,4.78,16.03,19.14,1,,4,1,8.01,2.26,5.75,抗住且相对强,1,3,1,1,6G、光伏,-6.59,21.63,,6G、光伏、液冷服务器、铜缆高速连接
002897.SZ,意华股份,通信,3.4,28.78,18.24,1,历史新高,6,1,5.43,0.07,5.36,抗住且相对强,1,3,1,1,6G、光伏、通信设备,-4.89,21.03,,6G、光伏、共封装光学(CPO)、液冷服务器、通信设备、铜缆高速连接
688106.SH,金宏气体,电子,5.58,10.21,17.83,1,,4,1,5.06,2.26,2.8,抗住且相对强,1,3,1,1,光伏,-4.28,8.93,,光伏、可控核聚变、存储芯片、芯片
300476.SZ,胜宏科技,电子,1.25,192.29,17.33,1,,7,1,3.76,2.26,1.5,抗住且相对强,1,3,1,1,光伏,-7.59,192.75,,AI手机、PCB、元件、光伏、共封装光学(CPO)、芯片、英伟达
688668.SH,鼎通科技,通信,4.23,15.74,16.78,1,,5,1,20.0,0.07,19.93,抗住且相对强,1,3,1,1,光纤、通信设备,9.26,38.65,历史新高,光纤、液冷服务器、英伟达、通信设备、铜缆高速连接
600198.SH,大唐电信,通信,10.06,2.77,16.74,1,,4,1,4.4,0.07,4.33,抗住且相对强,1,3,1,1,通信设备,-3.03,6.25,,MCU芯片、半导体、芯片、通信设备
600703.SH,三安光电,电子,2.31,51.86,16.64,1,,6,1,9.99,2.26,7.73,抗住且相对强,1,3,1,1,光伏、光学光电子,-0.88,78.93,,AI眼镜、先进封装、光伏、光学光电子、共封装光学(CPO)、芯片
002456.SZ,欧菲光,电子,3.15,22.4,14.91,1,60日新高,2,1,2.34,2.26,0.08,抗住且相对强,1,3,1,1,光学光电子,-1.89,20.89,,AI眼镜、光学光电子
300346.SZ,南大光电,电子,2.98,22.12,14.02,1,,4,1,3.48,2.26,1.22,抗住且相对强,1,3,1,1,光伏,8.44,65.34,,光伏、光刻胶、存储芯片、芯片
002815.SZ,崇达技术,电子,3.03,18.36,12.98,1,,6,1,4.83,2.26,2.57,抗住且相对强,1,3,1,1,6G,-0.22,25.14,3年新高,6G、PCB、元件、先进封装、共封装光学(CPO)、芯片
300316.SZ,晶盛机电,电力设备,3.0,16.57,12.21,1,,7,1,1.24,-1.96,3.2,抗住且相对强,1,3,1,1,光伏,-0.24,18.27,,AI眼镜、BC电池、TOPCON电池、先进封装、光伏、存储芯片、芯片
688378.SH,奥来德,电子,5.8,4.4,12.17,1,,3,1,20.0,2.26,17.74,抗住且相对强,1,3,1,1,钙钛矿电池,0.52,13.6,历史新高,AI眼镜、光刻胶、钙钛矿电池
688147.SH,微导纳米,电力设备,3.58,11.24,12.0,1,,9,1,2.85,-1.96,4.81,抗住且相对强,1,3,1,1,光伏、钙钛矿电池,-5.91,8.92,,BC电池、TOPCON电池、先进封装、光伏、半导体、半导体设备、存储芯片、芯片、钙钛矿电池
688008.SH,澜起科技,电子,7.13,234.01,109.07,1,,3,1,2.27,2.26,0.01,抗住且相对强,1,3,1,0,,-7.81,170.72,,半导体、存储芯片、芯片
688268.SH,华特气体,电子,20.0,26.75,103.44,1,,4,1,15.5,2.26,13.24,抗住且相对强,1,3,1,0,,-3.39,27.63,20日新高,光刻机、光刻胶、存储芯片、芯片
688082.SH,盛美上海,电子,12.39,36.42,74.77,1,,5,1,6.94,2.26,4.68,抗住且相对强,1,3,1,0,,-7.21,20.27,,先进封装、半导体、半导体设备、存储芯片、芯片
300319.SZ,麦捷科技,电子,10.3,33.3,59.44,1,历史新高,6,1,8.23,2.26,5.97,抗住且相对强,1,3,1,0,,14.43,58.89,历史新高,AI眼镜、元件、共封装光学(CPO)、存储芯片、芯片、英伟达
601231.SH,环旭电子,电子,10.01,20.1,44.88,1,,3,1,4.91,2.26,2.65,抗住且相对强,1,3,1,0,,-6.77,33.89,,AI眼镜、共封装光学(CPO)、芯片
002859.SZ,洁美科技,电子,7.86,28.42,41.9,1,历史新高,3,1,8.84,2.26,6.58,抗住且相对强,1,3,1,0,,-8.3,30.65,,MLCC、PET铜箔、可控核聚变
301611.SZ,珂玛科技,电子,9.56,17.86,40.4,1,,4,1,10.42,2.26,8.16,抗住且相对强,1,3,1,0,,0.02,20.6,,光刻机、半导体、存储芯片、芯片
688525.SH,佰维存储,电子,3.49,130.35,39.85,1,,6,1,8.7,2.26,6.44,抗住且相对强,1,3,1,0,,-8.88,155.08,,AI手机、AI眼镜、先进封装、半导体、存储芯片、芯片
002484.SZ,江海股份,电子,4.95,53.09,36.07,1,历史新高,3,1,10.0,2.26,7.74,抗住且相对强,1,3,1,0,,-6.59,76.24,,MLCC、元件、可控核聚变
300285.SZ,国瓷材料,电子,3.46,84.23,31.75,1,历史新高,2,1,5.84,2.26,3.58,抗住且相对强,1,3,1,0,,1.84,90.15,历史新高,共封装光学(CPO)、芯片
603005.SH,晶方科技,电子,4.92,37.88,30.28,1,,5,1,9.99,2.26,7.73,抗住且相对强,1,3,1,0,,2.74,62.13,3年新高,先进封装、光刻机、光刻胶、半导体、芯片
688820.SH,盛合晶微,电子,3.56,69.73,29.73,1,,4,1,2.45,2.26,0.19,抗住且相对强,1,3,1,0,,-9.47,63.81,,先进封装、半导体、存储芯片、芯片
300604.SZ,长川科技,电子,3.19,67.99,26.3,1,,4,1,4.25,2.26,1.99,抗住且相对强,1,3,1,0,,-7.44,64.67,,半导体、半导体设备、存储芯片、芯片
000021.SZ,深科技,电子,3.01,72.91,25.7,1,,4,1,3.6,2.26,1.34,抗住且相对强,1,3,1,0,,-3.91,52.46,,先进封装、共封装光学(CPO)、存储芯片、芯片
688233.SH,神工股份,电子,8.4,9.31,25.63,1,,3,1,3.37,2.26,1.11,抗住且相对强,1,3,1,0,,-1.91,6.92,,半导体、存储芯片、芯片
688347.SH,华虹公司,电子,2.98,73.38,25.53,1,,3,1,4.61,2.26,2.35,抗住且相对强,1,3,1,0,,-6.97,73.14,,半导体、存储芯片、芯片
301308.SZ,江波龙,电子,2.5,101.31,25.16,1,,6,1,6.75,2.26,4.49,抗住且相对强,1,3,1,0,,-8.53,113.73,,AI手机、AI眼镜、先进封装、半导体、存储芯片、芯片
300054.SZ,鼎龙股份,电子,4.39,30.24,24.14,1,,4,1,4.25,2.26,1.99,抗住且相对强,1,3,1,0,,-4.96,26.27,,先进封装、光刻胶、存储芯片、芯片
300903.SZ,科翔股份,电子,5.44,19.07,23.76,1,,6,1,5.4,2.26,3.14,抗住且相对强,1,3,1,0,,-2.24,21.29,,PCB、元件、先进封装、共封装光学(CPO)、存储芯片、芯片
002409.SZ,雅克科技,电子,3.8,27.91,20.08,1,,5,1,3.5,2.26,1.24,抗住且相对强,1,3,1,0,,-2.36,29.84,,先进封装、光刻胶、半导体、存储芯片、芯片
000823.SZ,超声电子,电子,4.69,17.14,19.42,1,3年新高,4,1,2.53,2.26,0.27,抗住且相对强,1,3,1,0,,1.15,17.52,历史新高,AI眼镜、PCB、元件、共封装光学(CPO)
001309.SZ,德明利,电子,2.15,78.34,19.03,1,,4,1,10.0,2.26,7.74,抗住且相对强,1,3,1,0,,-7.4,106.54,,共封装光学(CPO)、半导体、存储芯片、芯片
688200.SH,华峰测控,电子,4.46,16.64,18.19,1,,3,1,13.05,2.26,10.79,抗住且相对强,1,3,1,0,,-2.97,14.45,,半导体、半导体设备、芯片
688545.SH,兴福电子,电子,5.05,12.67,17.98,1,,4,1,14.01,2.26,11.75,抗住且相对强,1,3,1,0,,-4.12,14.67,,先进封装、光刻胶、存储芯片、芯片
688371.SH,菲沃泰,电子,6.27,7.79,17.5,1,,3,1,6.14,2.26,3.88,抗住且相对强,1,3,1,0,,-3.06,4.91,,AI眼镜、共封装光学(CPO)、液冷服务器
002951.SZ,金时科技,电力设备,5.62,8.54,16.42,1,3年新高,1,1,9.98,-1.96,11.94,抗住且相对强,1,3,1,0,,-10.0,3.6,,MLCC
688126.SH,沪硅产业,电子,2.31,43.39,15.22,1,,3,1,14.12,2.26,11.86,抗住且相对强,1,3,1,0,,-1.25,50.32,,半导体、存储芯片、芯片
688432.SH,有研硅,电子,5.82,6.23,14.53,1,,3,1,7.43,2.26,5.17,抗住且相对强,1,3,1,0,,-3.07,5.11,,半导体、存储芯片、芯片
600353.SH,旭光电子,电子,3.53,16.13,14.18,1,,4,1,9.98,2.26,7.72,抗住且相对强,1,3,1,0,,-0.53,23.53,历史新高,先进封装、光刻机、可控核聚变、芯片
688484.SH,南芯科技,电子,5.37,6.54,13.73,1,,6,1,3.0,2.26,0.74,抗住且相对强,1,3,1,0,,-2.93,4.16,,AI手机、AI眼镜、MCU芯片、半导体、液冷服务器、芯片
688783.SH,西安奕材-U,电子,3.85,11.99,13.33,1,,4,1,9.11,2.26,6.85,抗住且相对强,1,3,1,0,,-4.8,10.58,,MCU芯片、半导体、存储芯片、芯片
301458.SZ,钧崴电子,电子,3.09,14.95,11.95,1,历史新高,2,1,10.55,2.26,8.29,抗住且相对强,1,3,1,0,,11.24,18.82,历史新高,元件、英伟达
300661.SZ,圣邦股份,电子,2.46,22.43,11.65,1,,4,1,3.71,2.26,1.45,抗住且相对强,1,3,1,0,,-4.87,18.25,,共封装光学(CPO)、半导体、存储芯片、芯片
688498.SH,源杰科技,电子,16.41,105.52,168.57,1,历史新高,4,1,-2.21,2.26,-4.47,补跌且弱于行业,0,2,0,1,光纤,-3.87,99.2,历史新高,光纤、共封装光学(CPO)、半导体、芯片
300394.SZ,天孚通信,通信,8.84,301.57,153.51,1,历史新高,5,1,-3.4,0.07,-3.47,补跌且弱于行业,0,2,0,1,光纤、通信设备,-4.88,224.74,,先进封装、光纤、共封装光学(CPO)、英伟达、通信设备
300502.SZ,新易盛,通信,4.72,337.14,86.67,1,历史新高,3,1,-0.81,0.07,-0.88,补跌且弱于行业,0,2,0,1,通信设备,-3.6,341.65,历史新高,共封装光学(CPO)、芯片、通信设备
300433.SZ,蓝思科技,电子,7.66,125.6,85.85,1,历史新高,5,1,-1.69,2.26,-3.95,补跌且弱于行业,0,2,0,1,光伏,4.51,102.99,历史新高,AI手机、AI眼镜、TOPCON电池、光伏、液冷服务器
688313.SH,仕佳光子,通信,9.29,78.12,82.11,1,,4,1,-2.02,0.07,-2.09,补跌且弱于行业,0,2,0,1,光纤、通信设备,-5.23,56.21,,光纤、共封装光学(CPO)、芯片、通信设备
002851.SZ,麦格米特,电力设备,6.78,105.86,69.76,1,历史新高,3,1,-2.45,-1.96,-0.49,补跌且弱于行业,0,2,0,1,光伏,-4.94,63.53,,光伏、芯片、英伟达
002281.SZ,光迅科技,通信,4.13,205.95,59.27,1,,6,1,-1.54,0.07,-1.61,补跌且弱于行业,0,2,0,1,6G、光纤、通信设备,3.18,169.78,,6G、光纤、共封装光学(CPO)、液冷服务器、芯片、通信设备
300620.SZ,光库科技,通信,5.32,92.36,51.13,1,历史新高,4,1,-5.28,0.07,-5.35,补跌且弱于行业,0,2,0,1,光纤、通信设备,0.33,78.06,历史新高,光纤、共封装光学(CPO)、芯片、通信设备
300331.SZ,苏大维格,电子,11.15,18.81,48.36,1,,4,1,0.31,2.26,-1.95,上涨但弱于行业,0,2,0,1,光伏、光学光电子,1.16,12.66,历史新高,光伏、光刻机、光学光电子、芯片
688167.SH,炬光科技,电子,8.23,33.74,47.8,1,,8,1,-4.67,2.26,-6.93,补跌且弱于行业,0,2,0,1,光纤,-2.12,21.51,,先进封装、光刻机、光纤、共封装光学(CPO)、半导体、可控核聚变、存储芯片、芯片
688322.SH,奥比中光-W,电子,8.75,28.94,47.07,1,,3,1,2.04,2.26,-0.22,上涨但弱于行业,0,2,0,1,光学光电子,10.05,43.41,历史新高,光学光电子、芯片、英伟达
301419.SZ,阿莱德,通信,12.21,10.94,40.39,1,历史新高,4,1,-5.16,0.07,-5.23,补跌且弱于行业,0,2,0,1,通信设备,-1.42,6.23,,共封装光学(CPO)、存储芯片、液冷服务器、通信设备
300292.SZ,吴通控股,通信,10.04,15.05,38.95,1,,2,0,-3.15,0.07,-3.22,补跌且弱于行业,0,1,0,1,光纤,5.31,13.5,,光纤、共封装光学(CPO)
002222.SZ,福晶科技,电子,5.71,45.98,38.72,1,,3,1,-1.82,2.26,-4.08,补跌且弱于行业,0,2,0,1,光学光电子、光纤,-2.88,28.63,,光学光电子、光纤、共封装光学(CPO)
300516.SZ,久之洋,电子,20.0,3.29,36.28,1,,2,0,6.78,2.26,4.52,抗住且相对强,1,2,0,1,光纤,-2.94,9.59,20日新高,光纤、芯片
603236.SH,移远通信,通信,10.0,11.86,34.44,1,20日新高,6,1,-2.55,0.07,-2.62,补跌且弱于行业,0,2,0,1,6G、通信设备,1.88,11.43,20日新高,6G、AI眼镜、MCU芯片、芯片、英伟达、通信设备
300548.SZ,长芯博创,通信,4.39,59.43,33.84,1,,5,1,-6.08,0.07,-6.15,补跌且弱于行业,0,2,0,1,光纤、通信设备,-4.78,43.96,,光纤、共封装光学(CPO)、芯片、通信设备、铜缆高速连接
688195.SH,DR腾景科,电子,6.12,29.47,33.22,1,,6,1,-3.78,2.26,-6.04,补跌且弱于行业,0,2,0,1,光学光电子、光纤,2.16,29.26,,AI眼镜、光刻机、光学光电子、光纤、共封装光学(CPO)、芯片
600460.SH,士兰微,电子,5.06,42.85,33.12,1,,5,1,1.79,2.26,-0.47,上涨但弱于行业,0,2,0,1,光伏,-3.88,32.41,,MCU芯片、先进封装、光伏、半导体、芯片
301329.SZ,信音电子,电子,10.75,9.41,32.98,1,历史新高,2,1,-1.74,2.26,-4.0,补跌且弱于行业,0,2,0,1,光伏、光纤,-9.42,5.72,,光伏、光纤
688027.SH,国盾量子,通信,6.28,25.1,31.46,1,,2,0,-4.28,0.07,-4.35,补跌且弱于行业,0,1,0,1,通信设备,-2.92,11.52,,芯片、通信设备
688143.SH,长盈通,通信,6.17,25.68,31.27,1,历史新高,4,1,-2.85,0.07,-2.92,补跌且弱于行业,0,2,0,1,光纤、通信设备,-2.05,12.67,,光纤、共封装光学(CPO)、芯片、通信设备
603738.SH,泰晶科技,电子,4.95,27.57,25.99,1,,7,1,-0.98,2.26,-3.24,补跌且弱于行业,0,2,0,1,6G,-1.9,15.81,,6G、AI眼镜、MCU芯片、元件、光刻机、共封装光学(CPO)、芯片
300077.SZ,国民技术,电子,5.65,20.66,25.68,1,,5,1,-2.06,2.26,-4.32,补跌且弱于行业,0,2,0,1,光伏,-2.77,10.87,,MCU芯片、光伏、共封装光学(CPO)、半导体、芯片
300373.SZ,扬杰科技,电子,4.26,35.77,25.48,1,,5,1,-0.3,2.26,-2.56,补跌且弱于行业,0,2,0,1,光伏,-2.49,23.79,,AI眼镜、光伏、半导体、芯片、英伟达
688261.SH,东微半导,电子,8.42,8.64,24.75,1,,4,1,0.33,2.26,-1.93,上涨但弱于行业,0,2,0,1,光伏,-9.42,7.26,,光伏、半导体、液冷服务器、芯片
600363.SH,联创光电,电子,7.11,10.93,23.51,1,,2,0,-2.68,2.26,-4.94,补跌且弱于行业,0,1,0,1,光伏,1.03,8.86,,光伏、可控核聚变
002796.SZ,世嘉科技,通信,7.0,10.35,22.52,1,,3,1,-6.93,0.07,-7.0,补跌且弱于行业,0,2,0,1,6G、通信设备,-3.95,6.85,,6G、共封装光学(CPO)、通信设备
600206.SH,有研新材,电子,4.63,23.1,22.25,1,,5,1,0.99,2.26,-1.27,上涨但弱于行业,0,2,0,1,光纤,-0.78,19.27,,先进封装、光纤、半导体、存储芯片、芯片
605117.SH,德业股份,电力设备,3.81,28.64,20.39,1,,1,0,-2.64,-1.96,-0.68,补跌且弱于行业,0,1,0,1,光伏,-6.56,26.6,,光伏
688205.SH,德科立,通信,3.62,28.24,19.24,1,,4,1,-2.93,0.07,-3.0,补跌且弱于行业,0,2,0,1,光纤、通信设备,-3.1,22.93,,光纤、共封装光学(CPO)、芯片、通信设备
605111.SH,新洁能,电子,4.27,19.99,19.09,1,,4,1,-1.36,2.26,-3.62,补跌且弱于行业,0,2,0,1,光伏,-5.8,16.93,,先进封装、光伏、半导体、芯片
002371.SZ,北方华创,电子,2.0,88.58,18.82,1,,5,1,1.98,2.26,-0.28,上涨但弱于行业,0,2,0,1,光伏,-3.77,49.28,,光伏、半导体、半导体设备、存储芯片、芯片
300782.SZ,卓胜微,电子,3.19,33.0,18.33,1,,4,1,0.29,2.26,-1.97,上涨但弱于行业,0,2,0,1,6G,-0.08,23.41,,6G、先进封装、半导体、芯片
002137.SZ,实益达,电子,10.05,3.13,17.78,1,60日新高,4,1,1.35,2.26,-0.91,上涨但弱于行业,0,2,0,1,光伏、光学光电子,-1.8,12.17,,先进封装、光伏、光学光电子、芯片
688496.SH,*ST清越,电子,19.53,0.66,15.87,1,,2,0,-13.73,2.26,-15.99,补跌且弱于行业,0,1,0,1,光学光电子,-10.61,0.26,,AI眼镜、光学光电子
920045.BJ,蘅东光,通信,4.27,12.37,15.02,1,,3,1,,0.07,,unknown,0,2,0,1,光纤、通信设备,-4.32,7.21,,光纤、共封装光学(CPO)、通信设备
301165.SZ,锐捷网络,通信,4.14,13.13,15.0,1,,4,1,-2.41,0.07,-2.48,补跌且弱于行业,0,2,0,1,6G、通信设备,-1.53,7.47,,6G、共封装光学(CPO)、液冷服务器、通信设备
600707.SH,彩虹股份,电子,3.27,19.25,14.35,1,,1,0,5.09,2.26,2.83,抗住且相对强,1,2,0,1,光学光电子,6.94,46.34,,光学光电子
301285.SZ,鸿日达,电子,5.62,6.11,13.89,1,,2,0,0.16,2.26,-2.1,上涨但弱于行业,0,1,0,1,光伏,-1.35,3.82,,光伏、芯片
600345.SH,长江通信,通信,3.71,12.87,13.31,1,,2,0,1.1,0.07,1.03,抗住且相对强,1,2,0,1,光纤、通信设备,3.23,11.99,,光纤、通信设备
001269.SZ,欧晶科技,电力设备,6.02,4.59,12.9,1,120日新高,2,1,-3.57,-1.96,-1.61,补跌且弱于行业,0,2,0,1,光伏,-1.2,3.07,,光伏、芯片
688663.SH,新风光,电力设备,5.21,5.71,12.45,1,,2,0,-0.94,-1.96,1.02,补跌但相对强,1,2,0,1,光伏,-4.98,3.61,,光伏、可控核聚变
688270.SH,ST臻镭,电子,3.99,9.38,12.22,1,,4,1,-2.56,2.26,-4.82,补跌且弱于行业,0,2,0,1,6G,6.84,11.35,,6G、共封装光学(CPO)、半导体、芯片
688387.SH,信科移动-U,通信,3.69,10.65,12.04,1,,3,1,-2.27,0.07,-2.34,补跌且弱于行业,0,2,0,1,6G、通信设备,6.59,19.18,,6G、芯片、通信设备
000636.SZ,风华高科,电子,1.05,120.95,11.55,0,历史新高,6,1,4.89,2.26,2.63,抗住且相对强,1,2,0,1,光伏,-6.06,101.95,,AI眼镜、MLCC、元件、光伏、共封装光学(CPO)、液冷服务器
301379.SZ,天山电子,电子,3.8,9.14,11.49,0,,3,1,7.71,2.26,5.45,抗住且相对强,1,2,0,1,光学光电子,-4.91,6.81,,PCB、光学光电子、存储芯片
300283.SZ,温州宏丰,电力设备,3.04,14.21,11.46,0,,3,1,1.62,-1.96,3.58,抗住且相对强,1,2,0,1,光伏,-0.17,12.44,,PCB、光伏、芯片
688711.SH,宏微科技,电子,4.74,5.36,10.97,0,,4,1,1.89,2.26,-0.37,上涨但弱于行业,0,1,0,1,光伏,-2.73,4.72,,光伏、半导体、可控核聚变、芯片
688127.SH,蓝特光学,电子,3.1,11.27,10.41,0,,4,1,0.99,2.26,-1.27,上涨但弱于行业,0,1,0,1,光学光电子,-2.09,9.46,,光刻机、光学光电子、共封装光学(CPO)、芯片
920368.BJ,连城数控,电力设备,5.97,2.98,10.31,0,,3,1,,-1.96,,unknown,0,1,0,1,光伏,1.5,4.17,,BC电池、TOPCON电池、光伏
300913.SZ,兆龙互连,通信,2.16,21.71,10.06,0,120日新高,5,1,2.78,0.07,2.71,抗住且相对强,1,2,0,1,光伏、光纤、通信设备,-4.12,19.68,120日新高,光伏、光纤、共封装光学(CPO)、通信设备、铜缆高速连接
605196.SH,华通线缆,电力设备,3.11,9.4,9.54,0,,1,0,-6.48,-1.96,-4.52,补跌且弱于行业,0,0,0,1,光伏,-1.31,5.08,,光伏
300303.SZ,聚飞光电,电子,2.78,11.59,9.46,0,,4,1,1.47,2.26,-0.79,上涨但弱于行业,0,1,0,1,光学光电子,-1.11,9.4,,先进封装、光学光电子、共封装光学(CPO)、芯片
920438.BJ,戈碧迦,电子,3.48,7.25,9.37,0,,4,1,,2.26,,unknown,0,1,0,1,6G、光学光电子,12.32,15.98,历史新高,6G、先进封装、光学光电子、芯片
300632.SZ,光莆股份,电子,2.13,16.48,8.65,0,,7,1,1.52,2.26,-0.74,上涨但弱于行业,0,1,0,1,光学光电子,-4.0,9.31,,AI眼镜、PCB、PET铜箔、先进封装、光学光电子、共封装光学(CPO)、芯片
002902.SZ,铭普光磁,通信,2.93,8.15,8.36,0,,5,1,-0.52,0.07,-0.59,补跌且弱于行业,0,1,0,1,光伏、通信设备,3.84,12.2,,光伏、共封装光学(CPO)、芯片、通信设备、铜缆高速连接
920640.BJ,富士达,通信,5.11,2.6,8.24,0,,3,1,,0.07,,unknown,0,1,0,1,通信设备,9.46,4.35,,芯片、通信设备、铜缆高速连接
300102.SZ,乾照光电,电子,2.55,10.16,8.13,0,,4,1,0.12,2.26,-2.14,上涨但弱于行业,0,1,0,1,光伏、光学光电子,0.65,16.24,,光伏、光学光电子、共封装光学(CPO)、芯片
002654.SZ,万润科技,电子,2.62,9.53,8.09,0,,4,1,3.27,2.26,1.01,抗住且相对强,1,2,0,1,光学光电子,-4.31,9.1,,AI手机、光学光电子、存储芯片、芯片
920100.BJ,三协电机,电力设备,5.38,2.17,7.93,0,,1,0,,-1.96,,unknown,0,0,0,1,光伏,5.02,3.66,,光伏
600237.SH,铜峰电子,电子,2.21,12.36,7.77,0,3年新高,5,1,9.99,2.26,7.73,抗住且相对强,1,2,0,1,光伏,-1.23,15.23,3年新高,MLCC、PET铜箔、元件、光伏、可控核聚变
688605.SH,先锋精科,电子,3.88,3.87,7.63,0,,5,1,5.65,2.26,3.39,抗住且相对强,1,2,0,1,光伏,2.59,6.23,,光伏、光刻机、半导体、半导体设备、芯片
688535.SH,华海诚科,电子,2.37,10.24,7.58,0,,5,1,2.86,2.26,0.6,抗住且相对强,1,2,0,1,光伏,-3.32,7.82,,先进封装、光伏、半导体、存储芯片、芯片
002600.SZ,领益智造,电子,1.3,32.89,7.46,0,,6,1,0.87,2.26,-1.39,上涨但弱于行业,0,1,0,1,光伏,0.6,40.93,,AI手机、AI眼镜、光伏、共封装光学(CPO)、液冷服务器、英伟达
002792.SZ,通宇通讯,通信,2.12,12.07,7.37,0,,4,1,-0.67,0.07,-0.74,补跌且弱于行业,0,1,0,1,6G、通信设备,6.92,18.52,,6G、共封装光学(CPO)、通信设备、铜缆高速连接
300563.SZ,神宇股份,通信,3.38,4.4,7.09,0,,5,1,-2.66,0.07,-2.73,补跌且弱于行业,0,1,0,1,光伏、通信设备、钙钛矿电池,3.43,3.27,,光伏、芯片、通信设备、钙钛矿电池、铜缆高速连接
002169.SZ,智光电气,电力设备,2.8,6.23,6.99,0,,2,0,-0.99,-1.96,0.97,补跌但相对强,1,1,0,1,光伏,-1.31,4.83,,光伏、芯片
002106.SZ,莱宝高科,电子,2.81,6.17,6.98,0,120日新高,2,1,3.22,2.26,0.96,抗住且相对强,1,2,0,1,光学光电子,5.38,11.0,3年新高,先进封装、光学光电子
000070.SZ,特发信息,通信,1.8,14.84,6.93,0,,5,1,2.6,0.07,2.53,抗住且相对强,1,2,0,1,6G、光伏、光纤、通信设备,7.5,36.0,,6G、光伏、光纤、共封装光学(CPO)、通信设备
002865.SZ,钧达股份,电力设备,2.14,10.4,6.9,0,,4,1,-0.81,-1.96,1.15,补跌但相对强,1,2,0,1,光伏、钙钛矿电池,-0.83,13.69,,BC电池、TOPCON电池、光伏、钙钛矿电池
688388.SH,嘉元科技,电力设备,1.56,18.06,6.63,0,,4,1,-3.54,-1.96,-1.58,补跌且弱于行业,0,1,0,1,光伏,-3.29,14.21,,PCB、PET铜箔、光伏、共封装光学(CPO)
688502.SH,茂莱光学,电子,2.25,8.44,6.54,0,,4,1,3.66,2.26,1.4,抗住且相对强,1,2,0,1,光学光电子,-1.8,9.56,,光刻机、光刻胶、光学光电子、芯片
300504.SZ,天邑股份,通信,4.05,2.56,6.48,0,,3,1,2.85,0.07,2.78,抗住且相对强,1,2,0,1,光纤、通信设备,-1.36,4.41,,AI眼镜、光纤、通信设备
003031.SZ,中瓷电子,通信,1.43,20.08,6.41,0,,5,1,1.92,0.07,1.85,抗住且相对强,1,2,0,1,6G、通信设备,-2.89,15.78,,6G、光刻机、共封装光学(CPO)、芯片、通信设备
300889.SZ,爱克股份,电子,4.52,1.97,6.34,0,,2,0,1.3,2.26,-0.96,上涨但弱于行业,0,0,0,1,光学光电子,1.7,1.79,,光学光电子、液冷服务器
301120.SZ,新特电气,电力设备,2.31,7.5,6.33,0,,1,0,-9.24,-1.96,-7.28,补跌且弱于行业,0,0,0,1,光伏,-1.04,3.92,,光伏
301319.SZ,唯特偶,电子,1.75,12.82,6.27,0,,3,1,20.0,2.26,17.74,抗住且相对强,1,2,0,1,光伏,-12.94,22.06,,先进封装、光伏、芯片
603118.SH,共进股份,通信,2.37,6.94,6.24,0,,6,1,2.08,0.07,2.01,抗住且相对强,1,2,0,1,6G、通信设备,1.21,6.83,,6G、PCB、先进封装、共封装光学(CPO)、芯片、通信设备
003022.SZ,联泓新科,电力设备,2.01,8.63,5.9,0,,4,1,-5.99,-1.96,-4.03,补跌且弱于行业,0,1,0,1,光伏,0.29,10.47,,先进封装、光伏、光刻胶、芯片
920046.BJ,亿能电力,电力设备,2.89,4.12,5.87,0,,1,0,,-1.96,,unknown,0,0,0,1,光伏,-6.68,3.15,,光伏
688418.SH,震有科技,通信,3.49,2.66,5.69,0,,3,1,-1.76,0.07,-1.83,补跌且弱于行业,0,1,0,1,6G、光纤、通信设备,3.15,2.87,,6G、光纤、通信设备
300566.SZ,激智科技,电子,2.07,7.38,5.62,0,3年新高,4,1,7.03,2.26,4.77,抗住且相对强,1,2,0,1,光伏、光学光电子,0,8.59,3年新高,AI眼镜、TOPCON电池、光伏、光学光电子
603806.SH,福斯特,电力设备,1.86,8.8,5.52,0,,3,1,1.37,-1.96,3.33,抗住且相对强,1,2,0,1,光伏,-3.09,8.54,,BC电池、PCB、光伏
688035.SH,XD德邦科,电子,2.36,5.02,5.29,0,,7,1,0.98,2.26,-1.28,上涨但弱于行业,0,1,0,1,光伏,0.19,5.06,,PCB、TOPCON电池、先进封装、光伏、存储芯片、液冷服务器、芯片
002876.SZ,三利谱,电子,2.2,5.64,5.22,0,1年新高,1,1,2.57,2.26,0.31,抗住且相对强,1,2,0,1,光学光电子,2.86,4.52,1年新高,光学光电子
300939.SZ,秋田微,电子,2.05,6.31,5.15,0,,1,0,-6.98,2.26,-9.24,补跌且弱于行业,0,0,0,1,光学光电子,-2.54,4.57,,光学光电子
603063.SH,禾望电气,电力设备,1.29,15.88,5.14,0,,1,0,3.51,-1.96,5.47,抗住且相对强,1,1,0,1,光伏,-2.8,13.18,,光伏
600776.SH,东方通信,通信,2.58,3.86,5.07,0,,1,0,-4.1,0.07,-4.17,补跌且弱于行业,0,0,0,1,通信设备,10.01,4.5,,通信设备
603212.SH,赛伍技术,电力设备,1.88,6.99,4.97,0,,6,1,0.44,-1.96,2.4,抗住且相对强,1,2,0,1,光伏、钙钛矿电池,0.32,4.8,,BC电池、TOPCON电池、先进封装、光伏、芯片、钙钛矿电池
002925.SZ,盈趣科技,电子,1.81,7.46,4.94,0,20日新高,1,1,0.62,2.26,-1.64,上涨但弱于行业,0,1,0,1,光伏,-0.4,5.12,,光伏
688678.SH,福立旺,电子,2.6,3.58,4.92,0,,2,0,0.36,2.26,-1.9,上涨但弱于行业,0,0,0,1,光伏,0.72,3.81,,TOPCON电池、光伏
301421.SZ,波长光电,电子,1.93,6.37,4.87,0,,5,1,3.32,2.26,1.06,抗住且相对强,1,2,0,1,光学光电子,0.67,6.6,,AI眼镜、PCB、光刻机、光学光电子、芯片
600875.SH,东方电气,电力设备,1.03,21.49,4.77,0,,2,0,1.26,-1.96,3.22,抗住且相对强,1,1,0,1,光伏,-2.81,19.04,,光伏、可控核聚变
688551.SH,科威尔,电力设备,2.72,3.08,4.77,0,,2,0,7.5,-1.96,9.46,抗住且相对强,1,1,0,1,光伏,-3.82,3.24,,光伏、芯片
000720.SZ,新能泰山,电力设备,1.48,9.22,4.49,0,,1,0,-5.65,-1.96,-3.69,补跌且弱于行业,0,0,0,1,光纤,-0.39,5.55,,光纤
688055.SH,龙腾光电,电子,2.46,2.96,4.23,0,,2,0,4.8,2.26,2.54,抗住且相对强,1,1,0,1,光学光电子,-0.76,3.07,,光学光电子、芯片
002079.SZ,苏州固锝,电力设备,1.41,7.78,3.93,0,,6,1,0.74,-1.96,2.7,抗住且相对强,1,2,0,1,光伏、钙钛矿电池,-0.41,5.75,,BC电池、TOPCON电池、先进封装、光伏、芯片、钙钛矿电池
000063.SZ,中兴通讯,通信,0.39,90.79,3.72,0,,7,1,3.57,0.07,3.5,抗住且相对强,1,2,0,1,6G、光纤、通信设备,3.68,183.26,60日新高,6G、AI手机、AI眼镜、光纤、液冷服务器、芯片、通信设备
002168.SZ,ST惠程,电力设备,5.04,0.47,3.46,0,,1,0,-4.0,-1.96,-2.04,补跌且弱于行业,0,0,0,1,光伏,1.39,0.2,,光伏
603220.SH,中贝通信,通信,1.32,6.87,3.46,0,,4,1,-0.48,0.07,-0.55,补跌且弱于行业,0,1,0,1,6G、光伏、光纤,-0.44,6.41,,6G、光伏、光纤、共封装光学(CPO)
002885.SZ,京泉华,电子,1.18,8.34,3.41,0,,1,0,3.08,2.26,0.82,抗住且相对强,1,1,0,1,光伏,-3.84,7.79,,光伏
688469.SH,芯联集成-U,电子,0.78,19.11,3.41,0,,5,1,0.51,2.26,-1.75,上涨但弱于行业,0,1,0,1,光伏,-6.02,19.63,,AI眼镜、MCU芯片、光伏、半导体、芯片
300219.SZ,鸿利智汇,电子,1.71,3.84,3.35,0,,3,1,3.48,2.26,1.22,抗住且相对强,1,2,0,1,光学光电子,2.78,6.88,,光刻机、光学光电子、芯片
300708.SZ,聚灿光电,电子,1.95,2.89,3.31,0,,2,0,-0.9,2.26,-3.16,补跌且弱于行业,0,0,0,1,光学光电子,-0.23,3.49,,光学光电子、芯片
300710.SZ,万隆光电,通信,1.81,3.31,3.29,0,,3,1,3.21,0.07,3.14,抗住且相对强,1,2,0,1,光纤、通信设备,0.85,2.76,,光纤、芯片、通信设备
603290.SH,斯达半导,电子,0.9,12.86,3.23,0,,4,1,2.86,2.26,0.6,抗住且相对强,1,2,0,1,光伏,-6.72,13.26,,MCU芯片、光伏、半导体、芯片
301139.SZ,*ST元道,通信,2.1,2.35,3.22,0,,1,0,-6.79,0.07,-6.86,补跌且弱于行业,0,0,0,1,光伏,-8.31,1.31,,光伏
300408.SZ,三环集团,电子,0.32,94.18,3.11,0,,4,1,3.07,2.26,0.81,抗住且相对强,1,2,0,1,光纤,-3.02,105.79,历史新高,MLCC、元件、光纤、共封装光学(CPO)
301314.SZ,科瑞思,通信,3.19,0.86,2.96,0,,1,0,0.44,0.07,0.37,抗住且相对强,1,1,0,1,通信设备,8.78,1.6,,通信设备
603595.SH,ST东尼,电子,4.98,0.34,2.9,0,,1,0,0.89,2.26,-1.37,上涨但弱于行业,0,0,0,1,光伏,-4.98,0.83,,光伏
000159.SZ,国际实业,电力设备,2.24,1.63,2.86,0,,1,0,0.29,-1.96,2.25,抗住且相对强,1,1,0,1,光伏,1.74,2.63,,光伏
603690.SH,至纯科技,电子,1.22,5.13,2.76,0,,6,1,3.59,2.26,1.33,抗住且相对强,1,2,0,1,光纤,-1.99,5.15,,先进封装、光纤、半导体、半导体设备、存储芯片、芯片
301328.SZ,维峰电子,电子,2.2,1.55,2.74,0,,2,0,0.72,2.26,-1.54,上涨但弱于行业,0,0,0,1,光伏,2.85,2.18,,光伏、铜缆高速连接
002309.SZ,中利集团,电力设备,1.14,5.47,2.67,0,,4,1,-2.25,-1.96,-0.29,补跌且弱于行业,0,1,0,1,光伏、光纤、钙钛矿电池,-0.86,5.44,,TOPCON电池、光伏、光纤、钙钛矿电池
300296.SZ,利亚德,电子,0.91,8.19,2.6,0,,3,1,-1.2,2.26,-3.46,补跌且弱于行业,0,1,0,1,光学光电子,4.88,13.7,,AI眼镜、光学光电子、芯片
300393.SZ,中来股份,电力设备,1.45,3.13,2.57,0,,4,1,1.87,-1.96,3.83,抗住且相对强,1,2,0,1,光伏、钙钛矿电池,-3.34,3.95,,BC电池、TOPCON电池、光伏、钙钛矿电池
688790.SH,昂瑞微-UW,电子,2.74,0.87,2.56,0,,4,1,-2.37,2.26,-4.63,补跌且弱于行业,0,1,0,1,6G,0.02,0.73,,6G、AI眼镜、半导体、芯片
600089.SH,特变电工,电力设备,0.42,36.41,2.53,0,,1,0,-2.21,-1.96,-0.25,补跌且弱于行业,0,0,0,1,光伏,0.23,29.64,,光伏
688220.SH,翱捷科技-U,电子,0.63,13.97,2.35,0,,5,1,-0.72,2.26,-2.98,补跌且弱于行业,0,1,0,1,6G,-3.42,9.2,,6G、AI眼镜、半导体、存储芯片、芯片
301327.SZ,华宝新能,电力设备,1.82,1.51,2.24,0,,2,0,-3.11,-1.96,-1.15,补跌且弱于行业,0,0,0,1,光伏,-2.59,1.08,,BC电池、光伏
301479.SZ,弘景光电,电子,1.23,2.9,2.09,0,,2,0,0.15,2.26,-2.11,上涨但弱于行业,0,0,0,1,光学光电子,-0.92,2.09,,AI眼镜、光学光电子
300615.SZ,欣天科技,通信,1.83,1.04,1.87,0,,1,0,-2.39,0.07,-2.46,补跌且弱于行业,0,0,0,1,通信设备,1.14,0.67,,通信设备
920001.BJ,纬达光电,电子,1.85,1.0,1.85,0,,2,0,,2.26,,unknown,0,0,0,1,光学光电子,2.53,2.07,,AI眼镜、光学光电子
301106.SZ,骏成科技,电子,1.42,1.61,1.8,0,,2,0,-9.81,2.26,-12.07,补跌且弱于行业,0,0,0,1,光学光电子,-1.76,1.69,,PCB、光学光电子
301179.SZ,泽宇智能,电力设备,1.43,1.56,1.79,0,,1,0,-3.65,-1.96,-1.69,补跌且弱于行业,0,0,0,1,光伏,-1.46,1.42,,光伏
603042.SH,华脉科技,通信,0.97,3.33,1.77,0,,4,1,3.27,0.07,3.2,抗住且相对强,1,2,0,1,光纤、通信设备,-0.83,3.71,,光纤、芯片、通信设备、铜缆高速连接
002300.SZ,太阳电缆,电力设备,1.29,1.73,1.7,0,,1,0,-3.48,-1.96,-1.52,补跌且弱于行业,0,0,0,1,光伏,-0.96,1.48,,光伏
300638.SZ,广和通,通信,0.83,4.06,1.67,0,,2,0,-2.87,0.07,-2.94,补跌且弱于行业,0,0,0,1,通信设备,1.65,3.52,,AI眼镜、通信设备
300301.SZ,ST长方,电子,2.38,0.45,1.6,0,,1,0,-3.2,2.26,-5.46,补跌且弱于行业,0,0,0,1,光学光电子,-1.8,0.33,,光学光电子
605222.SH,起帆电缆,电力设备,1.02,2.42,1.59,0,,2,0,-2.41,-1.96,-0.45,补跌且弱于行业,0,0,0,1,光伏,0.21,2.25,,光伏、可控核聚变
603328.SH,依顿电子,电子,0.56,7.27,1.51,0,,4,1,3.81,2.26,1.55,抗住且相对强,1,2,0,1,光伏,1.84,10.96,20日新高,PCB、元件、光伏、共封装光学(CPO)
000050.SZ,深天马Ａ,电子,0.76,3.89,1.5,0,,2,0,3.0,2.26,0.74,抗住且相对强,1,1,0,1,光学光电子,4.49,9.45,20日新高,光学光电子、芯片
603685.SH,晨丰科技,电子,1.22,1.5,1.49,0,,2,0,1.2,2.26,-1.06,上涨但弱于行业,0,0,0,1,光学光电子,-0.86,1.03,,PCB、光学光电子
002296.SZ,辉煌科技,通信,1.47,0.86,1.36,0,,1,0,-3.0,0.07,-3.07,补跌且弱于行业,0,0,0,1,通信设备,1.5,1.01,,通信设备
600775.SH,南京熊猫,通信,1.02,1.68,1.32,0,,1,0,-2.2,0.07,-2.27,补跌且弱于行业,0,0,0,1,通信设备,1.78,1.87,,通信设备
688010.SH,福光股份,电子,0.77,2.89,1.31,0,,2,0,-0.36,2.26,-2.62,补跌且弱于行业,0,0,0,1,光学光电子,0.74,2.22,,光刻机、光学光电子
002745.SZ,木林森,电子,0.49,6.84,1.28,0,,3,1,-0.1,2.26,-2.36,补跌且弱于行业,0,1,0,1,光伏、光学光电子,-2.33,7.34,,PCB、光伏、光学光电子
002217.SZ,合力泰,电子,0.4,9.96,1.26,0,,2,0,0.79,2.26,-1.47,上涨但弱于行业,0,0,0,1,光学光电子,0,9.41,,PCB、光学光电子
688478.SH,晶升股份,电子,0.57,4.9,1.26,0,,5,1,-0.2,2.26,-2.46,补跌且弱于行业,0,1,0,1,光伏,-2.79,4.34,,光伏、半导体、半导体设备、存储芯片、芯片
600877.SH,电科芯片,电子,0.72,2.88,1.22,0,,5,1,-0.64,2.26,-2.9,补跌且弱于行业,0,1,0,1,6G、光伏,0.94,3.17,,6G、MCU芯片、光伏、半导体、芯片
688618.SH,三旺通信,通信,1.18,1.01,1.19,0,,3,1,-1.63,0.07,-1.7,补跌且弱于行业,0,1,0,1,光纤、通信设备,1.45,1.0,,光纤、芯片、通信设备
300698.SZ,万马科技,通信,0.99,1.3,1.13,0,,4,1,2.66,0.07,2.59,抗住且相对强,1,2,0,1,光纤、通信设备,-1.55,1.25,,光纤、液冷服务器、英伟达、通信设备
001382.SZ,新亚电缆,电力设备,0.97,1.28,1.1,0,,1,0,-4.26,-1.96,-2.3,补跌且弱于行业,0,0,0,1,光伏,-2.11,0.79,,光伏
301168.SZ,通灵股份,电力设备,1.03,1.14,1.1,0,,1,0,0.0,-1.96,1.96,抗住且相对强,1,1,0,1,光伏,0.43,0.89,,光伏
001208.SZ,华菱线缆,电力设备,0.74,2.07,1.06,0,,2,0,-1.48,-1.96,0.48,补跌但相对强,1,1,0,1,光伏,2.06,2.84,,光伏、可控核聚变
300571.SZ,平治信息,通信,0.42,6.38,1.06,0,,3,1,1.12,0.07,1.05,抗住且相对强,1,2,0,1,6G,-1.66,8.78,,6G、共封装光学(CPO)、芯片
688726.SH,拉普拉斯,电力设备,0.44,5.79,1.06,0,,5,1,5.48,-1.96,7.44,抗住且相对强,1,2,0,1,光伏、钙钛矿电池,2.21,11.5,,BC电池、TOPCON电池、光伏、芯片、钙钛矿电池
688781.SH,视涯科技-UW,电子,0.75,2.01,1.06,0,,3,1,-1.11,2.26,-3.37,补跌且弱于行业,0,1,0,1,光学光电子,0.78,1.68,,AI眼镜、光学光电子、芯片
002017.SZ,东信和平,通信,0.86,1.48,1.05,0,,1,0,-1.22,0.07,-1.29,补跌且弱于行业,0,0,0,1,通信设备,1.73,2.12,,通信设备
300842.SZ,帝科股份,电力设备,0.42,6.23,1.05,0,,6,1,0.71,-1.96,2.67,抗住且相对强,1,2,0,1,光伏、钙钛矿电池,-0.93,7.12,,BC电池、TOPCON电池、光伏、存储芯片、芯片、钙钛矿电池
301045.SZ,天禄科技,电子,0.76,1.89,1.04,0,,1,0,-1.37,2.26,-3.63,补跌且弱于行业,0,0,0,1,光学光电子,0.1,1.5,,光学光电子
688611.SH,杭州柯林,电力设备,0.94,1.23,1.04,0,,4,1,0.46,-1.96,2.42,抗住且相对强,1,2,0,1,光伏、钙钛矿电池,-0.01,1.14,,光伏、存储芯片、芯片、钙钛矿电池
002955.SZ,鸿合科技,电子,0.8,1.1,0.84,0,,1,0,-0.04,2.26,-2.3,补跌且弱于行业,0,0,0,1,光学光电子,7.54,3.56,60日新高,光学光电子
920249.BJ,利尔达,通信,0.74,1.14,0.79,0,,5,1,,0.07,,unknown,0,1,0,1,光伏、通信设备,3.27,1.03,,先进封装、光伏、存储芯片、芯片、通信设备
300932.SZ,三友联众,电力设备,0.7,1.16,0.75,0,,1,0,-4.46,-1.96,-2.5,补跌且弱于行业,0,0,0,1,光伏,-1.14,0.9,,光伏
920167.BJ,同享科技,电力设备,1.24,0.36,0.74,0,,3,1,,-1.96,,unknown,0,1,0,1,光伏,2.07,0.86,,BC电池、TOPCON电池、光伏
920682.BJ,球冠电缆,电力设备,1.37,0.28,0.72,0,,2,0,,-1.96,,unknown,0,0,0,1,光伏、光纤,13.07,1.52,,光伏、光纤
002583.SZ,海能达,通信,0.48,2.08,0.69,0,,3,1,-0.48,0.07,-0.55,补跌且弱于行业,0,1,0,1,6G、通信设备,5.8,5.58,,6G、芯片、通信设备
301099.SZ,雅创电子,电子,0.2,11.02,0.66,0,历史新高,5,1,10.74,2.26,8.48,抗住且相对强,1,2,0,1,光伏,0.68,14.3,历史新高,AI眼镜、MCU芯片、光伏、存储芯片、芯片
002643.SZ,万润股份,电子,0.35,3.31,0.64,0,,5,1,-0.14,2.26,-2.4,补跌且弱于行业,0,1,0,1,光伏、光纤、钙钛矿电池,0.63,4.34,,光伏、光刻胶、光纤、芯片、钙钛矿电池
300232.SZ,洲明科技,电子,0.52,1.45,0.63,0,,2,0,-0.69,2.26,-2.95,补跌且弱于行业,0,0,0,1,光学光电子,2.42,1.88,,光学光电子、英伟达
688182.SH,灿勤科技,通信,0.35,2.89,0.59,0,,3,1,3.04,0.07,2.97,抗住且相对强,1,2,0,1,6G、通信设备,0.57,3.9,,6G、芯片、通信设备
600071.SH,凤凰光学,电子,0.62,0.89,0.58,0,,2,0,1.11,2.26,-1.15,上涨但弱于行业,0,0,0,1,光学光电子,0.22,1.08,,光学光电子、芯片
002387.SZ,维信诺,电子,0.37,2.24,0.55,0,,2,0,3.19,2.26,0.93,抗住且相对强,1,1,0,1,光学光电子,9.98,8.27,,光学光电子、芯片
002115.SZ,三维通信,通信,0.25,4.66,0.54,0,,1,0,-2.39,0.07,-2.46,补跌且弱于行业,0,0,0,1,6G,4.06,10.79,,6G
002129.SZ,TCL中环,电力设备,0.11,15.57,0.43,0,,4,1,4.6,-1.96,6.56,抗住且相对强,1,2,0,1,光伏,-1.36,17.75,,BC电池、TOPCON电池、光伏、芯片
603185.SH,弘元绿能,电力设备,0.28,2.3,0.42,0,,2,0,0.57,-1.96,2.53,抗住且相对强,1,1,0,1,光伏,-1.58,1.87,,TOPCON电池、光伏
688260.SH,昀冢科技,电子,0.16,6.25,0.4,0,,2,0,5.89,2.26,3.63,抗住且相对强,1,1,0,1,光纤,-9.05,6.19,,MLCC、光纤
300414.SZ,中光防雷,通信,0.42,0.61,0.33,0,,4,1,-1.08,0.07,-1.15,补跌且弱于行业,0,1,0,1,光伏、通信设备,4.11,1.29,,光伏、光刻机、液冷服务器、通信设备
300345.SZ,华民股份,电力设备,0.34,0.78,0.3,0,,3,1,-0.51,-1.96,1.45,补跌但相对强,1,2,0,1,光伏,4.77,1.57,,BC电池、TOPCON电池、光伏
000045.SZ,深纺织Ａ,电子,0.36,0.71,0.3,0,,1,0,0.09,2.26,-2.17,上涨但弱于行业,0,0,0,1,光学光电子,2.12,1.04,,光学光电子
688283.SH,坤恒顺维,通信,0.3,0.63,0.24,0,,1,0,-1.67,0.07,-1.74,补跌且弱于行业,0,0,0,1,通信设备,2.21,0.74,,通信设备
603679.SH,华体科技,电子,0.24,0.86,0.22,0,,1,0,-1.69,2.26,-3.95,补跌且弱于行业,0,0,0,1,光学光电子,1.1,0.9,,光学光电子
920414.BJ,欧普泰,电力设备,0.6,0.13,0.22,0,,3,1,,-1.96,,unknown,0,1,0,1,光伏、钙钛矿电池,4.79,0.39,,BC电池、光伏、钙钛矿电池
301516.SZ,中远通,电力设备,0.17,1.07,0.18,0,,1,0,-2.9,-1.96,-0.94,补跌且弱于行业,0,0,0,1,光伏,0.89,1.13,,光伏
301002.SZ,崧盛股份,电力设备,0.08,2.61,0.13,0,,2,0,-1.14,-1.96,0.82,补跌但相对强,1,1,0,1,光伏、光学光电子,-0.83,2.13,,光伏、光学光电子
603556.SH,海兴电力,电力设备,0.12,1.14,0.13,0,,1,0,-2.48,-1.96,-0.52,补跌且弱于行业,0,0,0,1,光伏,-1.29,1.0,,光伏
002255.SZ,海陆重工,电力设备,0.1,1.35,0.12,0,,3,1,-1.56,-1.96,0.4,补跌但相对强,1,2,0,1,光伏,-0.53,1.51,,光伏、可控核聚变、芯片
001373.SZ,翔腾新材,电子,0.16,0.52,0.12,0,,1,0,-0.98,2.26,-3.24,补跌且弱于行业,0,0,0,1,光学光电子,-0.33,0.49,,光学光电子
300627.SZ,华测导航,通信,0.0,3.56,0.0,0,,2,0,-0.79,0.07,-0.86,补跌且弱于行业,0,0,0,1,通信设备,3.28,4.38,,芯片、通信设备
688538.SH,和辉光电-U,电子,0.0,3.36,0.0,0,,1,0,0.42,2.26,-1.84,上涨但弱于行业,0,0,0,1,光学光电子,0.83,3.92,,光学光电子
002104.SZ,恒宝股份,通信,0.0,2.38,0.0,0,,2,0,-0.42,0.07,-0.49,补跌且弱于行业,0,0,0,1,通信设备,0.51,2.63,,芯片、通信设备
002533.SZ,金杯电工,电力设备,0.0,1.03,0.0,0,,2,0,-2.8,-1.96,-0.84,补跌且弱于行业,0,0,0,1,光伏,-1.73,1.43,,光伏、可控核聚变
601700.SH,风范股份,电力设备,0.0,0.76,0.0,0,,1,0,-3.74,-1.96,-1.78,补跌且弱于行业,0,0,0,1,光伏,1.17,0.9,,光伏
002289.SZ,*ST宇顺,电子,-0.02,1.06,-0.02,0,,1,0,-3.26,2.26,-5.52,补跌且弱于行业,0,0,0,1,光学光电子,-2.31,0.87,,光学光电子
688592.SH,司南导航,通信,-0.08,0.48,-0.06,0,,2,0,1.36,0.07,1.29,抗住且相对强,1,1,0,1,通信设备,5.18,0.75,,芯片、通信设备
002544.SZ,普天科技,通信,-0.05,2.47,-0.08,0,,2,0,-3.1,0.07,-3.17,补跌且弱于行业,0,0,0,1,6G,2.36,3.88,,6G、PCB
301226.SZ,祥明智能,电力设备,-0.08,1.0,-0.08,0,,2,0,-2.68,-1.96,-0.72,补跌且弱于行业,0,0,0,1,光伏,3.18,1.7,,光伏、芯片
300205.SZ,*ST天喻,通信,-0.17,0.25,-0.09,0,20日新高,1,1,-2.68,0.07,-2.75,补跌且弱于行业,0,1,0,1,通信设备,1.38,0.15,,通信设备
603421.SH,鼎信通讯,通信,-0.14,0.62,-0.11,0,,4,1,-0.98,0.07,-1.05,补跌且弱于行业,0,1,0,1,光伏、通信设备,0.57,0.57,,MCU芯片、光伏、芯片、通信设备
603097.SH,江苏华辰,电力设备,-0.15,0.81,-0.14,0,,1,0,-2.77,-1.96,-0.81,补跌且弱于行业,0,0,0,1,光伏,-1.33,0.65,,光伏
300046.SZ,台基股份,电子,-0.1,2.44,-0.16,0,,3,1,0.2,2.26,-2.06,上涨但弱于行业,0,1,0,1,光伏,-3.54,2.7,,光伏、半导体、芯片
002449.SZ,国星光电,电子,-0.12,2.24,-0.18,0,,4,1,1.2,2.26,-1.06,上涨但弱于行业,0,1,0,1,光学光电子,1.78,3.36,,AI眼镜、先进封装、光学光电子、芯片
301513.SZ,尚水智能,电力设备,-0.19,1.03,-0.19,0,,1,0,-1.69,-1.96,0.27,补跌但相对强,1,1,0,1,钙钛矿电池,3.52,2.08,,钙钛矿电池
300389.SZ,艾比森,电子,-0.22,0.75,-0.19,0,,1,0,-0.94,2.26,-3.2,补跌且弱于行业,0,0,0,1,光学光电子,0.95,0.92,,光学光电子
003015.SZ,日久光电,电子,-0.24,0.67,-0.2,0,,2,0,-0.49,2.26,-2.75,补跌且弱于行业,0,0,0,1,光学光电子,2.36,1.06,,PET铜箔、光学光电子
688680.SH,海优新材,电力设备,-0.21,1.03,-0.21,0,,3,1,4.54,-1.96,6.5,抗住且相对强,1,2,0,1,光伏、钙钛矿电池,-1.27,1.2,,BC电池、光伏、钙钛矿电池
688598.SH,金博股份,电力设备,-0.13,2.83,-0.22,0,,1,0,11.59,-1.96,13.55,抗住且相对强,1,1,0,1,光伏,0.82,5.91,,光伏
688429.SH,时创能源,电力设备,-0.42,0.29,-0.23,0,,3,1,-1.19,-1.96,0.77,补跌但相对强,1,2,0,1,光伏,-0.43,0.3,,BC电池、TOPCON电池、光伏
688516.SH,奥特维,电力设备,-0.1,6.41,-0.25,0,,6,1,0.24,-1.96,2.2,抗住且相对强,1,2,0,1,光伏、钙钛矿电池,-0.41,7.82,,BC电池、TOPCON电池、光伏、共封装光学(CPO)、芯片、钙钛矿电池
920985.BJ,海泰新能,电力设备,-0.9,0.1,-0.28,0,,2,0,,-1.96,,unknown,0,0,0,1,光伏,2.86,0.35,,TOPCON电池、光伏
603803.SH,瑞斯康达,通信,-0.15,4.45,-0.32,0,,4,1,-2.78,0.07,-2.85,补跌且弱于行业,0,1,0,1,6G、通信设备,1.08,3.9,,6G、共封装光学(CPO)、芯片、通信设备
002584.SZ,西陇科学,电子,-0.27,1.61,-0.34,0,,3,1,1.08,2.26,-1.18,上涨但弱于行业,0,1,0,1,光伏,0.8,2.33,,PCB、光伏、光刻胶
603628.SH,清源股份,电力设备,-0.56,0.39,-0.35,0,,1,0,-2.05,-1.96,-0.09,补跌且弱于行业,0,0,0,1,光伏,0.38,0.43,,光伏
002451.SZ,摩恩电气,电力设备,-0.48,0.59,-0.37,0,,1,0,-2.04,-1.96,-0.08,补跌且弱于行业,0,0,0,1,光伏,0.86,0.82,,光伏
605218.SH,伟时电子,电子,-0.42,0.82,-0.38,0,,1,0,-0.24,2.26,-2.5,补跌且弱于行业,0,0,0,1,光学光电子,2.49,1.44,,光学光电子
002992.SZ,宝明科技,电子,-0.59,0.43,-0.39,0,,3,1,-1.43,2.26,-3.69,补跌且弱于行业,0,1,0,1,光学光电子,1.21,0.74,,AI眼镜、PET铜箔、光学光电子
688556.SH,高测股份,电力设备,-0.18,5.0,-0.4,0,,2,0,-0.09,-1.96,1.87,补跌但相对强,1,1,0,1,光伏,0.83,4.43,,光伏、芯片
300080.SZ,易成新能,电力设备,-0.49,0.7,-0.41,0,,2,0,0.49,-1.96,2.45,抗住且相对强,1,1,0,1,光伏,0.25,1.02,,TOPCON电池、光伏
300940.SZ,南极光,电子,-0.52,0.74,-0.45,0,,1,0,-0.87,2.26,-3.13,补跌且弱于行业,0,0,0,1,光学光电子,1.47,1.24,,光学光电子
002313.SZ,日海智能,通信,-0.55,0.79,-0.49,0,,2,0,-2.98,0.07,-3.05,补跌且弱于行业,0,0,0,1,通信设备,3.07,0.95,,液冷服务器、通信设备
688303.SH,大全能源,电力设备,-0.32,2.48,-0.5,0,,2,0,19.98,-1.96,21.94,抗住且相对强,1,1,0,1,光伏,-9.13,11.49,,光伏、芯片
003040.SZ,楚天龙,通信,-0.62,0.64,-0.5,0,,1,0,-1.48,0.07,-1.55,补跌且弱于行业,0,0,0,1,通信设备,0.71,0.87,,通信设备
300619.SZ,金银河,电力设备,-0.34,2.2,-0.5,0,,1,0,0.1,-1.96,2.06,抗住且相对强,1,1,0,1,光伏,-2.47,2.28,,光伏
300340.SZ,科恒股份,电力设备,-0.62,0.68,-0.51,0,,1,0,-0.73,-1.96,1.23,补跌但相对强,1,1,0,1,钙钛矿电池,1.37,0.82,,钙钛矿电池
300490.SZ,华自科技,电力设备,-0.39,1.84,-0.53,0,,1,0,-2.84,-1.96,-0.88,补跌且弱于行业,0,0,0,1,光伏,-1.99,2.32,,光伏
920007.BJ,酉立智能,电力设备,-1.99,0.07,-0.53,0,,1,0,,-1.96,,unknown,0,0,0,1,光伏,2.81,0.13,,光伏
300716.SZ,*ST泉为,电力设备,-0.89,0.37,-0.54,0,,3,1,17.59,-1.96,19.55,抗住且相对强,1,2,0,1,光伏、钙钛矿电池,-1.52,1.88,,TOPCON电池、光伏、钙钛矿电池
300213.SZ,佳讯飞鸿,通信,-0.67,0.71,-0.56,0,,1,0,-1.9,0.07,-1.97,补跌且弱于行业,0,0,0,1,通信设备,2.08,0.84,,通信设备
920118.BJ,太湖远大,电力设备,-1.64,0.12,-0.57,0,,1,0,,-1.96,,unknown,0,0,0,1,光伏,3.34,0.16,,光伏
301278.SZ,快可电子,电力设备,-0.86,0.53,-0.63,0,,2,0,-0.93,-1.96,1.03,补跌但相对强,1,1,0,1,光伏、钙钛矿电池,1.67,0.76,,光伏、钙钛矿电池
300569.SZ,天能重工,电力设备,-0.75,0.73,-0.64,0,,1,0,-2.27,-1.96,-0.31,补跌且弱于行业,0,0,0,1,光伏,-0.19,1.05,,光伏
920374.BJ,云里物里,通信,-1.65,0.16,-0.66,0,,1,0,,0.07,,unknown,0,0,0,1,通信设备,5.14,0.22,,通信设备
300776.SZ,帝尔激光,电力设备,-0.13,26.71,-0.67,0,,7,1,8.95,-1.96,10.91,抗住且相对强,1,2,0,1,光伏、钙钛矿电池,3.57,47.83,,BC电池、PCB、TOPCON电池、先进封装、光伏、芯片、钙钛矿电池
300141.SZ,和顺电气,电力设备,-0.98,0.53,-0.71,0,,1,0,-2.07,-1.96,-0.11,补跌且弱于行业,0,0,0,1,光伏,1.1,0.75,,光伏
688560.SH,明冠新材,电力设备,-1.05,0.49,-0.73,0,,3,1,-0.56,-1.96,1.4,补跌但相对强,1,2,0,1,光伏,0.14,0.56,,BC电池、TOPCON电池、光伏
300555.SZ,ST路通,通信,-2.0,0.14,-0.75,0,,1,0,-3.78,0.07,-3.85,补跌且弱于行业,0,0,0,1,通信设备,0.63,0.15,,通信设备
600941.SH,中国移动,通信,-0.26,8.24,-0.75,0,,1,0,0.0,0.07,-0.07,上涨但弱于行业,0,0,0,1,6G,-0.64,7.43,,6G
002845.SZ,同兴达,电子,-0.46,2.65,-0.75,0,,3,1,1.83,2.26,-0.43,上涨但弱于行业,0,1,0,1,光学光电子,0.96,3.2,,先进封装、光学光电子、芯片
301202.SZ,朗威股份,通信,-0.74,1.02,-0.75,0,,3,1,-1.76,0.07,-1.83,补跌且弱于行业,0,1,0,1,光纤、通信设备,0.42,0.87,,光纤、液冷服务器、通信设备
603386.SH,骏亚科技,电子,-0.35,4.77,-0.76,0,,4,1,1.17,2.26,-1.09,上涨但弱于行业,0,1,0,1,光纤,2.78,4.87,60日新高,PCB、元件、光纤、共封装光学(CPO)
002112.SZ,三变科技,电力设备,-0.5,2.37,-0.77,0,,1,0,-1.77,-1.96,0.19,补跌但相对强,1,1,0,1,光伏,-0.45,2.22,,光伏
300870.SZ,欧陆通,电力设备,-0.22,12.54,-0.78,0,,2,0,1.48,-1.96,3.44,抗住且相对强,1,1,0,1,光伏,-2.76,9.53,,光伏、液冷服务器
002660.SZ,茂硕电源,电子,-1.03,0.59,-0.79,0,,1,0,-2.47,2.26,-4.73,补跌且弱于行业,0,0,0,1,光伏,2.0,0.69,,光伏
000020.SZ,深华发Ａ,电子,-1.27,0.41,-0.81,0,,1,0,-0.64,2.26,-2.9,补跌且弱于行业,0,0,0,1,光学光电子,0.89,0.49,,光学光电子
002339.SZ,积成电子,电力设备,-0.82,0.99,-0.82,0,,1,0,-1.3,-1.96,0.66,补跌但相对强,1,1,0,1,光伏,-0.48,1.23,,光伏
002471.SZ,中超控股,电力设备,-0.43,3.7,-0.83,0,,1,0,2.99,-1.96,4.95,抗住且相对强,1,1,0,1,光伏,9.96,7.47,,光伏
300711.SZ,广哈通信,通信,-1.05,0.68,-0.87,0,,2,0,-1.81,0.07,-1.88,补跌且弱于行业,0,0,0,1,6G、通信设备,2.76,1.04,,6G、通信设备
002587.SZ,奥拓电子,电子,-0.74,1.4,-0.88,0,,2,0,1.05,2.26,-1.21,上涨但弱于行业,0,0,0,1,光学光电子,4.29,2.37,,光学光电子、英伟达
300134.SZ,大富科技,通信,-0.77,1.5,-0.94,0,,3,1,-3.09,0.07,-3.16,补跌且弱于行业,0,1,0,1,6G、通信设备,6.58,2.76,,6G、芯片、通信设备
688299.SH,长阳科技,电子,-0.79,1.42,-0.94,0,,2,0,-2.44,2.26,-4.7,补跌且弱于行业,0,0,0,1,光学光电子,0.44,1.98,,PCB、光学光电子
601126.SH,四方股份,电力设备,-0.21,20.61,-0.95,0,,1,0,-2.51,-1.96,-0.55,补跌且弱于行业,0,0,0,1,光伏,-3.39,21.24,,光伏
300423.SZ,昇辉科技,电力设备,-1.37,0.48,-0.95,0,,2,0,-2.47,-1.96,-0.51,补跌且弱于行业,0,0,0,1,光伏,0.32,0.57,,光伏、可控核聚变
600525.SH,ST长园,电力设备,-1.31,0.55,-0.97,0,,3,1,-2.09,-1.96,-0.13,补跌且弱于行业,0,1,0,1,光伏,-2.52,0.74,,PCB、光伏、芯片
688503.SH,聚和材料,电力设备,-0.35,7.91,-0.98,0,,6,1,3.42,-1.96,5.38,抗住且相对强,1,2,0,1,光伏,-3.01,9.59,,BC电池、TOPCON电池、光伏、光刻胶、液冷服务器、芯片
600537.SH,*ST亿晶,电力设备,-4.65,1.34,-1,0,,3,1,-4.88,-1.96,-2.92,补跌且弱于行业,0,1,0,1,光伏、钙钛矿电池,-1.83,1.33,,TOPCON电池、光伏、钙钛矿电池
300076.SZ,*ST宁视,电子,-1.84,0.49,-1,0,,1,0,-3.12,2.26,-5.38,补跌且弱于行业,0,0,0,1,光学光电子,0.65,0.48,,光学光电子
603398.SH,*ST沐邦,电力设备,-4.12,1.11,-1,0,,2,0,-0.07,-1.96,1.89,补跌但相对强,1,1,0,1,光伏,-0.57,0.9,,TOPCON电池、光伏
300093.SZ,*ST金刚,电力设备,-1.63,0.85,-1,0,,2,0,0.52,-1.96,2.48,抗住且相对强,1,1,0,1,光伏、钙钛矿电池,-2.03,0.75,,光伏、钙钛矿电池
000821.SZ,ST京机,电力设备,-2.87,1.02,-1,0,,3,1,5.0,-1.96,6.96,抗住且相对强,1,2,0,1,光伏、钙钛矿电池,3.46,2.19,,TOPCON电池、光伏、钙钛矿电池
300477.SZ,ST合纵,电力设备,-5.32,1.19,-1,0,,1,0,-4.42,-1.96,-2.46,补跌且弱于行业,0,0,0,1,光伏,2.94,0.78,,光伏
002276.SZ,万马股份,电力设备,-1.19,1.83,-1,0,,2,0,-1.89,-1.96,0.07,补跌但相对强,1,1,0,1,光伏、光纤,2.19,3.01,,光伏、光纤
688359.SH,三孚新科,电子,-6.32,8.3,-1,0,,4,1,14.13,2.26,11.87,抗住且相对强,1,2,0,1,光伏,-2.14,6.03,,PCB、PET铜箔、TOPCON电池、光伏
601567.SH,三星电气,电力设备,-1.42,2.47,-1,0,,1,0,-3.26,-1.96,-1.3,补跌且弱于行业,0,0,0,1,光伏,-0.45,2.81,,光伏
601727.SH,上海电气,电力设备,-0.63,9.5,-1,0,,2,0,0.25,-1.96,2.21,抗住且相对强,1,1,0,1,光伏,-1.51,10.79,,光伏、可控核聚变
300827.SZ,上能电气,电力设备,-1.48,4.99,-1,0,,2,0,-2.79,-1.96,-0.83,补跌且弱于行业,0,0,0,1,光伏,-3.36,5.17,,光伏、可控核聚变
603920.SH,世运电路,电子,-1.02,21.04,-1,0,,5,1,10.0,2.26,7.74,抗住且相对强,1,2,0,1,光伏,-2.3,30.79,,AI眼镜、PCB、元件、光伏、共封装光学(CPO)
300353.SZ,东土科技,通信,-4.38,5.36,-1,0,,2,0,-3.79,0.07,-3.86,补跌且弱于行业,0,0,0,1,通信设备,20.02,14.94,,芯片、通信设备
300118.SZ,东方日升,电力设备,-2.47,5.71,-1,0,,3,1,1.23,-1.96,3.19,抗住且相对强,1,2,0,1,光伏、钙钛矿电池,0,9.03,,TOPCON电池、光伏、钙钛矿电池
301183.SZ,东田微,电子,-2.75,25.3,-1,0,,3,1,2.4,2.26,0.14,抗住且相对强,1,2,0,1,6G、光学光电子,-5.49,16.39,,6G、光学光电子、共封装光学(CPO)
300183.SZ,东软载波,通信,-2.08,0.85,-1,0,,4,1,-2.04,0.07,-2.11,补跌且弱于行业,0,1,0,1,光伏、通信设备,1.73,0.97,,MCU芯片、光伏、芯片、通信设备
002579.SZ,中京电子,电子,-6.31,54.95,-1,0,历史新高,9,1,5.96,2.26,3.7,抗住且相对强,1,2,0,1,6G,-9.32,33.36,,6G、AI手机、AI眼镜、PCB、元件、先进封装、共封装光学(CPO)、存储芯片、芯片
688408.SH,中信博,电力设备,-2.39,1.39,-1,0,,1,0,-1.08,-1.96,0.88,补跌但相对强,1,1,0,1,光伏,-0.56,2.06,,光伏
601728.SH,中国电信,通信,-0.65,8.03,-1,0,,1,0,-1.8,0.07,-1.87,补跌且弱于行业,0,0,0,1,6G,1.66,9.08,,6G
600050.SH,中国联通,通信,-1.13,6.7,-1,0,,1,0,-1.6,0.07,-1.67,补跌且弱于行业,0,0,0,1,6G,0.93,5.71,,6G
601179.SH,中国西电,电力设备,-0.73,19.88,-1,0,,3,1,-4.93,-1.96,-2.97,补跌且弱于行业,0,1,0,1,光伏,-3.72,24.04,,光伏、可控核聚变、芯片
301031.SZ,中熔电气,电子,-2.77,6.06,-1,0,,1,0,-29.36,2.26,-31.62,补跌且弱于行业,0,0,0,1,光伏,0.86,6.59,,光伏
300684.SZ,中石科技,电子,-5.41,13.26,-1,0,,3,1,2.22,2.26,-0.04,上涨但弱于行业,0,1,0,1,光伏,1.03,11.62,,光伏、共封装光学(CPO)、液冷服务器
300062.SZ,中能电气,电力设备,-1.6,1.07,-1,0,,1,0,-2.36,-1.96,-0.4,补跌且弱于行业,0,0,0,1,光伏,0.3,1.21,,光伏
300933.SZ,中辰股份,电力设备,-3.86,1.07,-1,0,,1,0,-3.04,-1.96,-1.08,补跌且弱于行业,0,0,0,1,光伏,0.43,1.15,,光伏
300808.SZ,久量股份,电子,-2.08,0.45,-1,0,,1,0,3.03,2.26,0.77,抗住且相对强,1,1,0,1,光学光电子,2.86,0.95,,光学光电子
002962.SZ,五方光电,电子,-2.92,9.55,-1,0,1年新高,1,1,1.03,2.26,-1.23,上涨但弱于行业,0,1,0,1,光学光电子,6.13,12.04,2年新高,光学光电子
002952.SZ,亚世光电,电子,-3.46,2.29,-1,0,,1,0,-2.36,2.26,-4.62,补跌且弱于行业,0,0,0,1,光学光电子,1.08,2.01,,光学光电子
002623.SZ,亚玛顿,电力设备,-1.78,0.84,-1,0,,2,0,-2.26,-1.96,-0.3,补跌且弱于行业,0,0,0,1,光伏、钙钛矿电池,3.72,1.43,,光伏、钙钛矿电池
300628.SZ,亿联网络,通信,-0.56,6.03,-1,0,,1,0,-1.3,0.07,-1.37,补跌且弱于行业,0,0,0,1,通信设备,1.62,7.88,1年新高,通信设备
002922.SZ,伊戈尔,电子,-3.26,13.41,-1,0,,1,0,-0.23,2.26,-2.49,补跌且弱于行业,0,0,0,1,光伏,-2.8,9.17,,光伏
688573.SH,信宇人,电力设备,-2.69,0.47,-1,0,,2,0,-2.52,-1.96,-0.56,补跌且弱于行业,0,0,0,1,钙钛矿电池,0.71,0.58,,存储芯片、钙钛矿电池
301349.SZ,信德新材,电力设备,-2.05,4.69,-1,0,,2,0,-4.11,-1.96,-2.15,补跌且弱于行业,0,0,0,1,光伏、光纤,-2.19,3.37,,光伏、光纤
300450.SZ,先导智能,电力设备,-1.02,27.26,-1,0,,6,1,-1.72,-1.96,0.24,补跌但相对强,1,2,0,1,光伏、钙钛矿电池,0.21,29.1,,BC电池、PCB、PET铜箔、TOPCON电池、光伏、钙钛矿电池
300735.SZ,光弘科技,电子,-3.24,5.69,-1,0,,3,1,-1.38,2.26,-3.64,补跌且弱于行业,0,1,0,1,光伏,0.6,5.72,,MCU芯片、光伏、液冷服务器
300489.SZ,光智科技,电子,-1.2,13.06,-1,0,,2,0,-4.41,2.26,-6.67,补跌且弱于行业,0,0,0,1,光学光电子,-3.23,10.79,,先进封装、光学光电子
688181.SH,八亿时空,电子,-3.06,4.44,-1,0,,5,1,2.06,2.26,-0.2,上涨但弱于行业,0,1,0,1,光学光电子,1.72,4.27,,AI眼镜、先进封装、光刻胶、光学光电子、液冷服务器
002436.SZ,兴森科技,电子,-5.68,92.53,-1,0,历史新高,7,1,2.64,2.26,0.38,抗住且相对强,1,2,0,1,6G,-7.27,71.85,,6G、PCB、元件、先进封装、共封装光学(CPO)、存储芯片、芯片
000727.SZ,冠捷科技,电子,-2.01,7.03,-1,0,,2,0,-0.68,2.26,-2.94,补跌且弱于行业,0,0,0,1,光学光电子,3.45,11.21,120日新高,PCB、光学光电子
605588.SH,冠石科技,电子,-2.37,1.4,-1,0,,2,0,-0.11,2.26,-2.37,补跌且弱于行业,0,0,0,1,光学光电子,-0.55,1.18,,光学光电子、芯片
920179.BJ,凯德石英,电子,-2.36,3.61,-1,0,,3,1,,2.26,,unknown,0,1,0,1,光伏,-1.69,4.52,,光伏、半导体、芯片
600552.SH,凯盛科技,电子,-1.54,18.18,-1,0,,5,1,6.42,2.26,4.16,抗住且相对强,1,2,0,1,光伏、光学光电子,9.98,29.8,历史新高,PCB、先进封装、光伏、光学光电子、芯片
688499.SH,利元亨,电力设备,-3.79,4.77,-1,0,,3,1,-2.65,-1.96,-0.69,补跌且弱于行业,0,1,0,1,光伏、钙钛矿电池,1.21,4.08,,PET铜箔、光伏、钙钛矿电池
688589.SH,力合微,电子,-1.3,0.95,-1,0,,4,1,-2.28,2.26,-4.54,补跌且弱于行业,0,1,0,1,光伏,-0.6,0.88,,MCU芯片、光伏、半导体、芯片
300184.SZ,力源信息,电子,-2.35,38.77,-1,0,,7,1,1.74,2.26,-0.52,上涨但弱于行业,0,1,0,1,6G、光伏,-6.28,29.18,,6G、MCU芯片、PCB、光伏、存储芯片、液冷服务器、芯片
600405.SH,动力源,电力设备,-3.93,0.89,-1,0,,1,0,-3.01,-1.96,-1.05,补跌且弱于行业,0,0,0,1,光伏,1.33,0.52,,光伏
002350.SZ,北京科锐,电力设备,-2.04,2.61,-1,0,,1,0,-2.42,-1.96,-0.46,补跌且弱于行业,0,0,0,1,光伏,0,2.17,,光伏
000509.SZ,华塑控股,电子,-5.05,9.29,-1,0,,1,0,-2.04,2.26,-4.3,补跌且弱于行业,0,0,0,1,光学光电子,-0.63,8.15,,光学光电子
000536.SZ,华映科技,电子,-2.09,3.04,-1,0,,2,0,10.13,2.26,7.87,抗住且相对强,1,1,0,1,光学光电子,0,8.71,,光学光电子、芯片
603186.SH,华正新材,电子,-2.52,17.99,-1,0,,5,1,4.27,2.26,2.01,抗住且相对强,1,2,0,1,6G,0.07,18.72,,6G、PCB、元件、先进封装、芯片
002506.SZ,协鑫集成,电力设备,-0.59,7.05,-1,0,,4,1,2.95,-1.96,4.91,抗住且相对强,1,2,0,1,光伏、钙钛矿电池,-1.43,9.29,,BC电池、TOPCON电池、光伏、钙钛矿电池
603936.SH,博敏电子,电子,-1.9,14.08,-1,0,,7,1,-0.18,2.26,-2.44,补跌且弱于行业,0,1,0,1,6G,-1.06,11.59,,6G、PCB、元件、先进封装、共封装光学(CPO)、存储芯片、液冷服务器
300444.SZ,双杰电气,电力设备,-1.41,5.2,-1,0,,1,0,-2.01,-1.96,-0.05,补跌且弱于行业,0,0,0,1,光伏,-1.24,4.58,,光伏
600481.SH,双良节能,电力设备,-2.58,4.8,-1,0,,2,0,1.22,-1.96,3.18,抗住且相对强,1,1,0,1,光伏,0.4,5.8,,光伏、液冷服务器
002782.SZ,可立克,电子,-3.68,8.01,-1,0,,1,0,-0.79,2.26,-3.05,补跌且弱于行业,0,0,0,1,光伏,3.21,7.52,,光伏
688390.SH,固德威,电力设备,-1.66,11.96,-1,0,,1,0,-2.32,-1.96,-0.36,补跌且弱于行业,0,0,0,1,光伏,-13.03,25.49,,光伏
600406.SH,国电南瑞,电力设备,-1.58,20.43,-1,0,,2,0,-1.86,-1.96,0.1,补跌但相对强,1,1,0,1,光伏,-1.47,16.0,,光伏、芯片
688733.SH,壹石通,电力设备,-3.44,4.4,-1,0,,5,1,1.35,-1.96,3.31,抗住且相对强,1,2,0,1,光伏,-3.46,4.31,,PCB、先进封装、光伏、存储芯片、芯片
688599.SH,天合光能,电力设备,-2.1,5.2,-1,0,,4,1,-0.41,-1.96,1.55,补跌但相对强,1,2,0,1,光伏、钙钛矿电池,-1.94,5.77,,BC电池、TOPCON电池、光伏、钙钛矿电池
605066.SH,天正电气,电力设备,-2.04,1.53,-1,0,,1,0,-4.58,-1.96,-2.62,补跌且弱于行业,0,0,0,1,光伏,-0.87,0.99,,光伏
600330.SH,天通股份,电子,-1.56,62.47,-1,0,,5,1,-5.49,2.26,-7.75,补跌且弱于行业,0,1,0,1,光伏,-1.18,57.44,,AI眼镜、PCB、先进封装、光伏、芯片
301023.SZ,奕帆传动,电力设备,-2.38,1.04,-1,0,,1,0,-0.53,-1.96,1.43,补跌但相对强,1,1,0,1,光伏,4.37,1.52,,光伏
002913.SZ,奥士康,电子,-2.51,5.21,-1,0,,4,1,-0.02,2.26,-2.28,补跌且弱于行业,0,1,0,1,6G,-3.79,4.05,,6G、PCB、元件、英伟达
002993.SZ,奥海科技,电子,-1.6,4.86,-1,0,,2,0,2.82,2.26,0.56,抗住且相对强,1,1,0,1,光伏,4.21,8.62,,AI眼镜、光伏
300738.SZ,奥飞数据,通信,-3.54,14.82,-1,0,,2,0,-1.65,0.07,-1.72,补跌且弱于行业,0,0,0,1,光伏,-1.96,10.09,,光伏、芯片
002729.SZ,好利科技,电子,-1.27,1.2,-1,0,,1,0,-3.54,2.26,-5.8,补跌且弱于行业,0,0,0,1,光伏,-0.22,0.97,,光伏
688100.SH,威胜信息,通信,-2.24,1.26,-1,0,,2,0,-2.44,0.07,-2.51,补跌且弱于行业,0,0,0,1,通信设备,-0.85,1.11,,芯片、通信设备
688226.SH,威腾电气,电力设备,-2.24,3.25,-1,0,,2,0,3.65,-1.96,5.61,抗住且相对强,1,1,0,1,光伏,-1.1,4.12,,光伏、共封装光学(CPO)
301266.SZ,宇邦新材,电力设备,-1.87,0.91,-1,0,,2,0,6.42,-1.96,8.38,抗住且相对强,1,1,0,1,光伏,-1.15,1.63,,BC电池、光伏
600207.SH,安彩高科,电力设备,-6.92,4.05,-1,0,,2,0,-0.76,-1.96,1.2,补跌但相对强,1,1,0,1,光伏,9.94,5.5,,光伏、芯片
300617.SZ,安靠智电,电力设备,-2.1,6.51,-1,0,,1,0,-3.26,-1.96,-1.3,补跌且弱于行业,0,0,0,1,光伏,3.67,10.26,,光伏
600885.SH,宏发股份,电力设备,-1.22,6.19,-1,0,,1,0,0.63,-1.96,2.59,抗住且相对强,1,1,0,1,光伏,-4.53,5.98,,光伏
300310.SZ,宜通世纪,通信,-1.36,1.44,-1,0,,2,0,-3.94,0.07,-4.01,补跌且弱于行业,0,0,0,1,光伏,2.05,1.72,,光伏、共封装光学(CPO)
003019.SZ,宸展光电,电子,-3.59,4.49,-1,0,,2,0,-4.17,2.26,-6.43,补跌且弱于行业,0,0,0,1,光学光电子,-3.45,5.58,,光学光电子、芯片
603333.SH,尚纬股份,电力设备,-3.02,2.23,-1,0,,1,0,-0.69,-1.96,1.27,补跌但相对强,1,1,0,1,光伏,2.09,2.38,,光伏
300537.SZ,广信材料,电子,-1.94,3.66,-1,0,,5,1,0.24,2.26,-2.02,上涨但弱于行业,0,1,0,1,光伏,6.31,7.85,,BC电池、PCB、光伏、光刻胶、芯片
001308.SZ,康冠科技,电子,-1.77,2.04,-1,0,,2,0,-1.43,2.26,-3.69,补跌且弱于行业,0,0,0,1,光学光电子,0.05,1.59,,AI眼镜、光学光电子
300513.SZ,恒实科技,通信,-1.74,0.57,-1,0,,2,0,-2.41,0.07,-2.48,补跌且弱于行业,0,0,0,1,光伏,2.98,0.62,,光伏、芯片
301012.SZ,扬电科技,电力设备,-1.2,2.98,-1,0,,1,0,-0.69,-1.96,1.27,补跌但相对强,1,1,0,1,光伏,-3.74,3.06,,光伏
002139.SZ,拓邦股份,电子,-3.57,2.9,-1,0,,1,0,-1.2,2.26,-3.46,补跌且弱于行业,0,0,0,1,光伏,2.53,3.68,,光伏
603507.SH,振江股份,电力设备,-1.04,1.67,-1,0,,1,0,-2.32,-1.96,-0.36,补跌且弱于行业,0,0,0,1,光伏,-1.7,1.88,,光伏
300724.SZ,捷佳伟创,电力设备,-1.02,8.47,-1,0,,8,1,2.1,-1.96,4.06,抗住且相对强,1,2,0,1,光伏、钙钛矿电池,-2.45,9.53,,BC电池、PCB、PET铜箔、TOPCON电池、先进封装、光伏、芯片、钙钛矿电池
002388.SZ,新亚制程,电子,-3.2,2.69,-1,0,,1,0,0.92,2.26,-1.34,上涨但弱于行业,0,0,0,1,光伏,1.82,3.03,,光伏
605277.SH,新亚电子,电子,-1.43,8.9,-1,0,,3,1,-4.42,2.26,-6.68,补跌且弱于行业,0,1,0,1,光伏,-1.95,4.65,,光伏、液冷服务器、铜缆高速连接
920152.BJ,昆工科技,电力设备,-7.42,1.45,-1,0,,1,0,,-1.96,,unknown,0,0,0,1,钙钛矿电池,1.72,2.06,60日新高,钙钛矿电池
601615.SH,明阳智能,电力设备,-1.72,12.53,-1,0,,3,1,-1.81,-1.96,0.15,补跌但相对强,1,2,0,1,光伏、钙钛矿电池,-3.63,13.59,,光伏、芯片、钙钛矿电池
301291.SZ,明阳电气,电力设备,-4.3,5.54,-1,0,,1,0,0.73,-1.96,2.69,抗住且相对强,1,1,0,1,光伏,-4.78,5.26,,光伏
300739.SZ,明阳电路,电子,-3.9,11.48,-1,0,,6,1,-0.36,2.26,-2.62,补跌且弱于行业,0,1,0,1,6G,-2.51,7.19,,6G、PCB、元件、先进封装、共封装光学(CPO)、芯片
002396.SZ,星网锐捷,通信,-1.46,9.65,-1,0,,2,0,-4.34,0.07,-4.41,补跌且弱于行业,0,0,0,1,通信设备,-0.28,8.23,,共封装光学(CPO)、通信设备
688080.SH,映翰通,通信,-1.93,0.56,-1,0,,1,0,-1.63,0.07,-1.7,补跌且弱于行业,0,0,0,1,通信设备,2.15,0.69,,通信设备
688348.SH,昱能科技,电力设备,-2.07,0.82,-1,0,,2,0,-1.53,-1.96,0.43,补跌但相对强,1,1,0,1,光伏,0.03,1.01,,光伏、芯片
603228.SH,景旺电子,电子,-1.72,31.28,-1,0,,5,1,1.37,2.26,-0.89,上涨但弱于行业,0,1,0,1,6G,-5.27,24.41,,6G、PCB、元件、共封装光学(CPO)、英伟达
002459.SZ,晶澳科技,电力设备,-0.91,3.53,-1,0,,4,1,-0.69,-1.96,1.27,补跌但相对强,1,2,0,1,光伏、钙钛矿电池,-2.09,4.19,,BC电池、TOPCON电池、光伏、钙钛矿电池
688223.SH,晶科能源,电力设备,-1.6,6.19,-1,0,,4,1,0.54,-1.96,2.5,抗住且相对强,1,2,0,1,光伏、钙钛矿电池,-3.06,7.2,,BC电池、TOPCON电池、光伏、钙钛矿电池
301325.SZ,曼恩斯特,电力设备,-3.06,2.51,-1,0,,4,1,0.23,-1.96,2.19,抗住且相对强,1,2,0,1,光伏、钙钛矿电池,-0.57,2.06,,先进封装、光伏、芯片、钙钛矿电池
688159.SH,有方科技,通信,-1.36,1.99,-1,0,,2,0,-1.14,0.07,-1.21,补跌且弱于行业,0,0,0,1,通信设备,0.64,2.0,,存储芯片、通信设备
603191.SH,望变电气,电力设备,-4.04,4.35,-1,0,,1,0,-8.67,-1.96,-6.71,补跌且弱于行业,0,0,0,1,光伏,-2.88,3.12,,光伏
301386.SZ,未来电器,电力设备,-2.82,0.42,-1,0,,1,0,-0.79,-1.96,1.17,补跌但相对强,1,1,0,1,光伏,1.13,0.39,,光伏
300964.SZ,本川智能,电子,-5.96,10.46,-1,0,,4,1,4.52,2.26,2.26,抗住且相对强,1,2,0,1,6G,3.72,10.26,历史新高,6G、PCB、元件、共封装光学(CPO)
600884.SH,杉杉股份,电力设备,-1.35,9.54,-1,0,,2,0,-2.23,-1.96,-0.27,补跌且弱于行业,0,0,0,1,光伏、光学光电子,0.81,9.83,,光伏、光学光电子
002358.SZ,森源电气,电力设备,-1.25,1.15,-1,0,,1,0,-1.58,-1.96,0.38,补跌但相对强,1,1,0,1,光伏,0.16,1.07,,光伏
300701.SZ,森霸传感,电子,-1.66,0.52,-1,0,,1,0,-2.06,2.26,-4.32,补跌且弱于行业,0,0,0,1,光学光电子,1.62,0.72,,光学光电子
301388.SZ,欣灵电气,电力设备,-3.12,0.51,-1,0,,1,0,-1.46,-1.96,0.5,补跌但相对强,1,1,0,1,光伏,2.3,0.49,,光伏
688530.SH,欧莱新材,电子,-2.08,3.54,-1,0,,5,1,2.16,2.26,-0.1,上涨但弱于行业,0,1,0,1,光伏、钙钛矿电池,-0.16,2.46,,PET铜箔、光伏、半导体、芯片、钙钛矿电池
300410.SZ,正业科技,电力设备,-5.23,9.08,-1,0,,5,1,0.16,-1.96,2.12,抗住且相对强,1,2,0,1,光伏,-1.15,7.79,,BC电池、PCB、先进封装、光伏、芯片
601877.SH,正泰电器,电力设备,-1.14,7.23,-1,0,,1,0,-2.02,-1.96,-0.06,补跌且弱于行业,0,0,0,1,光伏,-1.46,5.43,,光伏
002194.SZ,武汉凡谷,通信,-1.13,5.44,-1,0,,4,1,-2.99,0.07,-3.06,补跌且弱于行业,0,1,0,1,6G、通信设备,9.96,4.31,,6G、共封装光学(CPO)、芯片、通信设备
300656.SZ,民德电子,电子,-1.85,1.99,-1,0,,2,0,3.01,2.26,0.75,抗住且相对强,1,1,0,1,光伏,-1.25,1.32,,光伏、芯片
002273.SZ,水晶光电,电子,-0.59,31.02,-1,0,,4,1,0.9,2.26,-1.36,上涨但弱于行业,0,1,0,1,光学光电子,-2.58,26.68,,AI手机、AI眼镜、光学光电子、共封装光学(CPO)
603297.SH,永新光学,电子,-0.67,2.35,-1,0,,5,1,0.06,2.26,-2.2,上涨但弱于行业,0,1,0,1,光学光电子,0.07,1.85,,AI眼镜、PCB、光刻机、光学光电子、芯片
603381.SH,永臻股份,电力设备,-2.04,0.9,-1,0,,2,0,-1.44,-1.96,0.52,补跌但相对强,1,1,0,1,光伏,-0.05,0.79,,光伏、液冷服务器
300909.SZ,汇创达,电子,-2.33,2.27,-1,0,,1,0,-1.98,2.26,-4.24,补跌且弱于行业,0,0,0,1,光学光电子,1.19,1.98,,光学光电子
000586.SZ,汇源通信,通信,-1.14,3.88,-1,0,,2,0,0.36,0.07,0.29,抗住且相对强,1,1,0,1,光纤、通信设备,-1.81,2.36,,光纤、通信设备
603577.SH,汇金通,电力设备,-3.02,0.57,-1,0,,1,0,-1.4,-1.96,0.56,补跌但相对强,1,1,0,1,光伏,0,0.51,,光伏
301275.SZ,汉朔科技,电子,-1.9,2.64,-1,0,,2,0,-2.49,2.26,-4.75,补跌且弱于行业,0,0,0,1,光伏,0.56,2.39,,光伏、芯片
300666.SZ,江丰电子,电子,-0.58,37.96,-1,0,,5,1,1.22,2.26,-1.04,上涨但弱于行业,0,1,0,1,光伏,-4.44,30.99,,光伏、光刻机、半导体、存储芯片、芯片
603773.SH,沃格光电,电子,-2.61,43.46,-1,0,历史新高,9,1,3.01,2.26,0.75,抗住且相对强,1,2,0,1,6G、光学光电子、钙钛矿电池,8.17,47.47,历史新高,6G、PET铜箔、先进封装、光刻机、光学光电子、共封装光学(CPO)、存储芯片、芯片、钙钛矿电池
600563.SH,法拉电子,电子,-2.94,18.04,-1,0,,3,1,6.67,2.26,4.41,抗住且相对强,1,2,0,1,光伏,-1.39,24.43,,MLCC、元件、光伏
002927.SZ,泰永长征,电力设备,-2.86,4.9,-1,0,,2,0,-3.58,-1.96,-1.62,补跌且弱于行业,0,0,0,1,光伏,-0.09,3.74,,PCB、光伏
300129.SZ,泰胜风能,电力设备,-2.54,2.59,-1,0,,1,0,0.4,-1.96,2.36,抗住且相对强,1,1,0,1,光伏,-0.7,2.29,,光伏
301636.SZ,泽润新能,电力设备,-1.77,0.61,-1,0,,2,0,-0.88,-1.96,1.08,补跌但相对强,1,1,0,1,光伏、钙钛矿电池,-0.34,0.68,,光伏、钙钛矿电池
603829.SH,洛凯股份,电力设备,-2.19,1.07,-1,0,,1,0,-8.8,-1.96,-6.84,补跌且弱于行业,0,0,0,1,光伏,0.59,1.47,,光伏
002929.SZ,润建股份,通信,-1.33,17.09,-1,0,,1,0,-1.7,0.07,-1.77,补跌且弱于行业,0,0,0,1,光伏,-0.43,15.0,,光伏
000062.SZ,深圳华强,电子,-2.03,46.79,-1,0,,5,1,-0.21,2.26,-2.47,补跌且弱于行业,0,1,0,1,6G,2.72,26.91,,6G、MLCC、共封装光学(CPO)、存储芯片、芯片
000695.SZ,滨海能源,电力设备,-1.62,1.74,-1,0,,1,0,-3.99,-1.96,-2.03,补跌且弱于行业,0,0,0,1,光伏,0.36,1.97,,光伏
300689.SZ,澄天伟业,通信,-1.6,1.08,-1,0,,3,1,0.0,0.07,-0.07,上涨但弱于行业,0,1,0,1,通信设备,0.65,0.92,,液冷服务器、芯片、通信设备
600732.SH,爱旭股份,电力设备,-0.85,2.77,-1,0,,3,1,-1.54,-1.96,0.42,补跌但相对强,1,2,0,1,光伏,-2.61,3.47,,BC电池、TOPCON电池、光伏
300051.SZ,琏升科技,电力设备,-2.13,2.17,-1,0,,3,1,-2.09,-1.96,-0.13,补跌且弱于行业,0,1,0,1,光伏、钙钛矿电池,-2.04,2.02,,TOPCON电池、光伏、钙钛矿电池
688550.SH,瑞联新材,电子,-2.03,4.27,-1,0,,2,0,-1.19,2.26,-3.45,补跌且弱于行业,0,0,0,1,钙钛矿电池,4.58,4.59,,光刻胶、钙钛矿电池
603861.SH,白云电器,电力设备,-4.47,5.85,-1,0,,1,0,5.54,-1.96,7.5,抗住且相对强,1,1,0,1,光伏,3.69,8.64,20日新高,光伏
603703.SH,盛洋科技,电子,-1.28,1.55,-1,0,,3,1,2.02,2.26,-0.24,上涨但弱于行业,0,1,0,1,光学光电子、光纤,3.25,2.66,,光学光电子、光纤、铜缆高速连接
300322.SZ,硕贝德,电子,-1.89,10.4,-1,0,,5,1,12.5,2.26,10.24,抗住且相对强,1,2,0,1,6G,6.8,32.46,历史新高,6G、AI眼镜、先进封装、液冷服务器、芯片
601865.SH,福莱特,电力设备,-1.99,1.71,-1,0,,1,0,-0.97,-1.96,0.99,补跌但相对强,1,1,0,1,光伏,-0.8,1.88,,光伏
688032.SH,禾迈股份,电力设备,-0.99,1.06,-1,0,,1,0,-2.37,-1.96,-0.41,补跌且弱于行业,0,0,0,1,光伏,0.05,1.25,,光伏
300565.SZ,科信技术,通信,-1.0,2.59,-1,0,,3,1,1.48,0.07,1.41,抗住且相对强,1,2,0,1,光纤、通信设备,-1.31,2.29,,光纤、液冷服务器、通信设备
002335.SZ,科华数据,电力设备,-1.0,13.92,-1,0,,2,0,-1.33,-1.96,0.63,补跌但相对强,1,1,0,1,光伏,-3.51,10.63,,光伏、液冷服务器
002518.SZ,科士达,电力设备,-1.29,6.61,-1,0,,2,0,-0.1,-1.96,1.86,补跌但相对强,1,1,0,1,光伏,-0.64,8.21,,光伏、液冷服务器
300222.SZ,科大智能,电力设备,-7.98,15.69,-1,0,,1,0,-0.26,-1.96,1.7,补跌但相对强,1,1,0,1,光伏,-1.86,9.02,,光伏
603050.SH,科林电气,电力设备,-6.8,2.7,-1,0,,1,0,-2.8,-1.96,-0.84,补跌且弱于行业,0,0,0,1,光伏,-2.73,1.91,,光伏
920062.BJ,科润智控,电力设备,-2.53,0.84,-1,0,,1,0,,-1.96,,unknown,0,0,0,1,光伏,3.87,1.04,20日新高,光伏
300590.SZ,移为通信,通信,-3.89,3.31,-1,0,,2,0,1.92,0.07,1.85,抗住且相对强,1,1,0,1,通信设备,0.91,2.37,,芯片、通信设备
300120.SZ,经纬辉开,电子,-3.02,4.73,-1,0,,3,1,-2.28,2.26,-4.54,补跌且弱于行业,0,1,0,1,光学光电子,-2.21,2.93,,PET铜箔、光学光电子、芯片
301307.SZ,美利信,通信,-3.16,4.84,-1,0,,3,1,6.42,0.07,6.35,抗住且相对强,1,2,0,1,通信设备,-0.82,4.39,,液冷服务器、芯片、通信设备
002881.SZ,美格智能,通信,-5.92,8.04,-1,0,,4,1,-0.58,0.07,-0.65,补跌且弱于行业,0,1,0,1,通信设备,3.33,5.42,,AI眼镜、MCU芯片、芯片、通信设备
301295.SZ,美硕科技,电力设备,-3.1,0.86,-1,0,,1,0,-0.51,-1.96,1.45,补跌但相对强,1,1,0,1,光伏,4.88,0.95,,光伏
301321.SZ,翰博高新,电子,-1.15,2.54,-1,0,,1,0,-2.14,2.26,-4.4,补跌且弱于行业,0,0,0,1,光学光电子,2.88,2.24,,光学光电子
002036.SZ,联创电子,电子,-3.26,7.77,-1,0,,5,1,-0.67,2.26,-2.93,补跌且弱于行业,0,1,0,1,光学光电子,2.71,8.11,,AI眼镜、光学光电子、共封装光学(CPO)、芯片、英伟达
300269.SZ,联建光电,电子,-1.86,0.87,-1,0,,1,0,-0.57,2.26,-2.83,补跌且弱于行业,0,0,0,1,光学光电子,1.9,1.54,,光学光电子
300545.SZ,联得装备,电子,-3.18,3.52,-1,0,,6,1,2.03,2.26,-0.23,上涨但弱于行业,0,1,0,1,光伏、光学光电子、钙钛矿电池,5.68,7.05,,AI眼镜、先进封装、光伏、光学光电子、芯片、钙钛矿电池
301205.SZ,联特科技,通信,-1.72,50.52,-1,0,,3,1,-0.66,0.07,-0.73,补跌且弱于行业,0,1,0,1,通信设备,1.74,52.91,历史新高,共封装光学(CPO)、芯片、通信设备
301486.SZ,致尚科技,电子,-4.75,34.78,-1,0,,4,1,-5.16,2.26,-7.42,补跌且弱于行业,0,1,0,1,光纤、通信设备,2.58,23.75,,光纤、共封装光学(CPO)、芯片、通信设备
600151.SH,航天机电,电力设备,-1.95,7.17,-1,0,,2,0,0.4,-1.96,2.36,抗住且相对强,1,1,0,1,光伏,-1.03,5.86,,TOPCON电池、光伏
002706.SZ,良信股份,电力设备,-1.98,7.95,-1,0,,1,0,-2.24,-1.96,-0.28,补跌且弱于行业,0,0,0,1,光伏,-3.59,7.36,,光伏
688717.SH,艾罗能源,电力设备,-1.74,3.64,-1,0,,1,0,-1.89,-1.96,0.07,补跌但相对强,1,1,0,1,光伏,-5.29,5.66,,光伏
920770.BJ,艾能聚,电力设备,-2.98,0.4,-1,0,,1,0,,-1.96,,unknown,0,0,0,1,光伏,1.73,1.49,,光伏
002983.SZ,芯瑞达,电子,-2.07,1.11,-1,0,,2,0,-0.62,2.26,-2.88,补跌且弱于行业,0,0,0,1,光学光电子,10.01,1.81,,AI眼镜、光学光电子
300956.SZ,英力股份,电子,-10.94,7.58,-1,0,,2,0,-7.95,2.26,-10.21,补跌且弱于行业,0,0,0,1,光伏,-5.65,4.31,,TOPCON电池、光伏
300713.SZ,英可瑞,电力设备,-1.81,0.51,-1,0,,2,0,-3.43,-1.96,-1.47,补跌且弱于行业,0,0,0,1,光伏,0.48,0.64,,PCB、光伏
300820.SZ,英杰电气,电力设备,-0.49,4.67,-1,0,,4,1,4.53,-1.96,6.49,抗住且相对强,1,2,0,1,光伏,-2.28,4.23,,TOPCON电池、光伏、可控核聚变、芯片
300582.SZ,英飞特,电子,-1.17,1.16,-1,0,,1,0,-0.49,2.26,-2.75,补跌且弱于行业,0,0,0,1,光学光电子,3.14,1.78,,光学光电子
688150.SH,莱特光电,电子,-3.17,8.42,-1,0,,2,0,2.68,2.26,0.42,抗住且相对强,1,1,0,1,钙钛矿电池,-4.21,9.03,,PCB、钙钛矿电池
301191.SZ,菲菱科思,通信,-1.63,8.01,-1,0,,3,1,-1.15,0.07,-1.22,补跌且弱于行业,0,1,0,1,6G、通信设备,-3.8,6.2,,6G、芯片、通信设备
603312.SH,西典新能,电力设备,-2.14,0.66,-1,0,,1,0,-2.53,-1.96,-0.57,补跌且弱于行业,0,0,0,1,光伏,0.68,0.65,,光伏
002534.SZ,西子洁能,电力设备,-1.61,3.15,-1,0,,2,0,2.19,-1.96,4.15,抗住且相对强,1,1,0,1,光伏、钙钛矿电池,-1.55,2.65,,光伏、钙钛矿电池
688638.SH,誉辰智能,电力设备,-2.38,0.29,-1,0,,2,0,-1.48,-1.96,0.48,补跌但相对强,1,1,0,1,光伏,1.18,0.28,,光伏、芯片
920496.BJ,许昌智能,电力设备,-2.67,0.19,-1,0,,1,0,,-1.96,,unknown,0,0,0,1,光伏,2.9,0.24,,光伏
000400.SZ,许继电气,电力设备,-2.37,7.06,-1,0,,2,0,-6.95,-1.96,-4.99,补跌且弱于行业,0,0,0,1,光伏,-3.82,7.36,,光伏、可控核聚变
300456.SZ,赛微电子,电子,-0.89,27.26,-1,0,,6,1,-1.9,2.26,-4.16,补跌且弱于行业,0,1,0,1,6G,-4.16,18.07,,6G、先进封装、光刻机、共封装光学(CPO)、半导体、芯片
300976.SZ,达瑞电子,电子,-1.42,4.42,-1,0,,3,1,-3.1,2.26,-5.36,补跌且弱于行业,0,1,0,1,光伏,9.09,6.71,,光伏、液冷服务器、芯片
300751.SZ,迈为股份,电力设备,-0.33,27.31,-1,0,,5,1,4.09,-1.96,6.05,抗住且相对强,1,2,0,1,光伏、钙钛矿电池,1.14,26.56,,先进封装、光伏、存储芯片、芯片、钙钛矿电池
002692.SZ,远程股份,电力设备,-1.73,0.64,-1,0,,2,0,-1.54,-1.96,0.42,补跌但相对强,1,1,0,1,光伏,0.67,0.94,,光伏、芯片
300265.SZ,通光线缆,电力设备,-2.04,19.79,-1,0,,2,0,0.72,-1.96,2.68,抗住且相对强,1,1,0,1,光伏、光纤,1.52,19.48,,光伏、光纤
600438.SH,通威股份,电力设备,-0.92,5.41,-1,0,,5,1,-0.64,-1.96,1.32,补跌但相对强,1,2,0,1,光伏、钙钛矿电池,-2.09,6.29,,BC电池、TOPCON电池、光伏、芯片、钙钛矿电池
002560.SZ,通达股份,电力设备,-0.67,4.2,-1,0,,1,0,-2.03,-1.96,-0.07,补跌且弱于行业,0,0,0,1,光伏,0,4.07,,光伏
002491.SZ,通鼎互联,通信,-2.79,68.81,-1,0,,2,0,10.0,0.07,9.93,抗住且相对强,1,1,0,1,光纤、通信设备,-7.49,79.66,3年新高,光纤、通信设备
300510.SZ,金冠股份,电力设备,-2.65,0.7,-1,0,,1,0,-2.18,-1.96,-0.22,补跌且弱于行业,0,0,0,1,光伏,1.11,0.59,,光伏
301041.SZ,金百泽,电子,-1.55,2.88,-1,0,,3,1,-3.6,2.26,-5.86,补跌且弱于行业,0,1,0,1,6G,1.21,2.66,,6G、PCB、元件
688676.SH,金盘科技,电力设备,-0.27,19.85,-1,0,,1,0,-1.35,-1.96,0.61,补跌但相对强,1,1,0,1,光伏,-5.04,18.96,,光伏
603396.SH,金辰股份,电力设备,-1.89,0.92,-1,0,,3,1,-0.83,-1.96,1.13,补跌但相对强,1,2,0,1,光伏、钙钛矿电池,2.48,1.42,,TOPCON电池、光伏、钙钛矿电池
300128.SZ,锦富技术,电力设备,-2.81,4.98,-1,0,,4,1,-1.05,-1.96,0.91,补跌但相对强,1,2,0,1,光伏,-1.2,4.75,,BC电池、光伏、液冷服务器、英伟达
300763.SZ,锦浪科技,电力设备,-2.77,23.87,-1,0,,2,0,-3.27,-1.96,-1.31,补跌且弱于行业,0,0,0,1,光伏,-8.07,19.8,,光伏、芯片
600192.SH,长城电工,电力设备,-1.87,0.45,-1,0,,1,0,-2.59,-1.96,-0.63,补跌且弱于行业,0,0,0,1,光伏,0.42,0.39,,光伏
002452.SZ,长高电新,电力设备,-1.23,2.49,-1,0,,1,0,-1.69,-1.96,0.27,补跌但相对强,1,1,0,1,光伏,1.81,3.04,,光伏
300274.SZ,阳光电源,电力设备,-1.1,110.18,-1,0,,1,0,-3.78,-1.96,-1.82,补跌且弱于行业,0,0,0,1,光伏,-6.45,132.42,,光伏
688472.SH,阿特斯,电力设备,-0.99,6.62,-1,0,,4,1,-1.0,-1.96,0.96,补跌但相对强,1,2,0,1,光伏、钙钛矿电池,-3.94,7.95,,BC电池、TOPCON电池、光伏、钙钛矿电池
300706.SZ,阿石创,电子,-0.35,8.11,-1.0,0,,6,1,3.15,2.26,0.89,抗住且相对强,1,2,0,1,光伏、钙钛矿电池,-2.31,8.33,,PET铜箔、光伏、半导体、存储芯片、芯片、钙钛矿电池
300752.SZ,隆利科技,电子,-2.39,3.99,-1,0,120日新高,2,1,-2.93,2.26,-5.19,补跌且弱于行业,0,1,0,1,光学光电子,7.78,4.84,120日新高,AI眼镜、光学光电子
601012.SH,隆基绿能,电力设备,-0.45,19.58,-1,0,,4,1,-0.6,-1.96,1.36,补跌但相对强,1,2,0,1,光伏、钙钛矿电池,-1.57,16.66,,BC电池、TOPCON电池、光伏、钙钛矿电池
300162.SZ,雷曼光电,电子,-4.14,4.94,-1,0,,2,0,-2.77,2.26,-5.03,补跌且弱于行业,0,0,0,1,光学光电子,19.95,8.45,,先进封装、光学光电子
002138.SZ,顺络电子,电子,-2.15,20.83,-1,0,,7,1,5.75,2.26,3.49,抗住且相对强,1,2,0,1,6G、光伏,10.01,43.03,历史新高,6G、AI眼镜、PCB、元件、光伏、共封装光学(CPO)、芯片
000533.SZ,顺钠股份,电力设备,-2.96,5.41,-1,0,,2,0,-2.2,-1.96,-0.24,补跌且弱于行业,0,0,0,1,光伏,-2.16,3.12,,光伏、可控核聚变
300602.SZ,飞荣达,电子,-6.04,20.72,-1,0,,4,1,-0.05,2.26,-2.31,补跌且弱于行业,0,1,0,1,光伏,-3.48,12.44,,AI眼镜、光伏、共封装光学(CPO)、液冷服务器
301658.SZ,首航新能,电力设备,-3.09,2.28,-1,0,,1,0,-2.92,-1.96,-0.96,补跌且弱于行业,0,0,0,1,光伏,-1.59,1.87,,光伏
300098.SZ,高新兴,通信,-1.12,2.2,-1,0,,1,0,-2.64,0.07,-2.71,补跌且弱于行业,0,0,0,1,通信设备,1.94,2.61,,通信设备
002156.SZ,通富微电,电子,9.99,122.84,110.72,1,,5,1,1.25,2.26,-1.01,上涨但弱于行业,0,2,0,0,,-5.99,101.63,,先进封装、共封装光学(CPO)、半导体、存储芯片、芯片
600584.SH,长电科技,电子,6.34,262.69,102.76,1,,5,1,-0.06,2.26,-2.32,补跌且弱于行业,0,2,0,0,,-5.53,159.61,,先进封装、共封装光学(CPO)、半导体、存储芯片、芯片
688256.SH,寒武纪,电子,6.01,226.84,90.52,1,,3,1,-1.39,2.26,-3.65,补跌且弱于行业,0,2,0,0,,-4.39,156.21,,先进封装、半导体、芯片
688515.SH,裕太微-U,电子,13.59,32.05,76.94,1,3年新高,3,1,-7.92,2.26,-10.18,补跌且弱于行业,0,2,0,0,,-5.71,16.11,,半导体、芯片、铜缆高速连接
688802.SH,沐曦股份-U,电子,14.01,28.12,74.29,1,,3,1,-4.24,2.26,-6.5,补跌且弱于行业,0,2,0,0,,-1.97,21.9,,先进封装、半导体、芯片
603501.SH,豪威集团,电子,8.92,59.96,69.07,1,,5,1,-2.03,2.26,-4.29,补跌且弱于行业,0,2,0,0,,-3.51,23.55,,AI眼镜、MCU芯片、半导体、芯片、英伟达
688655.SH,迅捷兴,电子,20.01,8.09,56.91,1,,3,1,-3.34,2.26,-5.6,补跌且弱于行业,0,2,0,0,,-3.56,6.95,,PCB、元件、共封装光学(CPO)
688661.SH,和林微纳,电子,15.21,13.76,56.42,1,历史新高,2,1,-4.39,2.26,-6.65,补跌且弱于行业,0,2,0,0,,-3.08,6.19,,芯片、英伟达
603629.SH,利通电子,电子,6.38,75.13,55.3,1,,3,1,-3.59,2.26,-5.85,补跌且弱于行业,0,2,0,0,,-10.0,62.93,,液冷服务器、芯片、英伟达
920981.BJ,晶赛科技,电子,23.68,5.08,53.37,1,,3,1,,2.26,,unknown,0,2,0,0,,1.32,3.19,,元件、共封装光学(CPO)、芯片
002185.SZ,华天科技,电子,4.53,130.29,51.71,1,,5,1,0.52,2.26,-1.74,上涨但弱于行业,0,2,0,0,,-6.13,75.54,,先进封装、共封装光学(CPO)、半导体、存储芯片、芯片
301366.SZ,一博科技,电子,20.01,5.25,45.85,1,1年新高,5,1,-7.13,2.26,-9.39,补跌且弱于行业,0,2,0,0,,-3.76,10.1,,PCB、元件、共封装光学(CPO)、芯片、英伟达
688795.SH,摩尔线程-U,电子,8.35,29.89,45.65,1,,2,0,-1.78,2.26,-4.04,补跌且弱于行业,0,1,0,0,,-3.36,19.7,,半导体、芯片
688396.SH,华润微,电子,5.69,45.02,38.18,1,3年新高,6,1,1.52,2.26,-0.74,上涨但弱于行业,0,2,0,0,,-8.28,31.68,,MCU芯片、先进封装、共封装光学(CPO)、半导体、存储芯片、芯片
002119.SZ,康强电子,电子,9.94,11.1,33.12,1,,4,1,1.62,2.26,-0.64,上涨但弱于行业,0,2,0,0,,1.35,12.24,,先进封装、半导体、存储芯片、芯片
688123.SH,聚辰股份,电子,7.14,21.26,32.92,1,,5,1,0.97,2.26,-1.29,上涨但弱于行业,0,2,0,0,,-5.83,12.46,,AI眼镜、共封装光学(CPO)、半导体、存储芯片、芯片
688807.SH,优迅股份,电子,9.97,10.7,32.61,1,,4,1,-3.2,2.26,-5.46,补跌且弱于行业,0,2,0,0,,-0.38,7.15,,MCU芯片、共封装光学(CPO)、半导体、芯片
688536.SH,思瑞浦,电子,7.41,18.69,32.03,1,,4,1,0.55,2.26,-1.71,上涨但弱于行业,0,2,0,0,,-4.24,12.61,,MCU芯片、共封装光学(CPO)、半导体、芯片
603890.SH,春秋电子,电子,4.36,49.36,30.63,1,历史新高,1,1,-6.29,2.26,-8.55,补跌且弱于行业,0,2,0,0,,6.4,42.65,,AI眼镜
688037.SH,芯源微,电子,5.83,26.83,30.2,1,,6,1,0.65,2.26,-1.61,上涨但弱于行业,0,2,0,0,,-4.42,15.61,,先进封装、光刻胶、半导体、半导体设备、存储芯片、芯片
688072.SH,拓荆科技,电子,3.27,73.46,28.03,1,,5,1,1.22,2.26,-1.04,上涨但弱于行业,0,2,0,0,,-6.54,52.58,,先进封装、半导体、半导体设备、存储芯片、芯片
688719.SH,爱科赛博,电力设备,11.57,5.85,27.98,1,,1,0,3.3,-1.96,5.26,抗住且相对强,1,2,0,0,,-3.57,5.43,历史新高,可控核聚变
688702.SH,盛科通信-U,电子,4.66,32.83,26.7,1,,2,0,-1.07,2.26,-3.33,补跌且弱于行业,0,1,0,0,,-4.34,15.03,,半导体、芯片
300427.SZ,红相股份,电力设备,7.95,9.59,24.62,1,,1,0,-3.68,-1.96,-1.72,补跌且弱于行业,0,1,0,0,,3.96,4.1,,芯片
601138.SH,工业富联,电子,1.3,315.92,23.11,1,历史新高,4,1,-3.08,2.26,-5.34,补跌且弱于行业,0,2,0,0,,-5.72,197.88,,共封装光学(CPO)、液冷服务器、芯片、英伟达
301217.SZ,铜冠铜箔,电力设备,3.64,38.3,22.53,1,,2,0,2.19,-1.96,4.15,抗住且相对强,1,2,0,0,,1.38,34.85,,PCB、PET铜箔
300868.SZ,杰美特,电子,7.66,7.78,21.37,1,,1,0,12.73,2.26,10.47,抗住且相对强,1,2,0,0,,-5.83,6.59,,AI眼镜
301067.SZ,显盈科技,电子,10.87,3.21,19.48,1,,2,0,-1.23,2.26,-3.49,补跌且弱于行业,0,1,0,0,,1.66,1.85,,AI眼镜、铜缆高速连接
688521.SH,芯原股份,电子,2.15,70.59,18.06,1,,6,1,1.1,2.26,-1.16,上涨但弱于行业,0,2,0,0,,-7.36,52.7,,AI手机、AI眼镜、MCU芯片、先进封装、半导体、芯片
688381.SH,帝奥微,电子,6.39,7.01,16.92,1,,5,1,-2.57,2.26,-4.83,补跌且弱于行业,0,2,0,0,,-6.21,5.89,,AI手机、AI眼镜、共封装光学(CPO)、半导体、芯片
001283.SZ,豪鹏科技,电力设备,6.66,6.15,16.52,1,,1,0,-6.7,-1.96,-4.74,补跌且弱于行业,0,1,0,0,,-0.8,2.87,,AI眼镜
688595.SH,芯海科技,电子,6.76,5.95,16.49,1,60日新高,4,1,-3.29,2.26,-5.55,补跌且弱于行业,0,2,0,0,,4.58,5.76,60日新高,AI眼镜、MCU芯片、半导体、芯片
688110.SH,东芯股份,电子,2.9,29.32,15.7,1,,3,1,1.41,2.26,-0.85,上涨但弱于行业,0,2,0,0,,-4.55,21.16,,半导体、存储芯片、芯片
688380.SH,中微半导,电子,6.08,6.54,15.55,1,,4,1,-0.61,2.26,-2.87,补跌且弱于行业,0,2,0,0,,-4.14,3.48,,MCU芯片、半导体、存储芯片、芯片
301566.SZ,达利凯普,电子,3.24,22.79,15.47,1,历史新高,2,1,0.23,2.26,-2.03,上涨但弱于行业,0,2,0,0,,-3.42,14.14,,MLCC、元件
002741.SZ,光华科技,电子,3.94,15.17,15.35,1,,5,1,0.74,2.26,-1.52,上涨但弱于行业,0,2,0,0,,-1.58,12.43,,PCB、PET铜箔、先进封装、共封装光学(CPO)、芯片
002475.SZ,立讯精密,电子,1.08,200.74,15.3,1,,5,1,-0.28,2.26,-2.54,补跌且弱于行业,0,2,0,0,,-7.8,180.17,,AI眼镜、共封装光学(CPO)、液冷服务器、芯片、铜缆高速连接
300679.SZ,电连技术,电子,3.08,21.68,14.34,1,1年新高,1,1,-3.32,2.26,-5.58,补跌且弱于行业,0,2,0,0,,1.93,17.23,1年新高,PCB
300857.SZ,协创数据,电子,1.9,51.2,13.6,1,,5,1,1.81,2.26,-0.45,上涨但弱于行业,0,2,0,0,,-6.5,52.0,,AI眼镜、共封装光学(CPO)、存储芯片、芯片、英伟达
688981.SH,中芯国际,电子,1.15,134.88,13.36,1,,3,1,0.66,2.26,-1.6,上涨但弱于行业,0,2,0,0,,-5.55,121.5,,半导体、存储芯片、芯片
688809.SH,强一股份,电子,3.31,15.98,13.23,1,,4,1,1.45,2.26,-0.81,上涨但弱于行业,0,2,0,0,,-3.92,10.62,,半导体、半导体设备、存储芯片、芯片
300812.SZ,易天股份,电子,6.41,4.12,13.01,1,,3,1,-28.52,2.26,-30.78,补跌且弱于行业,0,2,0,0,,5.02,5.21,,先进封装、共封装光学(CPO)、芯片
688135.SH,利扬芯片,电子,4.81,6.25,12.02,1,,4,1,-0.28,2.26,-2.54,补跌且弱于行业,0,2,0,0,,-2.07,3.59,,先进封装、半导体、存储芯片、芯片
301678.SZ,新恒汇,电子,7.17,2.77,11.93,1,,2,0,-2.42,2.26,-4.68,补跌且弱于行业,0,1,0,0,,1.24,1.33,,半导体、芯片
301439.SZ,泓淋电力,电力设备,3.42,11.95,11.82,1,,1,0,-9.1,-1.96,-7.14,补跌且弱于行业,0,1,0,0,,-4.82,6.73,,铜缆高速连接
002636.SZ,金安国纪,电子,2.17,28.88,11.66,1,,2,0,4.39,2.26,2.13,抗住且相对强,1,2,0,0,,7.7,51.75,历史新高,PCB、元件
300223.SZ,北京君正,电子,1.47,58.73,11.27,0,,5,1,4.19,2.26,1.93,抗住且相对强,1,2,0,0,,-7.35,51.93,,AI眼镜、MCU芯片、半导体、存储芯片、芯片
688012.SH,DR中微公,电子,1.1,95.76,10.76,0,,5,1,1.21,2.26,-1.05,上涨但弱于行业,0,1,0,0,,-4.63,61.68,,先进封装、半导体、半导体设备、存储芯片、芯片
688018.SH,乐鑫科技,电子,3.24,9.85,10.17,0,,3,1,0.36,2.26,-1.9,上涨但弱于行业,0,1,0,0,,0.15,7.2,,MCU芯片、半导体、芯片
688172.SH,燕东微,电子,2.43,17.09,10.05,0,,3,1,6.78,2.26,4.52,抗住且相对强,1,2,0,0,,-3.15,13.22,,MCU芯片、半导体、芯片
603031.SH,安孚科技,电力设备,2.31,18.61,9.97,0,,2,0,-3.65,-1.96,-1.69,补跌且弱于行业,0,0,0,0,,-5.63,12.0,,共封装光学(CPO)、芯片
603052.SH,可川科技,电子,3.02,10.36,9.72,0,,2,0,-0.99,2.26,-3.25,补跌且弱于行业,0,0,0,0,,-5.66,6.24,,共封装光学(CPO)、芯片
688775.SH,影石创新,电子,4.58,4.29,9.49,0,,1,0,-3.28,2.26,-5.54,补跌且弱于行业,0,0,0,0,,-3.48,2.45,,芯片
688409.SH,富创精密,电子,2.4,14.15,9.03,0,,4,1,2.53,2.26,0.27,抗住且相对强,1,2,0,0,,-1.15,10.24,,光刻机、半导体、半导体设备、芯片
688041.SH,海光信息,电子,0.86,108.29,8.95,0,,2,0,-0.05,2.26,-2.31,补跌且弱于行业,0,0,0,0,,-4.1,92.07,,半导体、芯片
600110.SH,诺德股份,电力设备,1.69,27.09,8.8,0,,2,0,-4.15,-1.96,-2.19,补跌且弱于行业,0,0,0,0,,-2.17,21.05,,PCB、PET铜箔
301666.SZ,大普微-UW,电子,1.29,44.44,8.6,0,,3,1,11.88,2.26,9.62,抗住且相对强,1,2,0,0,,-5.93,45.12,,半导体、存储芯片、英伟达
688486.SH,龙迅股份,电子,4.02,4.52,8.55,0,,3,1,1.58,2.26,-0.68,上涨但弱于行业,0,1,0,0,,0.84,2.9,,半导体、芯片、英伟达
301389.SZ,隆扬电子,电子,2.59,10.87,8.54,0,,1,0,-2.32,2.26,-4.58,补跌且弱于行业,0,0,0,0,,-0.21,8.72,,PET铜箔
300475.SZ,香农芯创,电子,1.08,59.45,8.33,0,,2,0,4.48,2.26,2.22,抗住且相对强,1,1,0,0,,-7.06,54.78,,存储芯片、芯片
300442.SZ,润泽科技,通信,1.42,34.37,8.32,0,,1,0,0.5,0.07,0.43,抗住且相对强,1,1,0,0,,-4.41,26.59,,液冷服务器
688720.SH,艾森股份,电子,3.79,4.68,8.2,0,,6,1,6.43,2.26,4.17,抗住且相对强,1,2,0,0,,-3.48,3.48,,PCB、先进封装、光刻胶、半导体、存储芯片、芯片
003026.SZ,中晶科技,电子,4.1,3.4,7.56,0,,2,0,4.01,2.26,1.75,抗住且相对强,1,1,0,0,,-1.31,3.71,,半导体、芯片
688019.SH,安集科技,电子,1.76,17.33,7.33,0,,4,1,1.29,2.26,-0.97,上涨但弱于行业,0,1,0,0,,-3.39,15.69,,先进封装、光刻胶、存储芯片、芯片
688549.SH,中巨芯-U,电子,2.48,8.7,7.31,0,,3,1,10.7,2.26,8.44,抗住且相对强,1,2,0,0,,-0.25,17.07,,先进封装、存储芯片、芯片
920526.BJ,凯华材料,电子,5.4,1.78,7.2,0,,3,1,,2.26,,unknown,0,1,0,0,,3.69,2.28,,PCB、半导体、芯片
688262.SH,国芯科技,电子,2.97,5.64,7.05,0,,5,1,-1.58,2.26,-3.84,补跌且弱于行业,0,1,0,0,,-2.8,4.78,,MCU芯片、先进封装、半导体、存储芯片、芯片
688362.SH,甬矽电子,电子,1.46,21.92,6.84,0,,4,1,3.62,2.26,1.36,抗住且相对强,1,2,0,0,,-8.85,19.91,,MCU芯片、先进封装、半导体、芯片
002655.SZ,共达电声,电子,1.84,13.79,6.83,0,,1,0,-3.08,2.26,-5.34,补跌且弱于行业,0,0,0,0,,1.86,19.18,,芯片
002049.SZ,紫光国微,电子,1.18,29.74,6.44,0,,5,1,0.23,2.26,-2.03,上涨但弱于行业,0,1,0,0,,-2.76,28.56,,MCU芯片、共封装光学(CPO)、半导体、存储芯片、芯片
300657.SZ,弘信电子,电子,1.17,30.19,6.43,0,,7,1,11.28,2.26,9.02,抗住且相对强,1,2,0,0,,-4.67,33.27,,AI手机、AI眼镜、PCB、元件、共封装光学(CPO)、液冷服务器、英伟达
300936.SZ,中英科技,电子,2.88,4.94,6.4,0,,3,1,10.68,2.26,8.42,抗住且相对强,1,2,0,0,,-5.14,3.59,,PCB、元件、芯片
688120.SH,华海清科,电子,1.27,25.15,6.37,0,,5,1,2.91,2.26,0.65,抗住且相对强,1,2,0,0,,-2.78,20.53,,先进封装、半导体、半导体设备、存储芯片、芯片
301629.SZ,矽电股份,电子,2.64,5.64,6.27,0,,4,1,-0.83,2.26,-3.09,补跌且弱于行业,0,1,0,0,,-2.13,6.83,,半导体、半导体设备、存储芯片、芯片
688584.SH,上海合晶,电子,2.87,4.74,6.25,0,,2,0,5.78,2.26,3.52,抗住且相对强,1,1,0,0,,-3.47,4.3,,半导体、芯片
603061.SH,金海通,电子,2.07,9.11,6.25,0,,3,1,6.58,2.26,4.32,抗住且相对强,1,2,0,0,,-6.76,8.55,,半导体、半导体设备、芯片
688693.SH,锴威特,电子,3.12,3.96,6.21,0,,2,0,-3.08,2.26,-5.34,补跌且弱于行业,0,0,0,0,,-3.46,2.76,,半导体、芯片
301387.SZ,光大同创,电子,2.54,4.97,5.66,0,,1,0,-1.25,2.26,-3.51,补跌且弱于行业,0,0,0,0,,4.59,4.94,,共封装光学(CPO)
002213.SZ,大为股份,电子,2.04,7.43,5.56,0,,4,1,10.01,2.26,7.75,抗住且相对强,1,2,0,0,,-2.15,14.18,,PCB、半导体、存储芯片、芯片
688045.SH,必易微,电子,4.23,1.73,5.56,0,,4,1,-0.74,2.26,-3.0,补跌且弱于行业,0,1,0,0,,3.54,2.04,,AI眼镜、MCU芯片、半导体、芯片
300236.SZ,上海新阳,电子,1.61,11.28,5.41,0,,4,1,1.65,2.26,-0.61,上涨但弱于行业,0,1,0,0,,-0.48,13.76,,先进封装、光刻胶、存储芯片、芯片
300623.SZ,捷捷微电,电子,1.47,13.4,5.38,0,,2,0,-1.94,2.26,-4.2,补跌且弱于行业,0,0,0,0,,2.59,15.11,,半导体、芯片
688234.SH,天岳先进,电子,1.05,25.9,5.34,0,,3,1,1.96,2.26,-0.3,上涨但弱于行业,0,1,0,0,,-5.87,22.06,,AI眼镜、半导体、芯片
300613.SZ,富瀚微,电子,2.19,5.86,5.3,0,,3,1,-0.47,2.26,-2.73,补跌且弱于行业,0,1,0,0,,0.86,6.59,,AI眼镜、半导体、芯片
688729.SH,屹唐股份,电子,2.6,3.58,4.92,0,,4,1,0.2,2.26,-2.06,上涨但弱于行业,0,1,0,0,,-3.9,3.1,,半导体、半导体设备、存储芯片、芯片
002861.SZ,瀛通通讯,电子,3.54,1.86,4.83,0,20日新高,1,1,-3.69,2.26,-5.95,补跌且弱于行业,0,1,0,0,,-0.67,1.09,,AI眼镜
688601.SH,力芯微,电子,2.59,3.3,4.7,0,,4,1,-0.72,2.26,-2.98,补跌且弱于行业,0,1,0,0,,-2.31,2.96,,AI手机、AI眼镜、半导体、芯片
301626.SZ,苏州天脉,电子,1.68,7.7,4.66,0,,1,0,-1.97,2.26,-4.23,补跌且弱于行业,0,0,0,0,,-0.52,4.88,,液冷服务器
003043.SZ,华亚智能,电子,2.57,3.26,4.64,0,,4,1,10.0,2.26,7.74,抗住且相对强,1,2,0,0,,2.03,6.92,3年新高,光刻机、半导体、半导体设备、芯片
688593.SH,新相微,电子,1.46,10.09,4.64,0,,3,1,0.36,2.26,-1.9,上涨但弱于行业,0,1,0,0,,-2.23,6.44,,AI眼镜、半导体、芯片
600973.SH,宝胜股份,电力设备,2.77,2.65,4.51,0,,2,0,-1.84,-1.96,0.12,补跌但相对强,1,1,0,0,,9.96,6.98,,可控核聚变、铜缆高速连接
688052.SH,纳芯微,电子,1.52,8.45,4.42,0,,4,1,1.15,2.26,-1.11,上涨但弱于行业,0,1,0,0,,-4.68,9.84,,MCU芯片、先进封装、半导体、芯片
688449.SH,联芸科技,电子,1.32,10.57,4.29,0,,3,1,5.43,2.26,3.17,抗住且相对强,1,2,0,0,,-3.32,9.55,,半导体、存储芯片、芯片
603375.SH,盛景微,电子,2.63,2.5,4.16,0,,3,1,-2.75,2.26,-5.01,补跌且弱于行业,0,1,0,0,,-2.01,1.33,,半导体、存储芯片、芯片
688548.SH,广钢气体,电子,1.52,6.99,4.02,0,,2,0,7.42,2.26,5.16,抗住且相对强,1,1,0,0,,-6.67,9.16,,存储芯片、芯片
688036.SH,传音控股,电子,1.0,13.16,3.63,0,60日新高,2,1,-5.03,2.26,-7.29,补跌且弱于行业,0,1,0,0,,1.47,7.45,,AI手机、AI眼镜
688392.SH,骄成超声,电力设备,1.29,6.86,3.38,0,,4,1,4.67,-1.96,6.63,抗住且相对强,1,2,0,0,,-3.01,4.59,,PET铜箔、先进封装、液冷服务器、芯片
301369.SZ,联动科技,电子,1.68,3.99,3.36,0,,3,1,3.86,2.26,1.6,抗住且相对强,1,2,0,0,,-3.75,3.81,,半导体、半导体设备、芯片
002077.SZ,大港股份,电子,1.37,5.97,3.35,0,,4,1,1.93,2.26,-0.33,上涨但弱于行业,0,1,0,0,,-4.2,5.98,,先进封装、半导体、存储芯片、芯片
603341.SH,龙旗科技,电子,0.96,11.85,3.3,0,,2,0,-3.92,2.26,-6.18,补跌且弱于行业,0,0,0,0,,0.57,5.26,,AI眼镜、PCB
301628.SZ,强达电路,电子,1.35,5.63,3.2,0,,3,1,-3.9,2.26,-6.16,补跌且弱于行业,0,1,0,0,,-4.42,4.3,,PCB、元件、共封装光学(CPO)
600171.SH,上海贝岭,电子,1.38,5.2,3.15,0,,5,1,5.1,2.26,2.84,抗住且相对强,1,2,0,0,,-4.05,6.87,,MCU芯片、共封装光学(CPO)、半导体、存储芯片、芯片
002130.SZ,沃尔核材,电子,0.84,13.38,3.07,0,,1,0,-3.14,2.26,-5.4,补跌且弱于行业,0,0,0,0,,-1.91,9.25,,铜缆高速连接
603459.SH,红板科技,电子,0.63,23.68,3.07,0,,5,1,9.49,2.26,7.23,抗住且相对强,1,2,0,0,,-7.95,19.57,,PCB、元件、共封装光学(CPO)、存储芯片、芯片
688259.SH,创耀科技,电子,2.54,1.32,2.92,0,,2,0,-3.68,2.26,-5.94,补跌且弱于行业,0,0,0,0,,2.16,1.2,,半导体、芯片
002241.SZ,歌尔股份,电子,0.41,50.29,2.91,0,,2,0,-6.98,2.26,-9.24,补跌且弱于行业,0,0,0,0,,-0.48,48.87,,AI眼镜、芯片
688689.SH,银河微电,电子,2.54,1.27,2.86,0,,3,1,1.31,2.26,-0.95,上涨但弱于行业,0,1,0,0,,0.72,0.96,,先进封装、半导体、芯片
688691.SH,灿芯股份,电子,1.08,6.64,2.78,0,,4,1,0.36,2.26,-1.9,上涨但弱于行业,0,1,0,0,,-3.79,6.28,,MCU芯片、半导体、存储芯片、芯片
000670.SZ,盈方微,电子,1.03,7.08,2.74,0,,2,0,10.01,2.26,7.75,抗住且相对强,1,1,0,0,,-2.59,13.33,,存储芯片、芯片
688512.SH,慧智微-U,电子,1.74,2.46,2.73,0,,2,0,-0.37,2.26,-2.63,补跌且弱于行业,0,0,0,0,,-1.42,2.43,,半导体、芯片
688419.SH,耐科装备,电子,1.94,1.87,2.65,0,,3,1,-1.02,2.26,-3.28,补跌且弱于行业,0,1,0,0,,-3.35,1.35,,先进封装、存储芯片、芯片
688766.SH,普冉股份,电子,0.53,24.42,2.62,0,,4,1,14.26,2.26,12.0,抗住且相对强,1,2,0,0,,-7.34,25.81,,MCU芯片、半导体、存储芯片、芯片
688785.SH,恒运昌,电子,1.49,2.97,2.57,0,,3,1,0.13,2.26,-2.13,上涨但弱于行业,0,1,0,0,,3.01,4.19,,半导体、半导体设备、芯片
300053.SZ,航宇微,电子,1.15,4.68,2.49,0,,5,1,-0.69,2.26,-2.95,补跌且弱于行业,0,1,0,0,,4.44,6.23,,MCU芯片、先进封装、半导体、存储芯片、芯片
688213.SH,思特威-W,电子,0.69,11.52,2.34,0,,3,1,2.76,2.26,0.5,抗住且相对强,1,2,0,0,,-4.34,9.97,,AI眼镜、半导体、芯片
300035.SZ,中科电气,电力设备,1.33,2.98,2.3,0,,1,0,-2.92,-1.96,-0.96,补跌且弱于行业,0,0,0,0,,0.87,2.84,,PCB
688325.SH,赛微微电,电子,1.35,2.75,2.24,0,,2,0,0.19,2.26,-2.07,上涨但弱于行业,0,0,0,0,,5.22,3.71,,半导体、芯片
301348.SZ,蓝箭电子,电子,1.18,3.46,2.19,0,,4,1,-0.69,2.26,-2.95,补跌且弱于行业,0,1,0,0,,-0.61,3.11,,先进封装、半导体、存储芯片、芯片
688047.SH,龙芯中科,电子,0.56,13.93,2.09,0,,3,1,-0.48,2.26,-2.74,补跌且弱于行业,0,1,0,0,,-2.95,10.06,,MCU芯片、半导体、芯片
600360.SH,华微电子,电子,0.47,19.48,2.07,0,历史新高,3,1,6.86,2.26,4.6,抗住且相对强,1,2,0,0,,-5.18,13.31,,先进封装、半导体、芯片
688385.SH,复旦微电,电子,0.57,11.82,1.96,0,,5,1,-0.74,2.26,-3.0,补跌且弱于行业,0,1,0,0,,-2.93,9.43,,MCU芯片、半导体、存储芯片、芯片、英伟达
300460.SZ,ST惠伦,电子,1.97,0.91,1.88,0,,4,1,-3.76,2.26,-6.02,补跌且弱于行业,0,1,0,0,,-2.75,0.57,,AI眼镜、元件、共封装光学(CPO)、芯片
688652.SH,京仪装备,电子,0.66,8.0,1.87,0,,4,1,1.11,2.26,-1.15,上涨但弱于行业,0,1,0,0,,-3.61,7.21,,半导体、半导体设备、存储芯片、芯片
301297.SZ,富乐德,电子,0.56,10.59,1.82,0,,4,1,-1.01,2.26,-3.27,补跌且弱于行业,0,1,0,0,,-1.77,4.75,,光刻机、半导体、半导体设备、芯片
688049.SH,炬芯科技,电子,1.04,2.93,1.78,0,,4,1,-1.3,2.26,-3.56,补跌且弱于行业,0,1,0,0,,-1.92,2.45,,AI眼镜、MCU芯片、半导体、芯片
300671.SZ,富满微,电子,0.93,3.56,1.75,0,,5,1,0.0,2.26,-2.26,上涨但弱于行业,0,1,0,0,,-2.73,3.41,,MCU芯片、先进封装、半导体、存储芯片、芯片
301599.SZ,理奇智能,电力设备,0.81,4.44,1.71,0,,2,0,-3.0,-1.96,-1.04,补跌且弱于行业,0,0,0,0,,-0.45,3.91,,光刻胶、芯片
603893.SH,瑞芯微,电子,0.37,20.47,1.67,0,,4,1,-1.61,2.26,-3.87,补跌且弱于行业,0,1,0,0,,-0.05,21.14,,AI眼镜、MCU芯片、半导体、芯片
688372.SH,伟测科技,电子,0.48,11.27,1.61,0,,5,1,2.5,2.26,0.24,抗住且相对强,1,2,0,0,,-4.6,8.76,,MCU芯片、先进封装、半导体、存储芯片、芯片
688361.SH,中科飞测,电子,0.36,19.62,1.59,0,,5,1,2.69,2.26,0.43,抗住且相对强,1,2,0,0,,-5.26,17.89,,先进封装、半导体、半导体设备、存储芯片、芯片
300991.SZ,创益通,电子,1.28,1.44,1.54,0,,2,0,3.17,2.26,0.91,抗住且相对强,1,1,0,0,,-3.5,1.2,,存储芯片、铜缆高速连接
300327.SZ,中颖电子,电子,0.46,9.38,1.41,0,,3,1,-2.95,2.26,-5.21,补跌且弱于行业,0,1,0,0,,-0.76,7.74,,MCU芯片、半导体、芯片
603160.SH,汇顶科技,电子,0.65,4.55,1.39,0,,5,1,-0.71,2.26,-2.97,补跌且弱于行业,0,1,0,0,,-0.5,4.04,,AI手机、AI眼镜、MCU芯片、半导体、芯片
688653.SH,康希通信,电子,1.0,1.66,1.29,0,,2,0,-0.92,2.26,-3.18,补跌且弱于行业,0,0,0,0,,-1.07,1.53,,半导体、芯片
688727.SH,恒坤新材,电子,0.79,2.49,1.25,0,,4,1,0.62,2.26,-1.64,上涨但弱于行业,0,1,0,0,,2.09,3.58,,光刻胶、半导体、存储芯片、芯片
920139.BJ,华岭股份,电子,0.99,1.52,1.22,0,,5,1,,2.26,,unknown,0,1,0,0,,1.97,1.82,,MCU芯片、先进封装、半导体、存储芯片、芯片
688391.SH,钜泉科技,电子,1.49,0.61,1.16,0,,3,1,-1.4,2.26,-3.66,补跌且弱于行业,0,1,0,0,,1.36,0.84,,MCU芯片、半导体、芯片
301121.SZ,紫建电子,电力设备,1.47,0.55,1.09,0,,1,0,-2.53,-1.96,-0.57,补跌且弱于行业,0,0,0,0,,3.64,0.67,,AI眼镜
603322.SH,超讯通信,通信,0.64,2.64,1.04,0,,1,0,-2.75,0.07,-2.82,补跌且弱于行业,0,0,0,0,,-0.94,1.88,,芯片
300655.SZ,晶瑞电材,电子,0.41,6.22,1.02,0,,3,1,1.85,2.26,-0.41,上涨但弱于行业,0,1,0,0,,2.62,10.46,,光刻胶、存储芯片、芯片
603985.SH,恒润股份,电力设备,0.53,3.59,1.0,0,,1,0,5.3,-1.96,7.26,抗住且相对强,1,1,0,0,,-2.62,4.66,,英伟达
301536.SZ,星宸科技,电子,0.44,4.85,0.97,0,,3,1,-0.99,2.26,-3.25,补跌且弱于行业,0,1,0,0,,-0.68,5.5,,AI眼镜、半导体、芯片
688216.SH,气派科技,电子,0.81,1.25,0.91,0,,5,1,0.25,2.26,-2.01,上涨但弱于行业,0,1,0,0,,-2.92,1.13,,MCU芯片、先进封装、半导体、存储芯片、芯片
688728.SH,格科微,电子,0.44,4.21,0.9,0,,3,1,1.54,2.26,-0.72,上涨但弱于行业,0,1,0,0,,-0.58,3.97,,AI眼镜、半导体、芯片
688130.SH,晶华微,电子,1.17,0.55,0.87,0,,2,0,-2.51,2.26,-4.77,补跌且弱于行业,0,0,0,0,,-0.45,0.51,,半导体、芯片
600379.SH,宝光股份,电力设备,0.53,2.56,0.85,0,,1,0,-4.51,-1.96,-2.55,补跌且弱于行业,0,0,0,0,,-0.08,2.41,,芯片
920181.BJ,赛英电子,电子,0.47,1.83,0.64,0,,1,0,,2.26,,unknown,0,0,0,0,,-2.4,1.8,,芯片
300458.SZ,全志科技,电子,0.18,11.88,0.62,0,,5,1,-0.87,2.26,-3.13,补跌且弱于行业,0,1,0,0,,-1.58,10.82,,AI眼镜、MCU芯片、半导体、存储芯片、芯片
300390.SZ,天华新能,电力设备,0.1,28.01,0.53,0,,2,0,-3.26,-1.96,-1.3,补跌且弱于行业,0,0,0,0,,2.25,38.22,,存储芯片、芯片
300429.SZ,强力新材,电子,0.3,3.04,0.52,0,,4,1,3.24,2.26,0.98,抗住且相对强,1,2,0,0,,1.39,4.97,,PCB、先进封装、光刻胶、芯片
688620.SH,安凯微,电子,0.42,1.22,0.46,0,,3,1,-0.85,2.26,-3.11,补跌且弱于行业,0,1,0,0,,3.67,2.14,,AI眼镜、半导体、芯片
688007.SH,光峰科技,电子,0.43,1.04,0.44,0,,1,0,-2.22,2.26,-4.48,补跌且弱于行业,0,0,0,0,,0.95,0.95,,AI眼镜
001298.SZ,好上好,电子,0.23,2.47,0.36,0,,4,1,1.94,2.26,-0.32,上涨但弱于行业,0,1,0,0,,-2.22,2.53,,AI眼镜、MCU芯片、存储芯片、芯片
300560.SZ,中富通,通信,0.16,3.95,0.32,0,,2,0,-3.64,0.07,-3.71,补跌且弱于行业,0,0,0,0,,1.17,3.63,,AI眼镜、英伟达
688721.SH,龙图光罩,电子,0.31,1.02,0.31,0,,2,0,1.9,2.26,-0.36,上涨但弱于行业,0,0,0,0,,0.95,1.23,,半导体、芯片
688107.SH,安路科技,电子,0.12,6.45,0.3,0,,2,0,2.35,2.26,0.09,抗住且相对强,1,1,0,0,,-4.93,4.86,,半导体、芯片
688683.SH,莱尔科技,电子,0.32,0.85,0.3,0,,1,0,0.69,2.26,-1.57,上涨但弱于行业,0,0,0,0,,-1.1,0.69,,芯片
603933.SH,睿能科技,电子,0.25,1.22,0.28,0,,3,1,-1.78,2.26,-4.04,补跌且弱于行业,0,1,0,0,,3.11,1.98,,MCU芯片、存储芯片、芯片
300814.SZ,中富电路,电子,0.07,14.18,0.26,0,,5,1,3.09,2.26,0.83,抗住且相对强,1,2,0,0,,2.04,18.21,,PCB、元件、先进封装、共封装光学(CPO)、铜缆高速连接
002148.SZ,北纬科技,通信,0.3,0.65,0.24,0,,1,0,-3.16,0.07,-3.23,补跌且弱于行业,0,0,0,0,,2.33,0.96,,芯片
688416.SH,恒烁股份,电子,0.09,5.25,0.21,0,,4,1,3.84,2.26,1.58,抗住且相对强,1,2,0,0,,-4.87,4.28,,MCU芯片、半导体、存储芯片、芯片
688153.SH,唯捷创芯,电子,0.14,1.38,0.16,0,,2,0,4.54,2.26,2.28,抗住且相对强,1,1,0,0,,-0.2,1.99,,半导体、芯片
600183.SH,生益科技,电子,0.01,154.62,0.12,0,,6,1,2.03,2.26,-0.23,上涨但弱于行业,0,1,0,0,,-4.05,101.29,,PCB、元件、先进封装、共封装光学(CPO)、存储芯片、芯片
688539.SH,高华科技,电子,0.13,0.86,0.12,0,,1,0,-1.02,2.26,-3.28,补跌且弱于行业,0,0,0,0,,2.19,1.56,,芯片
688230.SH,芯导科技,电子,0.11,0.88,0.1,0,,4,1,-0.51,2.26,-2.77,补跌且弱于行业,0,1,0,0,,-1.31,0.78,,AI手机、AI眼镜、半导体、芯片
605258.SH,协和电子,电子,0.06,1.82,0.08,0,,2,0,-2.48,2.26,-4.74,补跌且弱于行业,0,0,0,0,,-3.2,1.62,,PCB、元件
301082.SZ,久盛电气,电力设备,0.0,0.5,0.0,0,,1,0,-2.12,-1.96,-0.16,补跌且弱于行业,0,0,0,0,,1.48,0.63,,可控核聚变
688061.SH,灿瑞科技,电子,-0.03,0.49,-0.02,0,,4,1,-0.03,2.26,-2.29,补跌且弱于行业,0,1,0,0,,-0.11,0.42,,MCU芯片、先进封装、半导体、芯片
603068.SH,博通集成,电子,-0.06,1.3,-0.07,0,,4,1,-1.71,2.26,-3.97,补跌且弱于行业,0,1,0,0,,0.3,1.35,,AI眼镜、MCU芯片、半导体、芯片
688798.SH,艾为电子,电子,-0.07,4.15,-0.14,0,,4,1,-2.89,2.26,-5.15,补跌且弱于行业,0,1,0,0,,-2.11,3.55,,AI眼镜、MCU芯片、半导体、芯片
600468.SH,百利电气,电力设备,-0.15,1.19,-0.16,0,,1,0,-2.31,-1.96,-0.35,补跌且弱于行业,0,0,0,0,,-0.95,1.22,,可控核聚变
688458.SH,美芯晟,电子,-0.16,1.39,-0.19,0,,5,1,0.16,2.26,-2.1,上涨但弱于行业,0,1,0,0,,2.76,1.58,,AI手机、AI眼镜、MCU芯片、半导体、芯片
688138.SH,清溢光电,电子,-0.19,2.73,-0.31,0,,2,0,1.22,2.26,-1.04,上涨但弱于行业,0,0,0,0,,1.62,2.9,,半导体、芯片
001287.SZ,中电港,电子,-0.15,12.17,-0.52,0,,4,1,3.67,2.26,1.41,抗住且相对强,1,2,0,0,,-0.04,14.57,,MCU芯片、存储芯片、芯片、英伟达
920821.BJ,则成电子,电子,-0.57,0.86,-0.53,0,,4,1,,2.26,,unknown,0,1,0,0,,2.88,0.88,,AI眼镜、PCB、元件、共封装光学(CPO)
000049.SZ,德赛电池,电力设备,-0.43,1.68,-0.56,0,,2,0,-2.57,-1.96,-0.61,补跌且弱于行业,0,0,0,0,,-0.61,2.01,,AI眼镜、先进封装
688103.SH,国力电子,电子,-0.56,1.21,-0.62,0,,2,0,0.1,2.26,-2.16,上涨但弱于行业,0,0,0,0,,0.08,1.4,,可控核聚变、芯片
688173.SH,希荻微,电子,-0.5,1.71,-0.65,0,,4,1,-0.68,2.26,-2.94,补跌且弱于行业,0,1,0,0,,-1.63,1.88,,AI手机、AI眼镜、半导体、芯片
688286.SH,敏芯股份,电子,-0.71,0.86,-0.66,0,,3,1,-1.88,2.26,-4.14,补跌且弱于行业,0,1,0,0,,5.44,2.18,,AI眼镜、半导体、芯片
920357.BJ,雅葆轩,电子,-0.89,0.6,-0.69,0,,1,0,,2.26,,unknown,0,0,0,0,,2.78,0.75,,PCB
920522.BJ,纳科诺尔,电力设备,-0.6,1.49,-0.73,0,,1,0,,-1.96,,unknown,0,0,0,0,,1.97,1.69,,PET铜箔
603370.SH,华新精科,电力设备,-1.39,0.31,-0.77,0,,1,0,6.23,-1.96,8.19,抗住且相对强,1,1,0,0,,-2.41,0.5,,液冷服务器
002879.SZ,长缆科技,电力设备,-1.08,0.56,-0.81,0,,1,0,-1.66,-1.96,0.3,补跌但相对强,1,1,0,0,,-0.26,0.61,,液冷服务器
688608.SH,恒玄科技,电子,-0.33,6.28,-0.83,0,,3,1,-1.67,2.26,-3.93,补跌且弱于行业,0,1,0,0,,1.63,7.07,,AI眼镜、半导体、芯片
300409.SZ,道氏技术,电力设备,-0.45,3.82,-0.88,0,,1,0,-2.64,-1.96,-0.68,补跌且弱于行业,0,0,0,0,,0.23,4.38,,芯片
002161.SZ,远望谷,电子,-0.98,0.86,-0.91,0,,1,0,-0.66,2.26,-2.92,补跌且弱于行业,0,0,0,0,,0.5,0.95,,芯片
603991.SH,领先股份,电子,-0.57,2.63,-0.92,0,,4,1,0.87,2.26,-1.39,上涨但弱于行业,0,1,0,0,,-3.5,2.28,,先进封装、半导体、存储芯片、芯片
920267.BJ,鑫汇科,电子,-3.31,0.09,-0.99,0,,2,0,,2.26,,unknown,0,0,0,0,,4.11,0.12,,MCU芯片、芯片
002199.SZ,*ST东晶,电子,-2.27,1.1,-1,0,,1,0,-5.01,2.26,-7.27,补跌且弱于行业,0,0,0,0,,1.07,0.81,,元件
300211.SZ,*ST亿通,通信,-2.42,0.34,-1,0,,1,0,-6.04,0.07,-6.11,补跌且弱于行业,0,0,0,0,,0.38,0.4,,芯片
600745.SH,*ST闻泰,电子,-5.0,10.44,-1,0,,6,1,-4.99,2.26,-7.25,补跌且弱于行业,0,1,0,0,,3.99,23.45,,AI手机、先进封装、半导体、液冷服务器、芯片、英伟达
002055.SZ,ST得润,电子,-5.01,2.91,-1,0,,2,0,-4.14,2.26,-6.4,补跌且弱于行业,0,0,0,0,,-4.32,2.9,,存储芯片、铜缆高速连接
688006.SH,XD杭可科,电力设备,-2.22,15.48,-1,0,,2,0,-3.97,-1.96,-2.01,补跌且弱于行业,0,0,0,0,,-6.52,8.92,,MLCC、芯片
920060.BJ,万源通,电子,-2.09,1.89,-1,0,,3,1,,2.26,,unknown,0,1,0,0,,3.64,1.56,,PCB、元件、共封装光学(CPO)
301180.SZ,万祥科技,电子,-2.96,0.64,-1,0,,1,0,-0.88,2.26,-3.14,补跌且弱于行业,0,0,0,0,,1.16,0.76,,AI眼镜
301150.SZ,中一科技,电力设备,-1.01,5.48,-1,0,,2,0,-4.85,-1.96,-2.89,补跌且弱于行业,0,0,0,0,,-1.97,5.2,,PCB、PET铜箔
000009.SZ,中国宝安,电力设备,-1.77,1.32,-1,0,,1,0,-1.66,-1.96,0.3,补跌但相对强,1,1,0,0,,1.41,1.84,,液冷服务器
920186.BJ,中科仪,电子,-4.61,11.34,-1,0,,4,1,,2.26,,unknown,0,1,0,0,,2.62,13.16,,半导体、半导体设备、存储芯片、芯片
688332.SH,中科蓝讯,电子,-3.66,5.05,-1,0,,4,1,-1.82,2.26,-4.08,补跌且弱于行业,0,1,0,0,,-1.9,3.14,,AI眼镜、共封装光学(CPO)、半导体、芯片
688146.SH,中船特气,电子,-4.86,48.45,-1,0,历史新高,2,1,20.0,2.26,17.74,抗住且相对强,1,2,0,0,,5.44,58.85,历史新高,光刻机、芯片
301563.SZ,云汉芯城,电子,-2.69,17.12,-1,0,历史新高,5,1,8.86,2.26,6.6,抗住且相对强,1,2,0,0,,-2.78,12.98,历史新高,MCU芯片、MLCC、PCB、存储芯片、芯片
001314.SZ,亿道信息,电子,-4.22,9.78,-1,0,,3,1,-3.43,2.26,-5.69,补跌且弱于行业,0,1,0,0,,1.7,4.46,,AI眼镜、PCB、先进封装
002866.SZ,传艺科技,电子,-4.16,4.04,-1,0,,1,0,-10.0,2.26,-12.26,补跌且弱于行业,0,0,0,0,,1.16,2.6,,PCB
300793.SZ,佳禾智能,电子,-1.69,0.92,-1,0,,2,0,-2.76,2.26,-5.02,补跌且弱于行业,0,0,0,0,,2.15,1.13,,AI眼镜、芯片
600550.SH,保变电气,电力设备,-2.1,5.82,-1,0,,1,0,2.07,-1.96,4.03,抗住且相对强,1,1,0,0,,-3.75,4.63,,可控核聚变
001388.SZ,信通电子,电力设备,-2.49,0.37,-1,0,,2,0,-3.44,-1.96,-1.48,补跌且弱于行业,0,0,0,0,,0.6,0.36,,PCB、芯片
300383.SZ,光环新网,通信,-1.48,8.86,-1,0,,1,0,0.83,0.07,0.76,抗住且相对强,1,1,0,0,,-3.05,8.35,,液冷服务器
920012.BJ,创达新材,电子,-4.68,3.56,-1,0,,3,1,,2.26,,unknown,0,1,0,0,,3.48,3.12,,先进封装、半导体、芯片
603296.SH,华勤技术,电子,-5.62,54.93,-1,0,,4,1,-2.68,2.26,-4.94,补跌且弱于行业,0,1,0,0,,-6.04,30.31,,AI眼镜、液冷服务器、芯片、英伟达
301157.SZ,华塑科技,电力设备,-1.64,0.73,-1,0,,1,0,2.11,-1.96,4.07,抗住且相对强,1,1,0,0,,1.3,1.02,,液冷服务器
688519.SH,南亚新材,电子,-4.28,16.74,-1,0,,4,1,8.0,2.26,5.74,抗住且相对强,1,2,0,0,,-4.41,16.0,历史新高,PCB、元件、共封装光学(CPO)、存储芯片
300514.SZ,友讯达,电力设备,-2.19,0.31,-1,0,,1,0,-1.68,-1.96,0.28,补跌但相对强,1,1,0,0,,2.94,0.4,,芯片
301630.SZ,同宇新材,电子,-4.49,4.46,-1,0,,1,0,0.46,2.26,-1.8,上涨但弱于行业,0,0,0,0,,-2.89,3.26,,PCB
002402.SZ,和而泰,电子,-0.54,7.08,-1,0,,1,0,-0.97,2.26,-3.23,补跌且弱于行业,0,0,0,0,,-0.2,8.21,,芯片
300975.SZ,商络电子,电子,-1.66,42.37,-1,0,,6,1,1.92,2.26,-0.34,上涨但弱于行业,0,1,0,0,,2.96,47.48,历史新高,AI眼镜、MCU芯片、MLCC、存储芯片、液冷服务器、芯片
300852.SZ,四会富仕,电子,-2.51,4.88,-1,0,,3,1,3.41,2.26,1.15,抗住且相对强,1,2,0,0,,-1.44,5.52,,PCB、元件、共封装光学(CPO)
002045.SZ,国光电器,电子,-0.97,1.11,-1,0,,2,0,-2.17,2.26,-4.43,补跌且弱于行业,0,0,0,0,,1.0,1.63,,AI眼镜、PCB
300672.SZ,国科微,电子,-3.32,41.34,-1,0,,3,1,4.5,2.26,2.24,抗住且相对强,1,2,0,0,,-5.84,29.31,,半导体、存储芯片、芯片
002580.SZ,圣阳股份,电力设备,-9.83,28.74,-1,0,,1,0,-5.02,-1.96,-3.06,补跌且弱于行业,0,0,0,0,,-5.37,16.68,,液冷服务器
301152.SZ,天力锂能,电力设备,-1.38,0.79,-1,0,,1,0,-4.8,-1.96,-2.84,补跌且弱于行业,0,0,0,0,,0.36,1.09,,芯片
688252.SH,天德钰,电子,-1.69,1.53,-1,0,,2,0,0.14,2.26,-2.12,上涨但弱于行业,0,0,0,0,,-2.2,1.56,,半导体、芯片
688603.SH,天承科技,电子,-2.33,11.14,-1,0,,3,1,8.39,2.26,6.13,抗住且相对强,1,2,0,0,,2.81,18.42,,PCB、先进封装、芯片
002134.SZ,天津普林,电子,-1.73,2.36,-1,0,,2,0,-2.2,2.26,-4.46,补跌且弱于行业,0,0,0,0,,-0.52,6.19,,PCB、元件
301383.SZ,天键股份,电子,-1.97,1.01,-1,0,,1,0,-1.4,2.26,-3.66,补跌且弱于行业,0,0,0,0,,-0.41,0.77,,AI眼镜
300650.SZ,太龙股份,电子,-1.24,0.96,-1,0,,2,0,0.3,2.26,-1.96,上涨但弱于行业,0,0,0,0,,0.59,1.15,,存储芯片、芯片
301123.SZ,奕东电子,电子,-3.35,20.27,-1,0,,4,1,20.0,2.26,17.74,抗住且相对强,1,2,0,0,,2.63,30.68,历史新高,PCB、共封装光学(CPO)、液冷服务器、铜缆高速连接
301189.SZ,奥尼电子,电子,-5.81,12.4,-1,0,历史新高,1,1,-0.16,2.26,-2.42,补跌且弱于行业,0,1,0,0,,1.37,5.99,,英伟达
920491.BJ,奥迪威,电子,-0.95,1.43,-1,0,,2,0,,2.26,,unknown,0,0,0,0,,4.69,2.57,60日新高,液冷服务器、芯片
301251.SZ,威尔高,电子,-6.35,5.53,-1,0,,3,1,-2.57,2.26,-4.83,补跌且弱于行业,0,1,0,0,,-0.96,3.5,,PCB、元件、共封装光学(CPO)
920346.BJ,威贸电子,电子,-5.06,0.16,-1,0,,1,0,,2.26,,unknown,0,0,0,0,,4.53,0.17,,PCB
300866.SZ,安克创新,电子,-0.82,5.23,-1,0,,2,0,-1.04,2.26,-3.3,补跌且弱于行业,0,0,0,0,,-2.82,6.59,,AI眼镜、芯片
603002.SH,宏昌电子,电子,-5.82,21.63,-1,0,,4,1,1.5,2.26,-0.76,上涨但弱于行业,0,1,0,0,,-4.67,10.3,,PCB、先进封装、芯片、英伟达
300576.SZ,容大感光,电子,-2.42,10.59,-1,0,,4,1,0.83,2.26,-1.43,上涨但弱于行业,0,1,0,0,,0.89,14.68,,PCB、先进封装、光刻胶、芯片
688662.SH,富信科技,电子,-2.35,5.38,-1,0,,2,0,6.51,2.26,4.25,抗住且相对强,1,1,0,0,,-4.37,4.72,,共封装光学(CPO)、芯片
688279.SH,峰岹科技,电子,-1.04,3.59,-1,0,,2,0,1.04,2.26,-1.22,上涨但弱于行业,0,0,0,0,,0.59,3.82,,半导体、芯片
001389.SZ,广合科技,电子,-1.94,21.26,-1,0,,3,1,2.85,2.26,0.59,抗住且相对强,1,2,0,0,,-4.7,12.74,,PCB、元件、共封装光学(CPO)
688186.SH,广大特材,电力设备,-3.43,1.61,-1,0,,2,0,-4.45,-1.96,-2.49,补跌且弱于行业,0,0,0,0,,-1.57,1.34,,可控核聚变、芯片
301511.SZ,德福科技,电力设备,-1.96,58.07,-1,0,,4,1,-1.78,-1.96,0.18,补跌但相对强,1,2,0,0,,-2.3,41.03,,PCB、PET铜箔、共封装光学(CPO)、存储芯片
301489.SZ,思泉新材,电子,-9.06,21.69,-1,0,,3,1,-2.81,2.26,-5.07,补跌且弱于行业,0,1,0,0,,1.3,12.05,,AI手机、AI眼镜、液冷服务器
002028.SZ,思源电气,电力设备,-5.89,38.06,-1,0,,1,0,-0.69,-1.96,1.27,补跌但相对强,1,1,0,0,,-7.94,41.25,,芯片
920876.BJ,慧为智能,电子,-10.99,1.62,-1,0,,1,0,,2.26,,unknown,0,0,0,0,,1.82,1.29,,芯片
688709.SH,成都华微,电子,-0.76,3.28,-1,0,,4,1,-0.47,2.26,-2.73,补跌且弱于行业,0,1,0,0,,-1.78,2.57,,MCU芯片、半导体、存储芯片、芯片
301326.SZ,捷邦科技,电子,-1.76,2.27,-1,0,,2,0,5.47,2.26,3.21,抗住且相对强,1,1,0,0,,1.07,4.1,,液冷服务器、芯片
603881.SH,数据港,通信,-1.06,10.55,-1,0,,1,0,2.69,0.07,2.62,抗住且相对强,1,1,0,0,,-3.13,9.84,,液冷服务器
300037.SZ,新宙邦,电力设备,-0.98,21.95,-1,0,,3,1,10.2,-1.96,12.16,抗住且相对强,1,2,0,0,,-2.96,27.39,,先进封装、液冷服务器、芯片
300593.SZ,新雷能,电力设备,-1.09,14.12,-1,0,,1,0,1.64,-1.96,3.6,抗住且相对强,1,1,0,0,,-5.84,10.81,,芯片
600601.SH,方正科技,电子,-2.45,31.18,-1,0,,3,1,2.1,2.26,-0.16,上涨但弱于行业,0,1,0,0,,-1.58,26.31,,PCB、元件、共封装光学(CPO)
688020.SH,方邦股份,电子,-3.28,7.12,-1,0,,3,1,5.73,2.26,3.47,抗住且相对强,1,2,0,0,,-5.98,4.13,,PCB、PET铜箔、先进封装
688699.SH,明微电子,电子,-0.94,2.7,-1,0,,3,1,-0.92,2.26,-3.18,补跌且弱于行业,0,1,0,0,,-1.97,1.9,,先进封装、半导体、芯片
300376.SZ,易事特,电力设备,-1.94,1.28,-1,0,,2,0,-1.19,-1.96,0.77,补跌但相对强,1,1,0,0,,-0.8,1.33,,液冷服务器、芯片
300568.SZ,星源材质,电力设备,-3.32,12.37,-1,0,,1,0,-0.83,-1.96,1.13,补跌但相对强,1,1,0,0,,-0.51,8.98,,芯片
688368.SH,晶丰明源,电子,-1.82,8.93,-1,0,,4,1,0.93,2.26,-1.33,上涨但弱于行业,0,1,0,0,,-0.53,7.65,,MCU芯片、半导体、芯片、英伟达
688249.SH,晶合集成,电子,-2.23,19.32,-1,0,,3,1,2.6,2.26,0.34,抗住且相对强,1,2,0,0,,-4.24,15.46,,MCU芯片、半导体、芯片
688099.SH,晶晨股份,电子,-0.69,17.29,-1,0,,3,1,-1.91,2.26,-4.17,补跌且弱于行业,0,1,0,0,,-3.22,12.99,,共封装光学(CPO)、半导体、芯片
688141.SH,杰华特,电子,-0.79,15.89,-1,0,,2,0,-0.41,2.26,-2.67,补跌且弱于行业,0,0,0,0,,-5.34,13.1,,半导体、芯片
300968.SZ,格林精密,电子,-4.83,1.58,-1,0,,2,0,-1.84,2.26,-4.1,补跌且弱于行业,0,0,0,0,,1.69,1.22,,AI手机、AI眼镜
603931.SH,格林达,电子,-1.82,10.5,-1,0,,2,0,-0.7,2.26,-2.96,补跌且弱于行业,0,0,0,0,,-3.64,5.21,,光刻胶、芯片
300207.SZ,欣旺达,电力设备,-2.67,10.09,-1,0,,1,0,-2.93,-1.96,-0.97,补跌且弱于行业,0,0,0,0,,-2.17,11.29,,AI眼镜
688403.SH,汇成股份,电子,-1.07,11.46,-1,0,,4,1,4.18,2.26,1.92,抗住且相对强,1,2,0,0,,11.5,29.87,60日新高,先进封装、半导体、存储芯片、芯片
603078.SH,江化微,电子,-1.14,16.44,-1,0,,4,1,5.8,2.26,3.54,抗住且相对强,1,2,0,0,,10.01,23.37,历史新高,先进封装、光刻胶、存储芯片、芯片
300660.SZ,江苏雷利,电力设备,-2.53,2.75,-1,0,,2,0,1.38,-1.96,3.34,抗住且相对强,1,1,0,0,,4.35,5.43,,液冷服务器、芯片
002463.SZ,沪电股份,电子,-0.92,140.18,-1,0,,3,1,8.49,2.26,6.23,抗住且相对强,1,2,0,0,,-5.4,130.32,,PCB、元件、芯片
688591.SH,泰凌微,电子,-2.93,2.15,-1,0,,4,1,1.01,2.26,-1.25,上涨但弱于行业,0,1,0,0,,-0.45,1.76,,MCU芯片、半导体、芯片、英伟达
300831.SZ,派瑞股份,电子,-1.92,4.03,-1,0,,2,0,-4.57,2.26,-6.83,补跌且弱于行业,0,0,0,0,,2.2,4.38,,半导体、芯片
300493.SZ,润欣科技,电子,-1.86,3.01,-1,0,,4,1,1.42,2.26,-0.84,上涨但弱于行业,0,1,0,0,,1.14,4.13,,AI眼镜、先进封装、存储芯片、芯片
002916.SZ,深南电路,电子,-4.21,82.52,-1,0,,5,1,2.98,2.26,0.72,抗住且相对强,1,2,0,0,,-5.18,50.25,,PCB、元件、先进封装、存储芯片、芯片
301132.SZ,满坤科技,电子,-3.85,3.69,-1,0,,3,1,0.91,2.26,-1.35,上涨但弱于行业,0,1,0,0,,-0.13,3.05,,PCB、元件、共封装光学(CPO)
605058.SH,澳弘电子,电子,-3.76,2.74,-1,0,,3,1,-0.18,2.26,-2.44,补跌且弱于行业,0,1,0,0,,-2.36,2.29,,PCB、元件、共封装光学(CPO)
300001.SZ,特锐德,电力设备,-1.48,9.17,-1,0,,1,0,11.99,-1.96,13.95,抗住且相对强,1,1,0,0,,-2.76,19.68,,MCU芯片
603659.SH,璞泰来,电力设备,-2.88,13.54,-1,0,,2,0,-5.21,-1.96,-3.25,补跌且弱于行业,0,0,0,0,,-2.78,13.2,,PET铜箔、芯片
688183.SH,生益电子,电子,-2.4,45.15,-1,0,,3,1,0.16,2.26,-2.1,上涨但弱于行业,0,1,0,0,,-7.94,34.76,,PCB、元件、共封装光学(CPO)
300853.SZ,申昊科技,电力设备,-4.17,3.19,-1,0,,1,0,1.68,-1.96,3.64,抗住且相对强,1,1,0,0,,3.22,2.88,,AI眼镜
603327.SH,福蓉科技,电子,-2.8,3.54,-1,0,,2,0,-1.53,2.26,-3.79,补跌且弱于行业,0,0,0,0,,3.8,5.25,,AI手机、AI眼镜
300603.SZ,立昂技术,通信,-2.41,1.41,-1,0,,1,0,1.23,0.07,1.16,抗住且相对强,1,1,0,0,,-0.78,1.55,,液冷服务器
300709.SZ,精研科技,电子,-3.06,4.88,-1,0,,2,0,3.97,2.26,1.71,抗住且相对强,1,1,0,0,,5.26,9.96,120日新高,AI眼镜、液冷服务器
600577.SH,精达股份,电力设备,-0.79,8.17,-1,0,,2,0,-3.43,-1.96,-1.47,补跌且弱于行业,0,0,0,0,,0.25,12.96,,可控核聚变、铜缆高速连接
688210.SH,统联精密,电子,-1.9,2.06,-1,0,,1,0,-1.87,2.26,-4.13,补跌且弱于行业,0,0,0,0,,-3.03,2.52,,AI眼镜
920128.BJ,胜业电气,电子,-4.45,4.18,-1,0,120日新高,2,1,,2.26,,unknown,0,1,0,0,,-9.75,3.41,,MLCC、元件
002426.SZ,胜利精密,电子,-3.5,10.38,-1,0,,2,0,1.4,2.26,-0.86,上涨但弱于行业,0,0,0,0,,5.23,20.87,,AI眼镜、PET铜箔
300843.SZ,胜蓝股份,电子,-0.89,5.45,-1,0,,2,0,5.07,2.26,2.81,抗住且相对强,1,1,0,0,,-1.38,5.48,,液冷服务器、铜缆高速连接
603989.SH,艾华集团,电子,-1.89,10.51,-1,0,,3,1,9.99,2.26,7.73,抗住且相对强,1,2,0,0,,3.65,14.71,,MLCC、元件、液冷服务器
688582.SH,芯动联科,电子,-2.23,3.89,-1,0,,2,0,1.82,2.26,-0.44,上涨但弱于行业,0,0,0,0,,3.5,3.99,,半导体、芯片
688508.SH,芯朋微,电子,-5.17,12.48,-1,0,,2,0,-1.02,2.26,-3.28,补跌且弱于行业,0,0,0,0,,-4.48,6.5,,半导体、芯片
688148.SH,芳源股份,电力设备,-1.56,1.23,-1,0,,1,0,-2.32,-1.96,-0.36,补跌且弱于行业,0,0,0,0,,2.12,1.6,,芯片
300131.SZ,英唐智控,电子,-0.23,18.96,-1,0,,4,1,-0.29,2.26,-2.55,补跌且弱于行业,0,1,0,0,,-1.69,12.71,,AI眼镜、共封装光学(CPO)、存储芯片、芯片
688209.SH,英集芯,电子,-1.18,3.22,-1,0,,2,0,-0.55,2.26,-2.81,补跌且弱于行业,0,0,0,0,,-1.94,2.09,,半导体、芯片
002245.SZ,蔚蓝锂芯,电力设备,-3.11,22.65,-1,0,,1,0,4.62,-1.96,6.58,抗住且相对强,1,1,0,0,,-1.39,22.44,,芯片
002366.SZ,融发核电,电力设备,-1.97,3.43,-1,0,,1,0,-3.1,-1.96,-1.14,补跌且弱于行业,0,0,0,0,,0.32,2.77,,可控核聚变
002841.SZ,视源股份,电子,-0.85,1.74,-1,0,,1,0,-2.51,2.26,-4.77,补跌且弱于行业,0,0,0,0,,0.88,1.69,,AI眼镜
301567.SZ,贝隆精密,电子,-3.52,0.54,-1,0,,1,0,-2.69,2.26,-4.95,补跌且弱于行业,0,0,0,0,,1.73,0.63,,AI眼镜
300647.SZ,超频三,电子,-2.81,1.67,-1,0,,1,0,1.83,2.26,-0.43,上涨但弱于行业,0,0,0,0,,-1.2,1.33,,液冷服务器
603175.SH,超颖电子,电子,-1.53,2.6,-1,0,,4,1,-2.05,2.26,-4.31,补跌且弱于行业,0,1,0,0,,-2.36,2.6,,PCB、元件、存储芯片、芯片
688401.SH,路维光电,电子,-6.49,9.43,-1,0,,4,1,1.39,2.26,-0.87,上涨但弱于行业,0,1,0,0,,0.44,5.88,,PCB、先进封装、半导体、芯片
301176.SZ,逸豪新材,电子,-2.88,3.57,-1,0,,2,0,-0.14,2.26,-2.4,补跌且弱于行业,0,0,0,0,,-0.38,3.32,,PCB、元件
301282.SZ,金禄电子,电子,-0.81,9.02,-1,0,,3,1,5.62,2.26,3.36,抗住且相对强,1,2,0,0,,0.26,7.61,20日新高,PCB、元件、共封装光学(CPO)
300115.SZ,长盈精密,电子,-0.79,19.39,-1,0,,5,1,1.16,2.26,-1.1,上涨但弱于行业,0,1,0,0,,1.29,27.22,,AI手机、AI眼镜、液冷服务器、芯片、铜缆高速连接
688352.SH,颀中科技,电子,-2.79,13.36,-1,0,,4,1,-6.1,2.26,-8.36,补跌且弱于行业,0,1,0,0,,-8.6,10.71,,MCU芯片、先进封装、半导体、芯片
301086.SZ,鸿富瀚,电子,-0.91,4.28,-1,0,,1,0,-1.64,2.26,-3.9,补跌且弱于行业,0,0,0,0,,-2.24,4.89,,液冷服务器
002938.SZ,鹏鼎控股,电子,-3.21,67.11,-1,0,,5,1,2.49,2.26,0.23,抗住且相对强,1,2,0,0,,-4.37,49.82,,AI手机、AI眼镜、PCB、元件、共封装光学(CPO)
920005.BJ,鼎佳精密,电子,-5.72,0.46,-1,0,,1,0,,2.26,,unknown,0,0,0,0,,2.85,0.36,,AI眼镜
603906.SH,龙蟠科技,电力设备,-0.88,4.28,-1,0,,1,0,-3.61,-1.96,-1.65,补跌且弱于行业,0,0,0,0,,0.97,6.04,,液冷服务器
