entry_mode,group_dim,group,rows,full_rows,unique_stocks,median_mae_10d,mean_mae_10d,mae_le_-5_pct,mae_le_-8_pct,mae_le_-10_pct,median_peak_ret_10d,median_ret_5d,median_ret_10d,median_max_drawdown_10d,reward_risk_median,reflow_exit_rows,reflow_exit_available_pct,median_reflow_exit_ret,reflow_exit_win_pct,median_reflow_exit_mae,median_reflow_exit_peak_ret
双红当日收盘买,all,all,2450,1903,820,-3.25,-4.56,38.73,27.17,21.12,10.42,3.2,5.48,-8.06,3.21,2077,84.78,1.63,60.91,-1.53,3.08
双红当日收盘买,identity+limit,低位补涨|limit_medium,26,24,26,-2.94,-3.38,25.0,16.67,8.33,7.92,-0.65,6.53,-5.24,2.69,24,92.31,0.32,50.0,-1.51,1.58
双红当日收盘买,identity+limit,低位补涨|limit_strong,311,282,303,-1.62,-2.09,18.79,9.57,6.74,9.82,3.08,8.38,-4.58,6.06,285,91.64,1.57,63.86,-0.43,2.45
双红当日收盘买,identity+limit,低位补涨|limit_weak,19,16,19,-9.52,-9.85,68.75,62.5,50.0,5.66,1.24,-8.86,-13.55,0.59,12,63.16,0.62,50.0,-3.54,2.88
双红当日收盘买,identity+limit,多阶段核心|limit_medium,80,74,72,-2.29,-2.86,33.78,20.27,13.51,9.82,4.48,7.6,-8.0,4.29,75,93.75,3.12,76.0,-0.79,3.94
双红当日收盘买,identity+limit,多阶段核心|limit_strong,466,325,293,-2.77,-3.85,35.69,24.0,18.77,10.21,3.25,5.22,-6.99,3.69,362,77.68,1.01,56.91,-1.6,2.53
双红当日收盘买,identity+limit,多阶段核心|limit_weak,34,29,33,-10.76,-10.8,65.52,55.17,51.72,2.5,-4.88,-3.24,-12.64,0.23,23,67.65,-2.62,30.43,-5.35,-0.36
双红当日收盘买,identity+limit,容量趋势核心|limit_medium,45,44,37,-2.4,-0.91,22.73,6.82,4.55,11.59,6.3,8.13,-6.91,4.83,45,100.0,3.83,75.56,-1.35,5.61
双红当日收盘买,identity+limit,容量趋势核心|limit_strong,346,244,118,-3.29,-4.23,38.93,25.82,19.67,11.96,4.22,7.61,-8.01,3.64,289,83.53,1.65,59.17,-1.78,3.44
双红当日收盘买,identity+limit,容量趋势核心|limit_weak,56,36,40,-5.76,-9.24,50.0,47.22,44.44,15.13,6.77,-0.56,-14.63,2.63,45,80.36,6.43,75.56,-3.05,6.43
双红当日收盘买,identity+limit,弹性跟随|limit_medium,39,33,39,-4.59,-4.4,45.45,24.24,18.18,8.56,2.02,5.34,-6.56,1.86,35,89.74,3.56,71.43,-1.25,5.56
双红当日收盘买,identity+limit,弹性跟随|limit_strong,151,123,140,-3.36,-4.13,37.4,21.14,18.7,10.2,2.62,5.99,-7.43,3.04,131,86.75,1.6,64.12,-0.99,2.46
双红当日收盘买,identity+limit,弹性跟随|limit_weak,32,23,32,-12.03,-10.07,60.87,60.87,52.17,3.43,-1.61,-6.03,-14.95,0.29,26,81.25,1.89,53.85,-3.09,3.21
双红当日收盘买,identity+limit,旁支映射|limit_medium,55,50,51,-2.84,-3.94,40.0,28.0,14.0,14.14,3.85,9.34,-7.77,4.98,53,96.36,2.38,62.26,-1.48,3.77
双红当日收盘买,identity+limit,旁支映射|limit_strong,117,81,101,-4.14,-4.76,41.98,30.86,22.22,13.97,6.01,2.83,-9.58,3.37,99,84.62,0.71,56.57,-1.92,4.72
双红当日收盘买,identity+limit,旁支映射|limit_weak,37,30,33,-7.59,-9.44,63.33,46.67,36.67,12.08,3.79,-1.07,-14.06,1.59,26,70.27,5.75,69.23,-3.13,6.29
双红当日收盘买,identity+limit,阶段核心|limit_medium,65,51,58,-3.86,-4.91,45.1,35.29,21.57,9.65,2.29,5.49,-8.75,2.5,57,87.69,1.94,66.67,-1.7,4.8
双红当日收盘买,identity+limit,阶段核心|limit_strong,465,354,314,-3.98,-5.09,44.92,33.62,25.99,11.56,3.42,5.28,-9.73,2.9,404,86.88,1.42,59.9,-1.81,3.74
双红当日收盘买,identity+limit,阶段核心|limit_weak,106,84,95,-9.31,-10.2,64.29,54.76,48.81,6.35,0.46,-4.04,-15.29,0.68,86,81.13,1.6,53.49,-5.66,4.49
双红当日收盘买,lifecycle+identity,d1|低位补涨,164,162,164,-0.88,-0.91,8.02,2.47,1.85,11.32,3.57,10.05,-3.49,12.86,162,98.78,1.29,66.67,-0.29,1.62
双红当日收盘买,lifecycle+identity,d1|多阶段核心,20,20,19,-0.46,-1.83,25.0,15.0,15.0,12.68,7.79,8.84,-8.96,27.57,20,100.0,2.53,85.0,1.45,2.53
双红当日收盘买,lifecycle+identity,d1|容量趋势核心,25,24,25,0.27,-1.1,20.83,16.67,16.67,18.8,6.29,11.56,-6.05,,25,100.0,3.56,80.0,0.92,4.1
双红当日收盘买,lifecycle+identity,d1|弹性跟随,15,15,15,-1.1,-2.61,26.67,6.67,6.67,16.09,9.65,13.14,-5.77,14.63,15,100.0,0.88,60.0,-0.78,2.37
双红当日收盘买,lifecycle+identity,d1|旁支映射,11,10,11,-0.61,-1.1,20.0,20.0,20.0,13.05,5.99,8.07,-6.8,21.39,11,100.0,0.44,54.55,0.31,2.06
双红当日收盘买,lifecycle+identity,d1|阶段核心,44,41,44,-2.74,-2.99,39.02,24.39,12.2,9.11,3.66,5.79,-9.49,3.32,43,97.73,4.07,72.09,0.76,4.62
双红当日收盘买,lifecycle+identity,d2|低位补涨,67,65,67,-2.36,-3.41,26.15,16.92,10.77,7.91,2.26,2.97,-5.94,3.35,65,97.01,2.64,69.23,-0.25,2.97
双红当日收盘买,lifecycle+identity,d2|多阶段核心,99,92,86,-2.1,-3.99,31.52,20.65,15.22,7.27,2.35,3.42,-5.65,3.46,98,98.99,1.09,63.27,-1.38,1.78
双红当日收盘买,lifecycle+identity,d2|容量趋势核心,75,74,58,-2.42,-3.5,37.84,22.97,14.86,10.95,5.21,5.86,-8.14,4.52,74,98.67,2.73,67.57,-0.71,3.53
双红当日收盘买,lifecycle+identity,d2|弹性跟随,50,45,49,-2.02,-3.41,37.78,22.22,22.22,9.77,4.5,2.2,-7.96,4.84,47,94.0,3.59,76.6,-0.61,3.7
双红当日收盘买,lifecycle+identity,d2|旁支映射,27,23,26,-4.91,-6.76,47.83,39.13,21.74,7.33,0.8,1.17,-8.66,1.49,26,96.3,0.12,50.0,-1.99,2.87
双红当日收盘买,lifecycle+identity,d2|阶段核心,113,103,103,-3.98,-4.73,44.66,33.01,29.13,11.4,2.96,3.99,-9.73,2.86,108,95.58,2.35,65.74,-1.19,3.15
双红当日收盘买,lifecycle+identity,d3|低位补涨,40,35,39,-3.46,-4.21,40.0,20.0,11.43,5.06,-1.09,3.83,-6.45,1.46,33,82.5,-1.04,39.39,-2.24,1.09
双红当日收盘买,lifecycle+identity,d3|多阶段核心,83,81,76,-3.47,-3.91,38.27,19.75,13.58,7.65,1.4,4.1,-6.97,2.2,79,95.18,1.05,58.23,-1.54,1.79
双红当日收盘买,lifecycle+identity,d3|容量趋势核心,62,59,50,-4.53,-6.05,45.76,35.59,32.2,6.43,0.37,4.18,-8.38,1.42,59,95.16,2.5,62.71,-1.82,2.95
双红当日收盘买,lifecycle+identity,d3|弹性跟随,44,41,43,-3.9,-4.15,39.02,21.95,14.63,7.32,1.6,5.39,-6.04,1.88,41,93.18,2.44,70.73,-1.4,2.57
双红当日收盘买,lifecycle+identity,d3|旁支映射,44,41,43,-2.89,-4.59,39.02,29.27,19.51,14.68,7.07,5.23,-9.35,5.08,42,95.45,3.86,69.05,-1.68,4.02
双红当日收盘买,lifecycle+identity,d3|阶段核心,108,99,99,-3.86,-5.07,44.44,36.36,27.27,10.78,1.84,5.49,-9.48,2.79,104,96.3,2.91,62.5,-1.01,4.39
双红当日收盘买,lifecycle+identity,mature_reflow|低位补涨,61,54,61,-4.56,-6.23,48.15,35.19,27.78,8.43,1.5,1.17,-8.42,1.85,52,85.25,0.81,53.85,-2.35,3.66
双红当日收盘买,lifecycle+identity,mature_reflow|多阶段核心,218,184,158,-4.72,-5.9,48.91,36.41,29.35,10.0,0.85,3.83,-8.76,2.12,179,82.11,0.24,53.07,-2.47,2.76
双红当日收盘买,lifecycle+identity,mature_reflow|容量趋势核心,181,144,84,-3.48,-5.11,38.89,25.69,20.14,13.84,4.32,8.71,-8.04,3.98,158,87.29,2.6,63.92,-2.47,4.0
双红当日收盘买,lifecycle+identity,mature_reflow|弹性跟随,85,73,84,-5.63,-7.11,50.68,36.99,31.51,9.35,-0.08,3.94,-8.58,1.66,75,88.24,0.32,53.33,-2.54,1.93
双红当日收盘买,lifecycle+identity,mature_reflow|旁支映射,87,79,77,-5.65,-6.35,53.16,36.71,25.32,13.59,4.92,2.43,-10.26,2.41,78,89.66,2.52,61.54,-2.42,5.7
双红当日收盘买,lifecycle+identity,mature_reflow|阶段核心,257,219,197,-6.2,-7.74,55.25,43.84,34.25,10.72,2.21,1.71,-11.95,1.73,225,87.55,1.63,56.44,-3.57,3.82
双红当日收盘买,lifecycle+identity,mature_restart|低位补涨,24,6,24,2.63,4.32,0.0,0.0,0.0,20.74,9.56,18.7,-4.45,,9,37.5,3.66,66.67,1.6,3.66
双红当日收盘买,lifecycle+identity,mature_restart|多阶段核心,160,51,148,1.69,0.57,9.8,7.84,7.84,16.33,9.83,13.29,-6.62,,84,52.5,2.21,59.52,0.0,3.37
双红当日收盘买,lifecycle+identity,mature_restart|容量趋势核心,104,23,74,-2.06,-1.17,30.43,17.39,13.04,15.74,8.75,6.78,-8.86,7.64,63,60.58,-0.05,49.21,-5.01,3.74
双红当日收盘买,lifecycle+identity,mature_restart|弹性跟随,28,5,28,1.27,-0.69,20.0,20.0,20.0,9.14,8.98,5.34,-6.56,,14,50.0,2.09,64.29,-2.57,4.99
双红当日收盘买,lifecycle+identity,mature_restart|旁支映射,40,8,39,-2.6,-1.17,25.0,12.5,12.5,18.0,10.4,13.62,-10.32,6.92,21,52.5,0.35,52.38,-3.97,4.58
双红当日收盘买,lifecycle+identity,mature_restart|阶段核心,114,27,108,-0.05,-3.82,33.33,25.93,25.93,11.76,8.93,5.49,-9.11,235.2,67,58.77,-1.2,47.76,-7.12,3.36
双红当日收盘买,lifecycle+ma5_risk+limit,d1|ma5_risk|limit_medium,1,1,1,-4.16,-4.16,0.0,0.0,0.0,4.26,-0.77,4.26,-7.45,1.02,1,100.0,3.56,100.0,-1.25,3.56
双红当日收盘买,lifecycle+ma5_risk+limit,d1|ma5_risk|limit_strong,25,24,25,-2.58,-3.31,41.67,29.17,29.17,16.66,4.28,11.56,-10.07,6.46,24,96.0,3.35,75.0,-1.25,4.5
双红当日收盘买,lifecycle+ma5_risk+limit,d1|not_ma5_risk|limit_medium,19,19,19,-2.69,-3.2,31.58,15.79,10.53,8.38,4.26,7.53,-7.4,3.12,19,100.0,1.7,68.42,0.66,2.44
双红当日收盘买,lifecycle+ma5_risk+limit,d1|not_ma5_risk|limit_strong,229,226,220,-0.88,-1.05,12.39,6.19,3.98,11.84,3.79,10.05,-4.37,13.45,227,99.13,1.65,68.28,-0.14,2.37
双红当日收盘买,lifecycle+ma5_risk+limit,d1|not_ma5_risk|limit_weak,5,2,5,-0.54,-0.54,50.0,0.0,0.0,25.59,1.23,20.68,-9.64,47.39,5,100.0,4.07,80.0,4.07,4.07
双红当日收盘买,lifecycle+ma5_risk+limit,d2|ma5_risk|limit_medium,5,5,5,-3.86,-2.67,20.0,0.0,0.0,20.44,6.76,16.86,-5.42,5.3,5,100.0,10.58,80.0,-3.86,12.16
双红当日收盘买,lifecycle+ma5_risk+limit,d2|ma5_risk|limit_strong,23,22,23,-4.41,-5.92,50.0,36.36,27.27,11.15,3.63,1.75,-10.8,2.53,22,95.65,4.54,77.27,-1.5,5.53
双红当日收盘买,lifecycle+ma5_risk+limit,d2|ma5_risk|limit_weak,4,4,4,-16.64,-10.5,75.0,75.0,75.0,4.87,-2.19,-16.64,-16.98,0.29,0,0.0,,,,
双红当日收盘买,lifecycle+ma5_risk+limit,d2|not_ma5_risk|limit_medium,21,20,20,-3.98,-4.52,40.0,20.0,15.0,8.13,3.37,3.37,-7.01,2.04,21,100.0,2.02,66.67,-1.1,3.7
双红当日收盘买,lifecycle+ma5_risk+limit,d2|not_ma5_risk|limit_strong,358,334,282,-2.35,-3.59,34.43,22.75,16.77,8.86,2.99,4.22,-7.26,3.77,350,97.77,1.75,64.57,-0.79,2.46
双红当日收盘买,lifecycle+ma5_risk+limit,d2|not_ma5_risk|limit_weak,20,17,20,-11.36,-10.03,58.82,52.94,52.94,11.4,4.34,-11.36,-18.02,1.0,20,100.0,11.02,80.0,0.3,11.02
双红当日收盘买,lifecycle+ma5_risk+limit,d3|ma5_risk|limit_strong,7,7,7,-1.82,-1.5,0.0,0.0,0.0,21.84,6.89,13.29,-5.88,12.0,7,100.0,2.52,100.0,-0.73,7.97
双红当日收盘买,lifecycle+ma5_risk+limit,d3|not_ma5_risk|limit_medium,96,89,92,-2.89,-3.56,38.2,23.6,11.24,9.23,2.73,4.11,-6.97,3.19,91,94.79,2.95,69.23,-1.7,3.56
双红当日收盘买,lifecycle+ma5_risk+limit,d3|not_ma5_risk|limit_strong,246,232,221,-3.63,-4.2,40.09,25.43,19.4,9.43,1.4,5.44,-7.96,2.6,235,95.53,1.6,58.72,-1.46,2.53
双红当日收盘买,lifecycle+ma5_risk+limit,d3|not_ma5_risk|limit_weak,32,28,31,-12.95,-13.57,75.0,75.0,71.43,-0.01,-7.29,-12.2,-16.73,-0.0,25,78.12,-1.01,44.0,-4.05,-0.48
双红当日收盘买,lifecycle+ma5_risk+limit,mature_reflow|ma5_risk|limit_medium,12,12,11,-5.63,-6.22,50.0,41.67,16.67,9.8,-0.18,0.29,-8.09,1.74,11,91.67,8.84,63.64,-1.43,8.84
双红当日收盘买,lifecycle+ma5_risk+limit,mature_reflow|ma5_risk|limit_strong,172,170,161,-6.08,-7.72,54.71,42.35,35.29,8.49,-0.55,1.92,-10.89,1.4,170,98.84,1.07,55.29,-2.45,3.86
双红当日收盘买,lifecycle+ma5_risk+limit,mature_reflow|ma5_risk|limit_weak,14,14,14,-10.07,-9.78,64.29,57.14,50.0,4.87,-3.27,-2.1,-12.75,0.48,14,100.0,-0.54,42.86,-8.09,1.08
双红当日收盘买,lifecycle+ma5_risk+limit,mature_reflow|not_ma5_risk|limit_medium,116,111,105,-2.87,-3.39,36.94,23.42,17.12,11.37,2.93,8.95,-7.49,3.96,113,97.41,1.88,65.49,-1.18,3.24
双红当日收盘买,lifecycle+ma5_risk+limit,mature_reflow|not_ma5_risk|limit_strong,387,303,280,-4.29,-5.48,45.87,31.02,23.1,12.78,4.03,7.53,-8.1,2.98,313,80.88,0.59,54.63,-2.39,3.56
双红当日收盘买,lifecycle+ma5_risk+limit,mature_reflow|not_ma5_risk|limit_weak,188,143,163,-7.61,-9.18,58.74,48.95,40.56,7.05,1.57,-2.3,-13.48,0.93,146,77.66,2.6,59.59,-4.8,4.21
双红当日收盘买,lifecycle+ma5_risk+limit,mature_restart|not_ma5_risk|limit_medium,40,19,38,0.9,0.57,15.79,15.79,10.53,16.33,10.51,7.24,-8.75,,28,70.0,5.59,82.14,0.1,6.89
双红当日收盘买,lifecycle+ma5_risk+limit,mature_restart|not_ma5_risk|limit_strong,409,91,327,1.27,0.36,15.38,8.79,8.79,14.9,9.41,13.18,-6.64,,222,54.28,0.24,51.8,-4.02,3.29
双红当日收盘买,lifecycle+ma5_risk+limit,mature_restart|not_ma5_risk|limit_weak,21,10,21,-11.97,-13.1,70.0,60.0,60.0,1.85,-7.02,-3.57,-14.94,0.15,8,38.1,-6.08,12.5,-10.46,-0.12
双红当日收盘买,lifecycle_family,d1,279,272,259,-1.1,-1.41,16.54,8.82,6.62,11.77,3.9,9.73,-4.71,10.7,276,98.92,2.02,69.2,-0.16,2.44
双红当日收盘买,lifecycle_family,d2,431,402,328,-2.67,-4.09,36.82,24.88,19.15,8.99,3.26,3.63,-7.86,3.37,418,96.98,2.18,66.27,-0.89,2.73
双红当日收盘买,lifecycle_family,d3,381,356,310,-3.85,-4.72,41.57,28.37,21.07,9.1,1.4,4.76,-8.11,2.36,358,93.96,1.85,61.17,-1.68,2.67
双红当日收盘买,lifecycle_family,mature_reflow,889,753,508,-4.9,-6.47,49.4,36.52,28.69,10.72,2.08,3.65,-9.42,2.19,767,86.28,1.55,57.24,-2.72,3.68
双红当日收盘买,lifecycle_family,mature_restart,470,120,373,0.67,-0.73,20.0,14.17,13.33,14.92,9.06,11.7,-7.22,,258,54.89,0.5,53.88,-3.17,3.63
双红当日收盘买,lifecycle_stages,d1新启动,195,192,193,-1.05,-1.07,12.5,4.17,2.6,12.31,3.5,11.14,-3.91,11.72,194,99.49,1.12,63.92,-0.35,1.69
双红当日收盘买,lifecycle_stages,d1新启动、d2二次回流,19,18,19,0.03,0.33,0.0,0.0,0.0,9.9,3.71,5.53,-4.61,,18,94.74,3.82,100.0,0.96,3.82
双红当日收盘买,lifecycle_stages,d1新启动、d2二次回流、d3三次确认、多次回流成熟段,1,1,1,-15.87,-15.87,100.0,100.0,100.0,-1.2,-10.39,-15.87,-15.87,-0.08,1,100.0,-1.2,0.0,-3.59,-1.2
双红当日收盘买,lifecycle_stages,d1新启动、d2二次回流、久违回流/成熟重启、多次回流成熟段,2,2,2,-4.95,-4.95,50.0,50.0,50.0,4.83,4.13,-0.5,-9.05,0.98,2,100.0,-1.09,50.0,-1.09,-0.07
双红当日收盘买,lifecycle_stages,d1新启动、d2二次回流、多次回流成熟段,6,6,6,-1.48,-5.02,33.33,33.33,16.67,9.02,6.49,-1.34,-11.73,6.09,6,100.0,-0.26,50.0,-0.54,0.1
双红当日收盘买,lifecycle_stages,d1新启动、d3三次确认,4,4,4,1.04,0.53,0.0,0.0,0.0,18.56,12.36,18.56,-3.86,,4,100.0,1.94,100.0,1.04,1.94
双红当日收盘买,lifecycle_stages,d1新启动、d3三次确认、久违回流/成熟重启、多次回流成熟段,2,2,2,0.65,0.65,0.0,0.0,0.0,12.27,6.84,7.3,-4.93,,2,100.0,2.14,100.0,2.14,2.14
双红当日收盘买,lifecycle_stages,d1新启动、d3三次确认、多次回流成熟段,8,8,8,2.4,0.84,37.5,37.5,25.0,26.37,18.89,21.35,-11.57,,8,100.0,16.35,100.0,2.4,18.76
双红当日收盘买,lifecycle_stages,d1新启动、久违回流/成熟重启、多次回流成熟段,6,6,6,-1.85,-1.04,0.0,0.0,0.0,9.43,5.4,-0.7,-6.71,5.1,6,100.0,1.62,83.33,1.62,2.07
双红当日收盘买,lifecycle_stages,d1新启动、多次回流成熟段,36,33,36,-4.16,-3.98,42.42,27.27,24.24,14.06,4.17,4.55,-9.9,3.38,35,97.22,3.42,74.29,-0.97,4.34
双红当日收盘买,lifecycle_stages,d2二次回流,179,173,174,-1.57,-1.96,20.23,13.29,9.25,9.77,4.41,4.96,-5.8,6.22,171,95.53,2.71,74.85,0.32,3.35
双红当日收盘买,lifecycle_stages,d2二次回流、d3三次确认,86,86,85,-4.75,-5.52,46.51,26.74,15.12,7.37,0.35,3.76,-7.62,1.55,86,100.0,0.34,54.65,-2.32,1.06
双红当日收盘买,lifecycle_stages,d2二次回流、d3三次确认、久违回流/成熟重启、多次回流成熟段,9,9,9,-10.78,-6.2,66.67,66.67,66.67,1.56,-2.1,-10.78,-12.15,0.14,9,100.0,0.28,55.56,-2.35,0.28
双红当日收盘买,lifecycle_stages,d2二次回流、d3三次确认、多次回流成熟段,53,51,51,-3.15,-4.98,45.1,35.29,33.33,7.51,0.48,1.19,-9.8,2.38,51,96.23,2.76,62.75,-0.32,3.06
双红当日收盘买,lifecycle_stages,d2二次回流、久违回流/成熟重启,6,0,6,,,,,,,,,,,6,100.0,-3.14,33.33,-5.55,4.61
双红当日收盘买,lifecycle_stages,d2二次回流、久违回流/成熟重启、多次回流成熟段,23,12,22,-6.47,-6.42,58.33,41.67,33.33,6.89,4.01,-2.54,-11.52,1.06,23,100.0,-3.32,34.78,-3.96,-0.81
双红当日收盘买,lifecycle_stages,d2二次回流、多次回流成熟段,75,71,75,-5.04,-6.25,52.11,35.21,29.58,11.39,3.55,0.59,-11.88,2.26,72,96.0,4.04,76.39,-0.89,4.58
双红当日收盘买,lifecycle_stages,d3三次确认,160,148,150,-2.96,-3.78,34.46,22.97,14.86,10.38,1.93,5.65,-7.42,3.51,154,96.25,2.52,62.34,-2.04,3.63
双红当日收盘买,lifecycle_stages,d3三次确认、久违回流/成熟重启,11,10,11,-10.44,-6.31,60.0,60.0,60.0,5.49,-1.35,-10.44,-11.51,0.53,4,36.36,7.02,100.0,5.94,7.02
双红当日收盘买,lifecycle_stages,d3三次确认、久违回流/成熟重启、多次回流成熟段,39,35,39,-2.01,-2.03,31.43,20.0,17.14,10.37,7.27,4.59,-8.99,5.16,36,92.31,2.32,72.22,0.72,3.06
双红当日收盘买,lifecycle_stages,d3三次确认、多次回流成熟段,171,163,153,-4.74,-6.06,49.08,33.13,25.15,6.57,-0.85,4.1,-8.66,1.39,164,95.91,0.75,56.71,-1.85,1.53
双红当日收盘买,lifecycle_stages,久违回流/成熟重启,71,8,69,-9.81,-9.27,62.5,50.0,50.0,10.67,0.55,3.17,-14.02,1.09,42,59.15,-3.83,42.86,-9.5,4.73
双红当日收盘买,lifecycle_stages,久违回流/成熟重启、多次回流成熟段,399,112,325,0.98,-0.12,16.96,11.61,10.71,14.92,9.25,12.37,-7.0,,216,54.14,0.92,56.02,-2.27,3.39
双红当日收盘买,lifecycle_stages,多次回流成熟段,889,753,508,-4.9,-6.47,49.4,36.52,28.69,10.72,2.08,3.65,-9.42,2.19,767,86.28,1.55,57.24,-2.72,3.68
双红当日收盘买,limit_tag,limit_medium,310,276,252,-2.88,-3.35,35.87,22.46,13.77,10.14,3.72,7.01,-7.44,3.52,289,93.23,2.75,68.86,-1.34,3.8
双红当日收盘买,limit_tag,limit_strong,1856,1409,716,-2.75,-3.95,35.7,23.99,18.52,10.85,3.42,6.36,-7.47,3.95,1570,84.59,1.36,59.94,-1.33,2.81
双红当日收盘买,limit_tag,limit_weak,284,218,232,-8.97,-9.98,61.93,53.67,47.25,6.57,0.16,-3.4,-14.51,0.73,218,76.76,2.11,57.34,-4.19,4.06
双红当日收盘买,ma5_favorable,ma5_favorable,686,670,434,-1.48,-2.85,26.87,18.66,15.22,13.23,5.76,9.63,-6.86,8.94,644,93.88,2.71,70.81,0.15,3.16
双红当日收盘买,ma5_favorable,not_ma5_favorable,1764,1233,756,-4.29,-5.49,45.17,31.79,24.33,9.03,1.41,3.46,-8.72,2.1,1433,81.24,1.05,56.45,-2.24,3.07
双红当日收盘买,ma5_position_trend,中位区/上升,186,179,183,0.1,-0.9,21.23,12.85,8.94,15.6,7.82,13.18,-6.19,,170,91.4,2.71,77.06,1.96,2.87
双红当日收盘买,ma5_position_trend,中位区/下降,272,266,248,-10.64,-10.9,70.68,60.9,53.01,4.88,0.17,-8.12,-15.34,0.46,241,88.6,-1.39,43.98,-7.25,4.05
双红当日收盘买,ma5_position_trend,震荡区间/震荡,1367,844,661,-3.53,-4.42,39.69,25.36,17.77,9.26,1.82,4.96,-7.44,2.62,1052,76.96,1.13,57.51,-2.06,2.5
双红当日收盘买,ma5_position_trend,高位区/上升,411,403,310,-0.82,-1.33,19.11,10.67,7.94,13.28,5.9,10.21,-6.16,16.2,404,98.3,2.93,71.53,0.2,3.39
双红当日收盘买,ma5_position_trend,高位区/下降,214,211,211,-4.43,-6.33,46.92,35.55,29.86,10.41,1.03,3.99,-10.23,2.35,210,98.13,2.1,63.81,-1.65,4.9
双红当日收盘买,ma5_risk,ma5_risk,263,259,240,-5.44,-6.96,51.35,39.77,32.82,9.2,0.33,2.3,-10.25,1.69,254,96.58,1.72,60.63,-2.17,4.46
双红当日收盘买,ma5_risk,not_ma5_risk,2187,1644,789,-2.89,-4.18,36.74,25.18,19.28,10.68,3.5,5.76,-7.61,3.7,1823,83.36,1.59,60.94,-1.45,2.95
双红当日收盘买,ma5_risk+limit,ma5_risk|limit_medium,18,18,17,-4.01,-5.12,38.89,27.78,11.11,10.46,0.95,4.13,-7.18,2.61,17,94.44,8.84,70.59,-2.74,8.84
双红当日收盘买,ma5_risk+limit,ma5_risk|limit_strong,227,223,215,-5.33,-6.87,51.12,39.01,32.74,9.99,0.45,2.56,-10.46,1.87,223,98.24,1.7,60.99,-2.01,4.43
双红当日收盘买,ma5_risk+limit,ma5_risk|limit_weak,18,18,18,-12.1,-9.94,66.67,61.11,55.56,4.87,-3.27,-2.2,-13.63,0.4,14,77.78,-0.54,42.86,-8.09,1.08
双红当日收盘买,ma5_risk+limit,not_ma5_risk|limit_medium,292,258,242,-2.77,-3.23,35.66,22.09,13.95,10.14,3.78,7.09,-7.46,3.66,272,93.15,2.55,68.75,-1.23,3.77
双红当日收盘买,ma5_risk+limit,not_ma5_risk|limit_strong,1629,1186,681,-2.35,-3.4,32.8,21.16,15.85,10.98,3.75,6.88,-6.87,4.67,1347,82.69,1.28,59.76,-1.25,2.68
双红当日收盘买,ma5_risk+limit,not_ma5_risk|limit_weak,266,200,218,-8.73,-9.98,61.5,53.0,46.5,6.84,0.39,-3.59,-14.59,0.78,204,76.69,2.55,58.33,-4.06,4.2
双红当日收盘买,next_day_path,unknown,189,0,166,,,,,,,,,,,0,0.0,,,,
双红当日收盘买,next_day_path,上涨但弱于行业,230,200,190,-0.33,-2.69,21.0,15.0,10.0,12.46,5.59,8.63,-6.03,37.76,207,90.0,2.01,84.54,0.59,2.24
双红当日收盘买,next_day_path,抗住且相对强,909,749,494,0.63,-0.49,21.63,14.02,10.55,15.22,7.27,10.04,-7.9,,823,90.54,5.72,82.62,2.29,7.22
双红当日收盘买,next_day_path,补跌且弱于行业,1031,878,536,-6.22,-8.19,57.29,40.66,32.0,5.52,-0.7,1.58,-8.73,0.89,964,93.5,-1.19,37.24,-4.17,-0.36
双红当日收盘买,next_day_path,补跌但相对强,91,76,83,-3.08,-7.58,39.47,32.89,28.95,10.25,0.75,4.56,-9.55,3.33,83,91.21,1.54,61.45,-2.42,2.22
双红当日收盘买,path_label,unknown,189,0,166,,,,,,,,,,,0,0.0,,,,
双红当日收盘买,path_label,一路走弱,461,363,360,-13.81,-14.74,100.0,86.5,74.93,-0.45,-6.63,-10.49,-14.3,-0.03,432,93.71,-5.56,14.12,-8.71,-1.31
双红当日收盘买,path_label,先亏后涨,163,146,137,-7.01,-7.88,100.0,39.73,15.75,13.39,-0.53,10.32,-8.82,1.91,156,95.71,-0.99,38.46,-6.7,0.03
双红当日收盘买,path_label,先涨后跌,152,125,144,-9.76,-11.47,100.0,66.4,48.0,8.38,1.3,-7.92,-17.23,0.86,148,97.37,1.4,53.38,-2.12,7.2
双红当日收盘买,path_label,直接走强,962,875,447,0.58,1.59,0.0,0.0,0.0,17.83,9.07,14.17,-5.81,,920,95.63,5.63,90.22,1.42,6.38
双红当日收盘买,path_label,窄幅震荡,406,291,295,-3.74,-3.55,0.0,0.0,0.0,6.76,2.09,3.01,-5.61,1.81,308,75.86,1.21,62.66,-2.59,2.23
双红当日收盘买,path_label,震荡下探,117,103,106,-9.3,-10.65,100.0,60.19,45.63,3.87,-2.31,-5.86,-11.76,0.42,113,96.58,-2.48,37.17,-6.14,3.31
双红当日收盘买,stock_identity,低位补涨,356,322,338,-1.79,-2.57,21.74,12.73,9.01,9.75,2.99,7.62,-4.69,5.45,321,90.17,1.48,62.31,-0.63,2.35
双红当日收盘买,stock_identity,多阶段核心,580,428,336,-3.08,-4.15,37.38,25.47,20.09,9.85,2.96,4.83,-7.39,3.2,460,79.31,1.21,58.7,-1.69,2.54
双红当日收盘买,stock_identity,容量趋势核心,447,324,131,-3.25,-4.34,37.96,25.62,20.37,12.05,4.38,6.83,-8.18,3.71,379,84.79,2.32,63.06,-1.8,3.65
双红当日收盘买,stock_identity,弹性跟随,222,179,204,-3.62,-4.95,41.9,26.82,22.91,9.35,2.18,5.23,-7.45,2.58,192,86.49,1.88,64.06,-1.25,2.66
双红当日收盘买,stock_identity,旁支映射,209,161,156,-4.23,-5.38,45.34,32.92,22.36,13.59,4.93,3.97,-9.58,3.21,178,85.17,2.05,60.11,-1.84,4.61
双红当日收盘买,stock_identity,阶段核心,636,489,369,-4.58,-5.95,48.26,37.42,29.45,10.81,2.88,3.11,-10.23,2.36,547,86.01,1.63,59.6,-2.17,4.04
次日承接后买,all,all,1000,825,513,-3.01,-4.28,37.94,26.91,19.64,11.02,3.29,5.42,-8.74,3.66,896,89.6,2.38,66.85,-0.23,3.58
次日承接后买,identity+limit,低位补涨|limit_medium,9,8,9,-1.83,-2.93,25.0,12.5,0.0,15.75,3.38,7.54,-6.72,8.61,8,88.89,-0.98,37.5,-1.83,0.09
次日承接后买,identity+limit,低位补涨|limit_strong,125,123,124,-1.28,-2.05,26.02,14.63,7.32,10.53,2.86,6.69,-5.38,8.23,124,99.2,1.16,62.1,0.69,1.54
次日承接后买,identity+limit,低位补涨|limit_weak,7,6,7,-8.41,-10.44,83.33,50.0,50.0,7.52,2.52,-7.74,-12.45,0.89,4,57.14,-5.13,50.0,-5.21,3.81
次日承接后买,identity+limit,多阶段核心|limit_medium,37,35,36,-3.01,-3.26,42.86,28.57,14.29,10.34,3.1,5.56,-8.72,3.44,35,94.59,3.1,74.29,-0.03,3.55
次日承接后买,identity+limit,多阶段核心|limit_strong,155,119,128,-2.95,-4.67,37.82,28.57,24.37,9.13,3.02,2.87,-8.38,3.09,133,85.81,1.1,58.65,-0.39,2.4
次日承接后买,identity+limit,多阶段核心|limit_weak,8,8,8,-6.81,-7.72,50.0,50.0,37.5,8.11,-0.21,3.29,-13.83,1.19,5,62.5,1.81,60.0,1.81,1.81
次日承接后买,identity+limit,容量趋势核心|limit_medium,24,23,20,-1.86,-2.03,26.09,13.04,8.7,14.06,11.06,3.05,-7.8,7.56,24,100.0,7.75,75.0,-0.84,9.31
次日承接后买,identity+limit,容量趋势核心|limit_strong,160,109,85,-2.87,-4.15,33.03,22.94,14.68,11.03,2.13,7.45,-7.96,3.84,129,80.62,2.47,65.12,-0.69,3.43
次日承接后买,identity+limit,容量趋势核心|limit_weak,24,16,20,-1.11,-6.64,43.75,37.5,37.5,14.31,10.96,0.76,-14.55,12.89,19,79.17,7.08,94.74,3.81,7.08
次日承接后买,identity+limit,弹性跟随|limit_medium,17,14,17,-1.19,-2.14,28.57,7.14,7.14,14.59,1.97,14.22,-5.94,12.26,15,88.24,2.99,80.0,-1.08,3.53
次日承接后买,identity+limit,弹性跟随|limit_strong,59,56,56,-2.88,-3.96,32.14,19.64,14.29,12.46,4.15,6.36,-7.88,4.33,58,98.31,2.97,72.41,0.21,4.56
次日承接后买,identity+limit,弹性跟随|limit_weak,15,12,15,-3.5,-6.25,41.67,41.67,33.33,11.76,2.82,4.78,-10.65,3.36,14,93.33,6.82,78.57,0.09,8.14
次日承接后买,identity+limit,旁支映射|limit_medium,17,15,16,-4.7,-6.59,40.0,33.33,20.0,12.26,-0.58,4.52,-10.23,2.61,17,100.0,2.91,64.71,-0.54,4.83
次日承接后买,identity+limit,旁支映射|limit_strong,54,45,49,-3.8,-3.86,40.0,28.89,26.67,13.18,5.76,7.44,-10.01,3.47,52,96.3,3.19,65.38,1.36,5.42
次日承接后买,identity+limit,旁支映射|limit_weak,20,17,19,-6.65,-7.49,58.82,47.06,41.18,10.09,3.55,0.54,-12.88,1.52,13,65.0,8.09,76.92,-4.21,8.09
次日承接后买,identity+limit,阶段核心|limit_medium,27,21,26,-2.24,-2.97,42.86,28.57,19.05,15.48,5.45,3.4,-7.63,6.91,26,96.3,4.29,76.92,0.83,6.08
次日承接后买,identity+limit,阶段核心|limit_strong,203,167,151,-3.79,-5.45,43.71,33.53,25.15,11.96,3.62,5.45,-10.27,3.16,186,91.63,2.71,67.74,-1.25,4.38
次日承接后买,identity+limit,阶段核心|limit_weak,39,31,37,-7.28,-5.09,58.06,41.94,25.81,10.0,3.15,-3.37,-14.27,1.37,34,87.18,5.79,70.59,-0.28,9.58
次日承接后买,lifecycle+identity,d1|低位补涨,70,70,70,-0.27,-0.29,11.43,4.29,1.43,12.27,4.84,8.75,-4.62,45.44,70,100.0,0.85,58.57,0.85,0.91
次日承接后买,lifecycle+identity,d1|多阶段核心,9,9,9,-5.75,-4.6,66.67,22.22,22.22,9.13,0.91,-1.96,-9.62,1.59,9,100.0,1.1,55.56,-0.11,1.1
次日承接后买,lifecycle+identity,d1|容量趋势核心,11,11,11,-1.32,0.4,9.09,0.0,0.0,20.44,13.64,11.73,-4.73,15.48,11,100.0,7.35,90.91,0.86,7.35
次日承接后买,lifecycle+identity,d1|弹性跟随,6,6,6,-2.88,-0.63,0.0,0.0,0.0,15.84,7.38,5.71,-5.95,5.5,6,100.0,5.22,66.67,0.43,5.22
次日承接后买,lifecycle+identity,d1|旁支映射,6,6,6,-1.73,-4.01,33.33,16.67,16.67,16.93,7.44,9.39,-6.8,9.79,6,100.0,3.66,83.33,0.19,3.66
次日承接后买,lifecycle+identity,d1|阶段核心,26,25,26,-4.89,-4.88,48.0,32.0,28.0,8.59,2.29,-0.1,-10.63,1.76,26,100.0,2.19,65.38,0.33,2.25
次日承接后买,lifecycle+identity,d2|低位补涨,30,29,30,-3.7,-4.62,41.38,24.14,13.79,7.74,1.4,-1.18,-7.41,2.09,30,100.0,1.44,76.67,1.19,1.88
次日承接后买,lifecycle+identity,d2|多阶段核心,26,24,26,-1.73,-4.68,29.17,25.0,20.83,8.59,2.92,6.05,-5.34,4.97,26,100.0,2.08,69.23,1.62,2.08
次日承接后买,lifecycle+identity,d2|容量趋势核心,30,30,27,-0.8,-2.19,23.33,20.0,13.33,13.12,6.06,10.96,-6.96,16.4,30,100.0,3.65,80.0,1.55,3.65
次日承接后买,lifecycle+identity,d2|弹性跟随,23,22,23,-2.41,-2.63,36.36,9.09,4.55,13.56,4.72,5.88,-8.72,5.63,23,100.0,3.01,78.26,0.75,3.01
次日承接后买,lifecycle+identity,d2|旁支映射,9,9,9,-5.23,-6.03,55.56,33.33,22.22,10.01,2.7,5.14,-6.3,1.91,9,100.0,3.0,55.56,0.72,4.1
次日承接后买,lifecycle+identity,d2|阶段核心,50,45,45,-3.27,-3.95,40.0,31.11,24.44,15.25,6.63,7.31,-10.01,4.66,48,96.0,6.7,81.25,1.81,6.87
次日承接后买,lifecycle+identity,d3|低位补涨,12,12,11,-1.71,-1.97,25.0,16.67,0.0,10.72,2.3,6.12,-6.94,6.27,11,91.67,1.59,54.55,-0.13,2.27
次日承接后买,lifecycle+identity,d3|多阶段核心,38,36,36,-1.47,-2.94,36.11,27.78,19.44,10.36,3.06,8.49,-7.31,7.05,35,92.11,1.76,68.57,-0.04,2.15
次日承接后买,lifecycle+identity,d3|容量趋势核心,31,29,28,-6.8,-7.36,55.17,41.38,27.59,5.72,-0.14,-0.69,-8.79,0.84,29,93.55,2.0,62.07,-1.3,2.68
次日承接后买,lifecycle+identity,d3|弹性跟随,19,19,19,-1.78,-3.07,26.32,15.79,10.53,12.38,2.52,10.32,-6.04,6.96,19,100.0,4.72,78.95,-0.31,4.72
次日承接后买,lifecycle+identity,d3|旁支映射,14,14,13,-2.99,-0.69,28.57,14.29,7.14,18.21,12.96,11.89,-7.96,6.09,14,100.0,9.07,78.57,1.83,9.07
次日承接后买,lifecycle+identity,d3|阶段核心,56,51,52,-4.85,-4.48,43.14,29.41,15.69,14.19,4.26,6.2,-9.39,2.93,54,96.43,3.33,66.67,-0.51,5.23
次日承接后买,lifecycle+identity,mature_reflow|低位补涨,23,22,23,-6.2,-7.05,72.73,45.45,31.82,7.94,1.84,-3.91,-11.43,1.28,20,86.96,-2.67,45.0,-5.62,5.94
次日承接后买,lifecycle+identity,mature_reflow|多阶段核心,76,66,61,-4.71,-5.83,46.97,39.39,30.3,10.31,2.62,2.16,-11.5,2.19,64,84.21,0.52,54.69,-0.8,3.45
次日承接后买,lifecycle+identity,mature_reflow|容量趋势核心,83,66,57,-2.57,-4.55,34.85,21.21,18.18,12.38,3.89,8.02,-8.87,4.82,70,84.34,5.01,74.29,0.29,5.87
次日承接后买,lifecycle+identity,mature_reflow|弹性跟随,34,33,34,-3.58,-6.18,42.42,36.36,30.3,12.29,1.91,5.6,-9.89,3.43,34,100.0,3.43,70.59,0.01,5.69
次日承接后买,lifecycle+identity,mature_reflow|旁支映射,46,43,45,-6.18,-7.55,51.16,44.19,39.53,8.09,1.86,0.25,-12.08,1.31,41,89.13,2.91,65.85,-0.85,5.21
次日承接后买,lifecycle+identity,mature_reflow|阶段核心,96,87,83,-5.08,-6.58,50.57,39.08,31.03,9.99,2.62,2.99,-12.12,1.97,89,92.71,2.45,68.54,-2.13,6.51
次日承接后买,lifecycle+identity,mature_restart|低位补涨,6,4,6,-2.19,-1.21,0.0,0.0,0.0,16.66,2.85,12.83,-5.84,7.61,5,83.33,1.16,60.0,-1.25,1.64
次日承接后买,lifecycle+identity,mature_restart|多阶段核心,51,27,50,-3.01,-3.22,25.93,14.81,11.11,8.67,6.29,2.49,-8.69,2.88,39,76.47,2.26,64.1,-0.51,3.34
次日承接后买,lifecycle+identity,mature_restart|容量趋势核心,53,12,41,-2.92,-2.48,16.67,16.67,0.0,11.52,4.64,3.19,-9.45,3.95,32,60.38,-0.59,50.0,-6.45,3.16
次日承接后买,lifecycle+identity,mature_restart|弹性跟随,9,2,9,-1.52,-1.52,0.0,0.0,0.0,6.1,2.65,1.38,-7.18,4.01,5,55.56,4.63,80.0,-4.17,4.63
次日承接后买,lifecycle+identity,mature_restart|旁支映射,16,5,16,5.27,2.55,20.0,20.0,20.0,32.4,21.37,13.67,-14.61,,12,75.0,1.64,58.33,-1.12,6.28
次日承接后买,lifecycle+identity,mature_restart|阶段核心,41,11,41,-1.95,-2.65,36.36,36.36,9.09,17.96,4.32,12.26,-9.2,9.21,29,70.73,0.47,58.62,-3.48,4.84
次日承接后买,lifecycle+ma5_risk+limit,d1|ma5_risk|limit_strong,13,13,13,-2.91,-3.6,30.77,15.38,15.38,20.08,8.75,5.45,-10.63,6.9,13,100.0,4.52,76.92,-1.33,4.52
次日承接后买,lifecycle+ma5_risk+limit,d1|not_ma5_risk|limit_medium,8,8,8,-3.06,-2.81,37.5,12.5,12.5,13.98,10.59,1.44,-8.65,4.57,8,100.0,6.5,75.0,-1.12,6.5
次日承接后买,lifecycle+ma5_risk+limit,d1|not_ma5_risk|limit_strong,104,104,102,-0.87,-1.19,19.23,9.62,7.69,11.36,3.71,7.26,-4.89,13.06,104,100.0,1.06,60.58,1.01,1.09
次日承接后买,lifecycle+ma5_risk+limit,d1|not_ma5_risk|limit_weak,3,2,3,-7.14,-7.14,100.0,50.0,0.0,23.5,-0.71,18.24,-9.64,3.29,3,100.0,7.66,100.0,-5.13,7.66
次日承接后买,lifecycle+ma5_risk+limit,d2|ma5_risk|limit_medium,1,1,1,0.72,0.72,0.0,0.0,0.0,16.93,2.7,13.44,-2.98,,1,100.0,12.98,100.0,0.72,12.98
次日承接后买,lifecycle+ma5_risk+limit,d2|ma5_risk|limit_strong,7,7,7,-13.36,-6.98,71.43,71.43,57.14,12.54,4.04,-0.03,-15.67,0.94,7,100.0,5.02,71.43,1.91,7.75
次日承接后买,lifecycle+ma5_risk+limit,d2|ma5_risk|limit_weak,2,2,2,-7.27,-7.27,50.0,50.0,50.0,27.36,4.4,8.75,-16.69,3.76,0,0.0,,,,
次日承接后买,lifecycle+ma5_risk+limit,d2|not_ma5_risk|limit_medium,10,10,10,-4.36,-5.31,50.0,20.0,10.0,9.73,-1.34,3.24,-7.01,2.23,10,100.0,2.18,60.0,-1.37,3.51
次日承接后买,lifecycle+ma5_risk+limit,d2|not_ma5_risk|limit_strong,139,133,127,-2.1,-3.35,31.58,19.55,12.78,11.67,3.62,6.76,-7.5,5.56,139,100.0,2.93,76.98,1.34,3.09
次日承接后买,lifecycle+ma5_risk+limit,d2|not_ma5_risk|limit_weak,9,6,9,-10.89,-6.69,66.67,66.67,66.67,9.78,7.88,-10.21,-17.95,0.9,9,100.0,9.16,88.89,2.97,9.16
次日承接后买,lifecycle+ma5_risk+limit,d3|ma5_risk|limit_strong,3,3,3,-3.26,-2.93,33.33,0.0,0.0,17.38,9.13,3.37,-12.08,5.33,3,100.0,1.95,66.67,-0.18,7.65
次日承接后买,lifecycle+ma5_risk+limit,d3|not_ma5_risk|limit_medium,40,39,40,-2.8,-3.58,38.46,23.08,10.26,12.33,2.62,8.33,-6.61,4.4,40,100.0,2.06,60.0,-1.02,2.9
次日承接后买,lifecycle+ma5_risk+limit,d3|not_ma5_risk|limit_strong,111,106,101,-3.06,-3.3,35.85,26.42,14.15,12.45,3.84,7.7,-8.06,4.07,107,96.4,3.05,68.22,-0.04,3.48
次日承接后买,lifecycle+ma5_risk+limit,d3|not_ma5_risk|limit_weak,16,13,16,-11.03,-10.93,69.23,53.85,53.85,5.64,-4.77,-5.43,-15.51,0.51,12,75.0,5.47,91.67,0.17,7.62
次日承接后买,lifecycle+ma5_risk+limit,mature_reflow|ma5_risk|limit_medium,5,5,5,-13.04,-12.74,80.0,80.0,80.0,11.24,-1.69,-13.04,-17.27,0.86,5,100.0,9.7,80.0,-0.81,9.7
次日承接后买,lifecycle+ma5_risk+limit,mature_reflow|ma5_risk|limit_strong,72,72,68,-5.55,-7.09,52.78,34.72,27.78,8.22,1.69,1.51,-10.09,1.48,72,100.0,1.3,56.94,-2.38,3.88
次日承接后买,lifecycle+ma5_risk+limit,mature_reflow|ma5_risk|limit_weak,5,5,5,-3.69,-1.58,40.0,40.0,0.0,10.32,-5.56,6.54,-9.46,2.8,5,100.0,1.04,60.0,-3.61,10.32
次日承接后买,lifecycle+ma5_risk+limit,mature_reflow|not_ma5_risk|limit_medium,42,40,39,-1.23,-1.55,27.5,17.5,10.0,16.82,7.79,14.05,-7.94,13.67,41,97.62,6.06,85.37,1.5,6.06
次日承接后买,lifecycle+ma5_risk+limit,mature_reflow|not_ma5_risk|limit_strong,165,136,143,-4.24,-6.78,47.79,39.71,34.56,9.95,2.1,4.44,-10.8,2.35,139,84.24,1.49,59.71,-1.52,3.93
次日承接后买,lifecycle+ma5_risk+limit,mature_reflow|not_ma5_risk|limit_weak,69,59,66,-5.15,-6.35,50.85,38.98,30.51,10.74,3.72,-2.06,-12.88,2.09,56,81.16,6.4,75.0,0.89,7.58
次日承接后买,lifecycle+ma5_risk+limit,mature_restart|not_ma5_risk|limit_medium,25,13,23,-2.78,-2.75,30.77,23.08,7.69,14.06,6.29,3.33,-8.75,5.06,20,80.0,2.92,70.0,-0.81,5.19
次日承接后买,lifecycle+ma5_risk+limit,mature_restart|not_ma5_risk|limit_strong,142,45,128,-2.87,-2.4,20.0,15.56,6.67,12.76,4.32,4.28,-8.3,4.45,98,69.01,1.03,58.16,-2.69,3.34
次日承接后买,lifecycle+ma5_risk+limit,mature_restart|not_ma5_risk|limit_weak,9,3,9,5.27,0.95,33.33,33.33,33.33,17.78,17.36,9.76,-14.61,,4,44.44,-5.14,25.0,-7.72,1.64
次日承接后买,lifecycle_family,d1,128,127,123,-1.32,-1.63,22.83,11.02,8.66,12.13,4.78,6.49,-5.47,9.19,128,100.0,1.23,64.06,0.83,1.33
次日承接后买,lifecycle_family,d2,168,159,150,-2.42,-3.79,35.85,23.9,16.98,11.66,3.62,6.46,-8.18,4.82,166,98.81,3.14,76.51,1.43,3.5
次日承接后买,lifecycle_family,d3,170,161,150,-3.26,-3.97,39.13,27.33,16.15,12.26,3.48,6.92,-8.1,3.76,162,95.29,2.7,67.9,-0.2,3.59
次日承接后买,lifecycle_family,mature_reflow,358,317,263,-4.45,-6.12,47.32,36.28,29.34,10.3,2.4,3.05,-10.78,2.31,318,88.83,2.69,65.41,-0.99,5.22
次日承接后买,lifecycle_family,mature_restart,176,61,158,-2.78,-2.31,22.95,18.03,8.2,13.47,4.98,4.28,-8.69,4.85,122,69.32,1.28,59.02,-2.22,3.35
次日承接后买,lifecycle_stages,d1新启动,92,91,92,-0.89,-0.95,15.38,7.69,4.4,13.3,4.86,8.71,-4.82,14.94,92,100.0,0.91,58.7,0.53,1.09
次日承接后买,lifecycle_stages,d1新启动、d2二次回流,8,8,8,-0.83,-0.56,12.5,0.0,0.0,9.22,1.32,1.91,-4.68,11.11,8,100.0,1.25,87.5,1.25,1.25
次日承接后买,lifecycle_stages,d1新启动、d2二次回流、多次回流成熟段,2,2,2,-5.23,-5.23,100.0,0.0,0.0,7.94,2.57,-5.23,-12.2,1.52,2,100.0,3.42,100.0,3.42,3.42
次日承接后买,lifecycle_stages,d1新启动、d3三次确认,1,1,1,5.89,5.89,0.0,0.0,0.0,21.21,10.52,16.86,-4.47,,1,100.0,5.89,100.0,5.89,5.89
次日承接后买,lifecycle_stages,d1新启动、d3三次确认、多次回流成熟段,6,6,6,-0.46,0.54,33.33,16.67,16.67,23.45,18.41,13.63,-11.65,50.98,6,100.0,7.38,100.0,1.07,7.38
次日承接后买,lifecycle_stages,d1新启动、久违回流/成熟重启、多次回流成熟段,3,3,3,-6.73,-6.38,100.0,0.0,0.0,1.78,-0.51,-6.73,-7.88,0.26,3,100.0,-0.92,33.33,-0.92,-0.92
次日承接后买,lifecycle_stages,d1新启动、多次回流成熟段,16,16,16,-3.36,-6.0,43.75,37.5,37.5,15.12,4.1,-2.22,-11.36,4.5,16,100.0,2.25,68.75,0.59,2.66
次日承接后买,lifecycle_stages,d2二次回流,82,80,81,-1.48,-2.89,32.5,17.5,13.75,10.29,3.75,5.88,-6.95,6.95,80,97.56,2.15,72.5,1.44,2.57
次日承接后买,lifecycle_stages,d2二次回流、d3三次确认,28,28,27,-2.06,-3.43,39.29,28.57,7.14,13.62,4.73,10.76,-8.21,6.61,28,100.0,3.25,78.57,1.11,3.53
次日承接后买,lifecycle_stages,d2二次回流、d3三次确认、久违回流/成熟重启、多次回流成熟段,4,4,4,1.58,-2.32,25.0,25.0,25.0,18.1,10.53,8.24,-9.49,,4,100.0,5.18,75.0,3.94,5.65
次日承接后买,lifecycle_stages,d2二次回流、d3三次确认、多次回流成熟段,22,22,21,-2.07,-4.78,31.82,27.27,22.73,11.59,4.85,6.34,-9.68,5.6,22,100.0,4.99,86.36,1.46,4.99
次日承接后买,lifecycle_stages,d2二次回流、久违回流/成熟重启,3,0,3,,,,,,,,,,,3,100.0,-7.53,33.33,-9.22,-2.0
次日承接后买,lifecycle_stages,d2二次回流、久违回流/成熟重启、多次回流成熟段,7,4,7,-3.31,-2.96,0.0,0.0,0.0,7.69,0.57,-0.14,-7.27,2.32,7,100.0,1.27,71.43,0.14,2.01
次日承接后买,lifecycle_stages,d2二次回流、多次回流成熟段,22,21,22,-7.53,-7.08,57.14,42.86,38.1,11.96,0.99,-0.03,-13.47,1.59,22,100.0,7.17,86.36,2.04,7.63
次日承接后买,lifecycle_stages,d3三次确认,69,64,65,-2.19,-2.28,29.69,21.88,7.81,15.86,4.32,10.18,-7.54,7.24,68,98.55,4.25,72.06,-0.06,5.79
次日承接后买,lifecycle_stages,d3三次确认、久违回流/成熟重启,8,8,8,-11.09,-10.41,75.0,75.0,50.0,4.85,-4.08,-11.09,-14.74,0.44,4,50.0,2.63,75.0,0.71,3.11
次日承接后买,lifecycle_stages,d3三次确认、久违回流/成熟重启、多次回流成熟段,29,26,29,-2.92,-2.81,38.46,23.08,19.23,9.51,5.23,0.82,-9.8,3.26,26,89.66,1.78,57.69,0.52,1.84
次日承接后买,lifecycle_stages,d3三次确认、多次回流成熟段,64,63,61,-4.81,-5.36,44.44,28.57,19.05,10.34,2.32,6.92,-8.03,2.15,64,100.0,2.26,67.19,-1.05,3.29
次日承接后买,lifecycle_stages,久违回流/成熟重启,35,3,34,5.27,4.67,0.0,0.0,0.0,17.78,17.36,15.57,-10.63,,23,65.71,-3.12,30.43,-10.19,0.74
次日承接后买,lifecycle_stages,久违回流/成熟重启、多次回流成熟段,141,58,128,-2.92,-2.67,24.14,18.97,8.62,11.06,4.85,3.52,-8.68,3.79,99,70.21,2.62,65.66,-1.16,3.43
次日承接后买,lifecycle_stages,多次回流成熟段,358,317,263,-4.45,-6.12,47.32,36.28,29.34,10.3,2.4,3.05,-10.78,2.31,318,88.83,2.69,65.41,-0.99,5.22
次日承接后买,limit_tag,limit_medium,131,116,114,-2.33,-3.24,36.21,22.41,12.93,13.45,4.25,6.57,-7.8,5.77,125,95.42,3.47,72.0,-0.32,4.83
次日承接后买,limit_tag,limit_strong,756,619,428,-2.89,-4.14,35.86,25.36,18.74,10.84,3.17,5.85,-8.22,3.75,682,90.21,1.85,64.66,-0.26,3.12
次日承接后买,limit_tag,limit_weak,113,90,102,-5.71,-6.56,54.44,43.33,34.44,10.21,3.41,-2.16,-13.48,1.79,89,78.76,6.17,76.4,0.53,7.66
次日承接后买,ma5_favorable,ma5_favorable,309,307,232,-1.83,-2.65,27.04,20.52,14.98,13.28,5.24,7.3,-8.16,7.26,294,95.15,3.3,73.13,0.47,3.54
次日承接后买,ma5_favorable,not_ma5_favorable,691,518,429,-3.91,-5.25,44.4,30.69,22.39,10.32,2.62,4.48,-9.06,2.64,602,87.12,1.97,63.79,-0.7,3.58
次日承接后买,ma5_position_trend,中位区/上升,72,71,72,-0.55,-3.71,32.39,26.76,21.13,11.17,6.29,9.36,-7.45,20.31,66,91.67,5.69,80.3,0.59,5.95
次日承接后买,ma5_position_trend,中位区/下降,113,113,110,-8.41,-8.55,64.6,52.21,43.36,7.94,2.67,-5.57,-14.95,0.94,99,87.61,2.0,53.54,-3.61,7.84
次日承接后买,ma5_position_trend,震荡区间/震荡,516,343,329,-2.61,-3.71,35.86,22.74,14.58,11.37,2.78,7.15,-7.43,4.36,432,83.72,2.29,67.82,-0.01,3.12
次日承接后买,ma5_position_trend,高位区/上升,207,206,172,-1.98,-1.94,22.33,15.05,9.22,13.36,4.75,6.81,-7.84,6.75,207,100.0,2.0,69.08,0.12,2.31
次日承接后买,ma5_position_trend,高位区/下降,92,92,91,-5.38,-6.84,52.17,38.04,31.52,9.55,2.29,1.06,-11.64,1.78,92,100.0,1.83,61.96,-1.45,4.37
次日承接后买,ma5_risk,ma5_risk,108,108,103,-5.32,-6.49,50.93,36.11,28.7,10.13,2.12,1.51,-10.84,1.9,106,98.15,1.89,62.26,-1.76,4.51
次日承接后买,ma5_risk,not_ma5_risk,892,717,483,-2.78,-3.95,35.98,25.52,18.27,11.15,3.47,5.6,-8.35,4.01,790,88.57,2.46,67.47,-0.03,3.48
次日承接后买,ma5_risk+limit,ma5_risk|limit_medium,6,6,6,-12.25,-10.49,66.67,66.67,66.67,11.41,-1.14,-12.25,-15.15,0.93,6,100.0,10.47,83.33,-0.25,10.47
次日承接后买,ma5_risk+limit,ma5_risk|limit_strong,95,95,91,-5.28,-6.47,50.53,33.68,27.37,9.11,2.36,1.59,-10.63,1.73,95,100.0,1.86,61.05,-1.82,4.37
次日承接后买,ma5_risk+limit,ma5_risk|limit_weak,7,7,7,-3.69,-3.2,42.86,42.86,14.29,10.32,-5.56,6.54,-9.46,2.8,5,71.43,1.04,60.0,-3.61,10.32
次日承接后买,ma5_risk+limit,not_ma5_risk|limit_medium,125,110,111,-2.23,-2.84,34.55,20.0,10.0,13.76,5.22,6.98,-7.71,6.17,119,95.2,3.36,71.43,-0.32,4.63
次日承接后买,ma5_risk+limit,not_ma5_risk|limit_strong,661,524,396,-2.63,-3.72,33.21,23.85,17.18,11.02,3.3,6.46,-7.88,4.19,587,88.8,1.84,65.25,-0.04,3.01
次日承接后买,ma5_risk+limit,not_ma5_risk|limit_weak,106,83,96,-6.01,-6.85,55.42,43.37,36.14,10.09,3.55,-2.68,-14.27,1.68,84,79.25,6.4,77.38,0.67,7.58
次日承接后买,next_day_path,抗住且相对强,909,749,494,-3.08,-4.18,37.92,26.57,18.96,11.02,3.3,5.36,-8.73,3.58,813,89.44,2.37,66.67,-0.27,3.55
次日承接后买,next_day_path,补跌但相对强,91,76,83,-2.29,-5.25,38.16,30.26,26.32,11.35,2.0,5.58,-9.59,4.96,83,91.21,2.39,68.67,0.14,4.08
次日承接后买,path_label,unknown,73,0,73,,,,,,,,,,,0,0.0,,,,
次日承接后买,path_label,一路走弱,178,135,165,-13.33,-14.79,100.0,83.7,67.41,0.64,-6.6,-10.58,-14.69,0.05,166,93.26,-6.12,17.47,-8.35,-0.84
次日承接后买,path_label,先亏后涨,69,60,63,-6.92,-8.32,100.0,43.33,20.0,11.44,-1.63,8.04,-8.69,1.65,66,95.65,-0.31,46.97,-5.86,1.08
次日承接后买,path_label,先涨后跌,76,71,73,-10.87,-11.82,100.0,77.46,53.52,7.91,2.36,-9.84,-17.7,0.73,73,96.05,3.43,61.64,-0.81,7.11
次日承接后买,path_label,直接走强,428,400,275,0.65,1.95,0.0,0.0,0.0,19.09,9.46,14.96,-6.36,,421,98.36,7.02,91.21,2.19,7.64
次日承接后买,path_label,窄幅震荡,125,112,112,-3.79,-3.76,0.0,0.0,0.0,8.12,1.37,2.08,-7.41,2.14,122,97.6,1.67,68.85,-1.44,3.0
次日承接后买,path_label,震荡下探,51,47,50,-9.28,-11.79,100.0,59.57,44.68,3.73,-3.02,-6.23,-11.64,0.4,48,94.12,0.64,54.17,-1.88,3.2
次日承接后买,stock_identity,低位补涨,141,137,138,-1.47,-2.47,28.47,16.06,8.76,10.52,2.91,5.59,-5.83,7.16,136,96.45,1.09,60.29,0.6,1.48
次日承接后买,stock_identity,多阶段核心,200,162,157,-3.06,-4.51,39.51,29.63,22.84,9.41,3.0,3.84,-8.71,3.08,173,86.5,1.41,61.85,-0.27,2.57
次日承接后买,stock_identity,容量趋势核心,208,148,95,-2.6,-4.09,33.11,22.97,16.22,11.8,3.73,6.27,-8.23,4.54,172,82.69,3.81,69.77,-0.34,4.27
次日承接后买,stock_identity,弹性跟随,91,82,87,-2.79,-3.99,32.93,20.73,15.85,12.66,3.44,6.42,-7.43,4.54,87,95.6,4.06,74.71,0.04,4.61
次日承接后买,stock_identity,旁支映射,91,77,77,-4.42,-5.19,44.16,33.77,28.57,11.63,3.55,6.49,-10.63,2.63,82,90.11,3.19,67.07,0.19,5.42
次日承接后买,stock_identity,阶段核心,269,219,190,-3.91,-5.16,45.66,34.25,24.66,11.5,3.67,4.84,-10.46,2.94,246,91.45,3.08,69.11,-0.93,5.02
