sector_name,prev_date,cur_date,prev_core_n,cur_core_n,sustained_n,new_core_n,rotated_in_n,dropped_n,sustained_names,new_core_names,rotated_in_names,dropped_names,prev_core_ret_to_cur_pct,sustained_ret_to_cur_pct,dropped_ret_to_cur_pct
共封装光学(CPO),2026-04-08,2026-04-10,29,20,4,16,16,25,永鼎股份、德明利、东山精密、兴森科技,红板科技、胜宏科技、源杰科技、领益智造、优迅股份、沃格光电、福晶科技、阿莱德、长光华芯、聚辰股份、国瓷材料、中际旭创,红板科技、胜宏科技、源杰科技、领益智造、优迅股份、沃格光电、福晶科技、阿莱德、长光华芯、聚辰股份、国瓷材料、中际旭创,深圳华强、天孚通信、仕佳光子、太辰光、圣邦股份、光迅科技、鹏鼎控股、特发信息、世运电路、水晶光电、剑桥科技、广合科技,5.87,13.39,4.66
共封装光学(CPO),2026-04-10,2026-04-14,20,19,6,9,13,14,德明利、长光华芯、中际旭创、三环集团、生益科技、南亚新材,ST臻镭、光莆股份、协创数据、科翔股份、迅捷兴、中贝通信、嘉元科技、华盛昌、通富微电,ST臻镭、光莆股份、科翔股份、剑桥科技、协创数据、迅捷兴、中贝通信、嘉元科技、华盛昌、长芯博创、通富微电、立讯精密,东山精密、兴森科技、源杰科技、领益智造、优迅股份、沃格光电、福晶科技、阿莱德、永鼎股份、聚辰股份、国瓷材料、胜宏科技,8.21,11.99,6.58
共封装光学(CPO),2026-04-14,2026-04-17,19,31,5,15,26,14,剑桥科技、华盛昌、长芯博创、中际旭创、联特科技,光库科技、亨通光电、华灿光电、世嘉科技、长盈通、中瓷电子、三安光电、共进股份、德福科技、泰晶科技、威腾电气、通宇通讯,深圳华强、天孚通信、沃格光电、仕佳光子、太辰光、光迅科技、可川科技、亨通光电、英唐智控、泰晶科技、长盈通、世嘉科技,德明利、光莆股份、ST臻镭、科翔股份、协创数据、通富微电、迅捷兴、中贝通信、嘉元科技、长光华芯、三环集团、立讯精密,8.04,13.37,6.14
6G,2026-04-08,2026-04-14,10,5,1,4,4,9,信科移动-U,震有科技、信维通信、中贝通信、ST臻镭,震有科技、信维通信、中贝通信、ST臻镭,深圳华强、烽火通信、兴森科技、特发信息、东田微、光迅科技、瑞斯康达、中兴通讯、华正新材,6.4,8.33,6.18
6G,2026-04-14,2026-04-17,5,13,1,9,12,4,信维通信,亨通光电、卓胜微、世嘉科技、中瓷电子、沃格光电、力源信息、共进股份、泰晶科技、通宇通讯,深圳华强、瑞斯康达、亨通光电、世嘉科技、沃格光电、中瓷电子、力源信息、泰晶科技、共进股份、光迅科技、卓胜微、通宇通讯,震有科技、信科移动-U、中贝通信、ST臻镭,6.62,9.25,5.96
光学光电子,2026-04-08,2026-04-17,2,9,0,9,9,2,,华灿光电、光智科技、彩虹股份、沃格光电、茂莱光学、三安光电、崧盛股份、合力泰、五方光电,华灿光电、光智科技、彩虹股份、沃格光电、茂莱光学、三安光电、崧盛股份、合力泰、五方光电,东田微、水晶光电,3.58,,3.58
元件,2026-04-08,2026-04-10,10,9,3,6,6,7,深南电路、东山精密、兴森科技,红板科技、胜宏科技、生益电子、生益科技、三环集团、南亚新材,红板科技、胜宏科技、生益电子、生益科技、三环集团、南亚新材,世运电路、沪电股份、广合科技、依顿电子、鹏鼎控股、华正新材、超颖电子,5.69,11.84,3.05
元件,2026-04-10,2026-04-14,9,7,3,3,4,6,三环集团、生益科技、南亚新材,迅捷兴、江海股份、科翔股份,迅捷兴、超颖电子、江海股份、科翔股份,深南电路、东山精密、兴森科技、胜宏科技、生益电子、红板科技,10.12,11.36,9.51
元件,2026-04-14,2026-04-17,7,3,0,1,3,7,,泰晶科技,深南电路、胜宏科技、泰晶科技,科翔股份、江海股份、迅捷兴、三环集团、超颖电子、生益科技、南亚新材,1.77,,1.77
固态电池,2026-04-08,2026-04-10,8,27,3,24,24,5,亿纬锂能、宁德时代、中国动力,骆驼股份、雄韬股份、格林美、德赛电池、国轩高科、鹏辉能源、天华新能、德方纳米、华盛锂电、蔚蓝锂芯、盟固利、中伟新材,骆驼股份、雄韬股份、格林美、德赛电池、国轩高科、鹏辉能源、天华新能、德方纳米、华盛锂电、蔚蓝锂芯、盟固利、中伟新材,智动力、远东股份、通鼎互联、新宙邦、华正新材,4.93,9.79,2.01
储能,2026-04-08,2026-04-10,30,33,4,29,29,26,亿纬锂能、宁德时代、中国动力、中电港,骆驼股份、雄韬股份、格林美、德赛电池、中恒电气、领益智造、国轩高科、鹏辉能源、天华新能、德方纳米、锦浪科技、华盛锂电,骆驼股份、雄韬股份、格林美、德赛电池、中恒电气、领益智造、国轩高科、鹏辉能源、天华新能、德方纳米、锦浪科技、华盛锂电,天通股份、金风科技、雅创电子、润建股份、科华数据、华正新材、世运电路、四方股份、水晶光电、明阳电气、奕东电子、麦格米特,4.04,8.49,3.36
PCB,2026-04-08,2026-04-14,17,10,1,9,9,16,超颖电子,温州宏丰、光莆股份、宏昌电子、科翔股份、迅捷兴、嘉元科技、壹石通、生益科技、南亚新材,温州宏丰、光莆股份、宏昌电子、科翔股份、迅捷兴、嘉元科技、壹石通、生益科技、南亚新材,大为股份、沪电股份、世运电路、天通股份、东山精密、深南电路、兴森科技、广合科技、莱特光电、奕东电子、同宇新材、依顿电子,10.06,7.14,10.25
PCB,2026-04-14,2026-04-17,10,10,0,8,10,10,,帝尔激光、先导智能、力源信息、铜冠铜箔、共进股份、德福科技、合力泰、胜宏科技,深南电路、天通股份、帝尔激光、先导智能、力源信息、铜冠铜箔、共进股份、德福科技、胜宏科技、合力泰,温州宏丰、光莆股份、宏昌电子、科翔股份、迅捷兴、嘉元科技、壹石通、超颖电子、生益科技、南亚新材,2.83,,2.83
芯片,2026-04-08,2026-04-10,51,34,8,26,26,43,大为股份、深南电路、德明利、东山精密、兴森科技、中电港、锴威特、永鼎股份,江波龙、源杰科技、沃格光电、聚辰股份、天华新能、卓胜微、中际旭创、奥比中光-W、锦浪科技、蔚蓝锂芯、富满微、澜起科技,江波龙、源杰科技、沃格光电、聚辰股份、天华新能、卓胜微、中际旭创、奥比中光-W、锦浪科技、蔚蓝锂芯、富满微、澜起科技,深圳华强、信科移动-U、沪电股份、天通股份、拓荆科技、仕佳光子、利通电子、中科飞测、太辰光、雅创电子、光迅科技、航宇微,5.28,13.04,3.84
芯片,2026-04-10,2026-04-14,34,28,4,15,24,30,中际旭创、德明利、生益科技、长光华芯,龙芯中科、温州宏丰、ST臻镭、光莆股份、科翔股份、宏昌电子、华虹公司、金宏气体、协创数据、芯原股份、壹石通、信维通信,龙芯中科、信科移动-U、温州宏丰、华虹公司、金宏气体、利通电子、超颖电子、ST臻镭、宏昌电子、协创数据、强一股份、壹石通,东山精密、江波龙、源杰科技、沃格光电、聚辰股份、天华新能、卓胜微、奥比中光-W、锦浪科技、蔚蓝锂芯、大为股份、深南电路,7.74,11.76,7.21
芯片,2026-04-14,2026-04-17,28,42,6,21,36,22,利通电子、信维通信、长芯博创、中际旭创、联特科技、寒武纪,南大光电、赛伍技术、力源信息、有研新材、恒烁股份、可川科技、亨通光电、泰晶科技、长盈通、新雷能、超讯通信、三安光电,深圳华强、天通股份、南大光电、赛伍技术、沃格光电、仕佳光子、力源信息、有研新材、太辰光、光迅科技、恒烁股份、卓胜微,龙芯中科、信科移动-U、温州宏丰、华虹公司、金宏气体、超颖电子、ST臻镭、宏昌电子、协创数据、强一股份、长光华芯、壹石通,6.54,13.48,4.64
先进封装,2026-04-08,2026-04-14,16,9,2,7,7,14,寒武纪、甬矽电子,光莆股份、宏昌电子、科翔股份、芯原股份、通富微电、壹石通、生益科技,光莆股份、宏昌电子、科翔股份、芯原股份、通富微电、壹石通、生益科技,上海新阳、深南电路、天通股份、新宙邦、兴森科技、拓荆科技、天孚通信、中科飞测、航宇微、鼎龙股份、天承科技、华正新材,7.65,8.88,7.48
先进封装,2026-04-14,2026-04-17,9,13,1,9,12,8,寒武纪,帝尔激光、光智科技、赛伍技术、沃格光电、有研新材、三安光电、共进股份、卓胜微、唯特偶,深南电路、天通股份、帝尔激光、天孚通信、光智科技、赛伍技术、沃格光电、有研新材、三安光电、共进股份、卓胜微、唯特偶,光莆股份、宏昌电子、科翔股份、甬矽电子、芯原股份、通富微电、壹石通、生益科技,2.6,7.41,2.0
液冷服务器,2026-04-08,2026-04-10,14,4,0,4,4,14,,圣阳股份、中际旭创、领益智造、阿莱德,圣阳股份、中际旭创、领益智造、阿莱德,思泉新材、中兴通讯、欧陆通、烽火通信、剑桥科技、中石科技、奕东电子、远东股份、利通电子、光迅科技、科华数据、商络电子,5.27,,5.27
液冷服务器,2026-04-10,2026-04-14,4,7,2,2,5,2,圣阳股份、中际旭创,鼎通科技、润泽科技,润泽科技、剑桥科技、利通电子、鼎通科技、立讯精密,领益智造、阿莱德,9.0,13.12,4.88
光纤,2026-04-08,2026-04-17,13,11,6,5,5,7,天孚通信、仕佳光子、永鼎股份、太辰光、光迅科技、长芯博创,光库科技、亨通光电、有研新材、鼎通科技、长盈通,光库科技、亨通光电、有研新材、鼎通科技、长盈通,东山精密、烽火通信、特发信息、远东股份、通鼎互联、中兴通讯、致尚科技,12.48,20.65,5.49
通信设备,2026-04-08,2026-04-17,15,20,9,11,11,6,瑞斯康达、剑桥科技、天孚通信、仕佳光子、永鼎股份、太辰光、光迅科技、长芯博创、联特科技,亨通光电、光库科技、新易盛、世嘉科技、中瓷电子、东方通信、鼎通科技、共进股份、中际旭创、通宇通讯、长盈通,亨通光电、光库科技、新易盛、世嘉科技、中瓷电子、东方通信、鼎通科技、共进股份、中际旭创、通宇通讯、长盈通,信科移动-U、烽火通信、特发信息、通鼎互联、中兴通讯、致尚科技,14.3,21.06,4.18
存储芯片,2026-04-08,2026-04-10,22,17,5,12,12,17,大为股份、德明利、深南电路、兴森科技、中电港,富满微、江波龙、佰维存储、南亚新材、澜起科技、沃格光电、晶升股份、阿莱德、聚辰股份、天华新能、生益科技、红板科技,富满微、江波龙、佰维存储、南亚新材、澜起科技、沃格光电、晶升股份、阿莱德、聚辰股份、天华新能、生益科技、红板科技,深圳华强、上海新阳、立昂微、拓荆科技、长川科技、英唐智控、普冉股份、北方华创、中科飞测、雅创电子、航宇微、鼎龙股份,5.46,9.74,4.2
存储芯片,2026-04-10,2026-04-14,17,13,3,8,10,14,德明利、生益科技、南亚新材,协创数据、科翔股份、华虹公司、金宏气体、壹石通、东芯股份、强一股份、通富微电,科翔股份、长川科技、华虹公司、金宏气体、协创数据、通富微电、东芯股份、强一股份、壹石通、超颖电子,大为股份、深南电路、兴森科技、江波龙、佰维存储、富满微、中电港、澜起科技、沃格光电、晶升股份、阿莱德、聚辰股份,10.52,12.55,10.09
光伏,2026-04-08,2026-04-10,20,17,0,17,17,20,,艾罗能源、华自科技、德业股份、捷佳伟创、领益智造、先导智能、晶升股份、西子洁能、利元亨、固德威、欧晶科技、阳光电源,艾罗能源、华自科技、德业股份、捷佳伟创、领益智造、先导智能、晶升股份、西子洁能、利元亨、固德威、欧晶科技、阳光电源,天通股份、雅创电子、润建股份、科华数据、特发信息、世运电路、四方股份、明阳电气、麦格米特、金盘科技、北方华创、东方电气,2.79,,2.79
光伏,2026-04-10,2026-04-17,17,21,5,14,16,12,华自科技、先导智能、利元亨、唯特偶、胜宏科技,帝尔激光、南大光电、赛伍技术、禾望电气、力源信息、宏发股份、起帆电缆、航天机电、崧盛股份、华盛昌、三安光电、威腾电气,天通股份、帝尔激光、四方股份、南大光电、赛伍技术、禾望电气、力源信息、宏发股份、起帆电缆、航天机电、三安光电、崧盛股份,艾罗能源、德业股份、捷佳伟创、领益智造、晶升股份、西子洁能、固德威、欧晶科技、阳光电源、杉杉股份、锦浪科技、*ST亿晶,5.01,15.68,0.56
特高压,2026-04-08,2026-04-15,8,2,0,2,2,8,,起帆电缆、华菱线缆,起帆电缆、华菱线缆,烽火通信、四方股份、金风科技、远东股份、国电南自、特发信息、雅克科技、安靠智电,1.55,,1.55
AI眼镜,2026-04-08,2026-04-10,13,7,0,7,7,13,,德赛电池、江波龙、佰维存储、领益智造、杰美特、聚辰股份、星宸科技,德赛电池、江波龙、佰维存储、领益智造、杰美特、聚辰股份、星宸科技,世运电路、思泉新材、春秋电子、天通股份、水晶光电、英唐智控、歌尔股份、环旭电子、雅创电子、商络电子、鹏鼎控股、中兴通讯,6.04,,6.04
AI眼镜,2026-04-10,2026-04-14,7,8,1,5,7,6,杰美特,光莆股份、协创数据、芯原股份、信维通信、华盛昌,春秋电子、光莆股份、协创数据、芯原股份、信维通信、华盛昌、立讯精密,德赛电池、江波龙、佰维存储、领益智造、聚辰股份、星宸科技,9.16,13.72,8.4
AI手机,2026-04-08,2026-04-10,5,5,1,4,4,4,东山精密,佰维存储、领益智造、胜宏科技、江波龙,佰维存储、领益智造、胜宏科技、江波龙,鹏鼎控股、思泉新材、中兴通讯、水晶光电,7.25,19.71,4.14
AI手机,2026-04-10,2026-04-14,5,1,0,1,1,5,,芯原股份,芯原股份,东山精密、江波龙、佰维存储、领益智造、胜宏科技,8.35,,8.35
AI手机,2026-04-14,2026-04-16,1,1,0,0,1,1,,,鹏鼎控股,芯原股份,-0.33,,-0.33
MCU芯片,2026-04-08,2026-04-10,7,3,1,2,2,6,中电港,优迅股份、富满微,优迅股份、富满微,烽火通信、甬矽电子、普冉股份、雅创电子、航宇微、商络电子,3.38,4.59,3.18
MCU芯片,2026-04-10,2026-04-14,3,3,0,2,3,3,,龙芯中科、芯原股份,龙芯中科、芯原股份、甬矽电子,中电港、优迅股份、富满微,8.93,,8.93
消费电子,2026-04-08,2026-04-10,10,3,0,3,3,10,,奥尼电子、领益智造、杰美特,奥尼电子、领益智造、杰美特,智动力、春秋电子、奕东电子、恒铭达、歌尔股份、环旭电子、利通电子、立讯精密、致尚科技、电连技术,5.45,,5.45
消费电子,2026-04-10,2026-04-14,3,7,2,2,5,1,奥尼电子、杰美特,信维通信、协创数据,春秋电子、协创数据、利通电子、信维通信、立讯精密,领益智造,13.77,19.66,1.98
AI PC,2026-04-08,2026-04-10,7,5,1,4,4,6,德明利,佰维存储、领益智造、胜宏科技、江波龙,佰维存储、领益智造、胜宏科技、江波龙,思泉新材、春秋电子、广合科技、恒铭达、鹏鼎控股、中石科技,5.16,13.71,3.73
AI PC,2026-04-10,2026-04-14,5,4,1,2,3,4,德明利,通富微电、东芯股份,通富微电、春秋电子、东芯股份,佰维存储、领益智造、胜宏科技、江波龙,10.4,11.94,10.01
AI PC,2026-04-14,2026-04-17,4,1,0,0,1,4,,,胜宏科技,通富微电、春秋电子、东芯股份、德明利,4.69,,4.69
MR(混合现实),2026-04-08,2026-04-14,5,2,2,0,0,3,立讯精密、润建股份,,,中石科技、致尚科技、歌尔股份,9.48,13.91,6.52
半导体,2026-04-08,2026-04-10,17,14,3,11,11,14,大为股份、德明利、锴威特,富满微、江波龙、佰维存储、源杰科技、优迅股份、澜起科技、晶升股份、聚辰股份、卓胜微、长光华芯、星宸科技,富满微、江波龙、佰维存储、源杰科技、优迅股份、澜起科技、晶升股份、聚辰股份、卓胜微、长光华芯、星宸科技,立昂微、拓荆科技、长川科技、甬矽电子、普冉股份、北方华创、盛科通信-U、中科飞测、航宇微、圣邦股份、杰华特、中微公司,4.92,16.51,2.43
半导体,2026-04-10,2026-04-14,14,12,2,7,10,12,长光华芯、德明利,龙芯中科、ST臻镭、华虹公司、芯原股份、东芯股份、强一股份、通富微电,龙芯中科、ST臻镭、甬矽电子、长川科技、华虹公司、芯原股份、东芯股份、强一股份、通富微电、寒武纪,大为股份、富满微、江波龙、佰维存储、源杰科技、优迅股份、锴威特、澜起科技、晶升股份、聚辰股份、卓胜微、星宸科技,10.93,16.33,10.02
半导体,2026-04-14,2026-04-17,12,5,1,3,4,11,寒武纪,有研新材、富乐德、恒烁股份,有研新材、富乐德、恒烁股份、卓胜微,龙芯中科、德明利、ST臻镭、甬矽电子、长川科技、华虹公司、芯原股份、东芯股份、强一股份、长光华芯、通富微电,4.73,7.41,4.48
高压快充,2026-04-08,2026-04-10,3,4,1,3,3,2,东山精密,国轩高科、华自科技、中恒电气,国轩高科、华自科技、中恒电气,伊戈尔、麦格米特,9.67,19.71,4.64
铜缆高速连接,2026-04-08,2026-04-09,5,1,1,0,0,4,立讯精密,,,奕东电子、太辰光、远东股份、长芯博创,6.55,5.4,6.84
英伟达,2026-04-08,2026-04-10,4,5,1,4,4,3,中电港,奥尼电子、领益智造、奥比中光-W、胜宏科技,奥尼电子、领益智造、奥比中光-W、胜宏科技,利通电子、麦格米特、天孚通信,4.22,4.59,4.09
英伟达,2026-04-10,2026-04-14,5,5,1,3,4,4,奥尼电子,鼎通科技、宏昌电子、协创数据,利通电子、鼎通科技、宏昌电子、协创数据,中电港、领益智造、奥比中光-W、胜宏科技,7.57,25.59,3.07
虚拟电厂,2026-04-08,2026-04-10,4,6,0,6,6,4,,艾罗能源、华自科技、中恒电气、固德威、鹏辉能源、阳光电源,艾罗能源、华自科技、中恒电气、固德威、鹏辉能源、阳光电源,国电南自、润建股份、安靠智电、四方股份,0.78,,0.78
虚拟电厂,2026-04-10,2026-04-14,6,2,1,0,1,5,中恒电气,,润建股份,艾罗能源、华自科技、固德威、鹏辉能源、阳光电源,9.09,20.99,6.71
钠离子电池,2026-04-08,2026-04-10,5,23,3,20,20,2,亿纬锂能、宁德时代、中国动力,骆驼股份、雄韬股份、格林美、德赛电池、国轩高科、鹏辉能源、华盛锂电、蔚蓝锂芯、盟固利、中伟新材、先导智能、利元亨,骆驼股份、雄韬股份、格林美、德赛电池、国轩高科、鹏辉能源、华盛锂电、蔚蓝锂芯、盟固利、中伟新材、先导智能、利元亨,新宙邦、远东股份,7.46,9.79,3.96
钠离子电池,2026-04-10,2026-04-14,23,4,1,3,3,22,圣阳股份,壹石通、维科技术、科翔股份,壹石通、科翔股份、维科技术,亿纬锂能、骆驼股份、雄韬股份、华自科技、德赛电池、中国动力、格林美、国轩高科、鹏辉能源、杉杉股份、蔚蓝锂芯、宁德时代,6.53,21.02,5.87
电网设备,2026-04-08,2026-04-15,6,3,0,3,3,6,,起帆电缆、华菱线缆、长城科技,起帆电缆、华菱线缆、长城科技,四方股份、明阳电气、远东股份、国电南自、金盘科技、安靠智电,2.99,,2.99
可控核聚变,2026-04-08,2026-04-10,3,2,1,1,1,2,永鼎股份,长光华芯,长光华芯,远东股份、东方电气,5.45,14.66,0.85
可控核聚变,2026-04-10,2026-04-14,2,3,1,2,2,1,长光华芯,江海股份、金宏气体,江海股份、金宏气体,永鼎股份,9.15,20.72,-2.41
氢能源,2026-04-08,2026-04-10,8,11,2,9,9,6,亿纬锂能、中国动力,骆驼股份、雄韬股份、格林美、中恒电气、先导智能、利元亨、璞泰来、国瓷材料、阳光电源,骆驼股份、雄韬股份、格林美、中恒电气、先导智能、利元亨、璞泰来、国瓷材料、阳光电源,明阳智能、四方股份、明阳电气、金风科技、东方电气、科华数据,3.76,11.53,1.17
氢能源,2026-04-10,2026-04-14,11,3,1,2,2,10,中恒电气,金宏气体、禾望电气,金宏气体、禾望电气,亿纬锂能、骆驼股份、雄韬股份、格林美、中国动力、先导智能、利元亨、璞泰来、国瓷材料、阳光电源,4.9,20.99,3.29
燃料电池,2026-04-08,2026-04-10,3,10,2,8,8,1,亿纬锂能、中国动力,骆驼股份、雄韬股份、格林美、先导智能、西子洁能、利元亨、鹏辉能源、三环集团,骆驼股份、雄韬股份、格林美、先导智能、西子洁能、利元亨、鹏辉能源、三环集团,东方电气,8.74,11.53,3.16
燃料电池,2026-04-10,2026-04-14,10,4,1,3,3,9,三环集团,壹石通、金宏气体、石大胜华,壹石通、金宏气体、石大胜华,亿纬锂能、骆驼股份、雄韬股份、格林美、中国动力、先导智能、西子洁能、利元亨、鹏辉能源,4.45,8.37,4.01
电池,2026-04-08,2026-04-10,3,23,2,21,21,1,亿纬锂能、宁德时代,骆驼股份、雄韬股份、格林美、德赛电池、国轩高科、圣阳股份、鹏辉能源、天华新能、杉杉股份、德方纳米、蔚蓝锂芯、华盛锂电,骆驼股份、雄韬股份、格林美、德赛电池、国轩高科、圣阳股份、鹏辉能源、天华新能、杉杉股份、德方纳米、蔚蓝锂芯、华盛锂电,新宙邦,7.73,6.91,9.36
电池,2026-04-10,2026-04-16,23,8,4,4,4,19,圣阳股份、德方纳米、鹏辉能源、天华新能,震裕科技、德新科技、正业科技、龙蟠科技,震裕科技、德新科技、正业科技、龙蟠科技,骆驼股份、雄韬股份、格林美、德赛电池、国轩高科、华盛锂电、蔚蓝锂芯、盟固利、中伟新材、先导智能、利元亨、璞泰来,8.1,24.63,4.62
锂电池,2026-04-10,2026-04-16,7,2,1,1,1,6,鹏辉能源,震裕科技,震裕科技,亿纬锂能、宁德时代、德赛电池、派能科技、国轩高科、蔚蓝锂芯,6.44,19.94,4.19
TOPCON电池,2026-04-16,2026-04-17,3,5,0,5,5,3,,帝尔激光、赛伍技术、先导智能、航天机电、奥特维,帝尔激光、赛伍技术、先导智能、航天机电、奥特维,福立旺、三孚新科、聚和材料,4.33,,4.33
