trade_date,total_amount,top3_industry_ratio,industry_1,industry_1_ratio,industry_2,industry_2_ratio,industry_3,industry_3_ratio,sh_index_pct_chg,advancers,top3_set_changed
2026-04-08,24342.0,37.4,电子,18.7,电力设备,10.5,通信,8.5,2.69,5174,
2026-04-09,21339.0,39.4,电子,19.5,电力设备,10.7,通信,9.4,-0.72,1140,0
2026-04-10,23227.0,41.8,电子,20.2,电力设备,12.6,通信,9.3,0.51,3977,0
2026-04-13,21502.0,40.5,电子,19.4,电力设备,12.5,通信,8.8,0.06,2378,0
2026-04-14,23836.0,40.9,电子,20.6,电力设备,12.0,通信,8.5,0.95,3723,0
2026-04-15,24151.0,40.7,电子,20.0,电力设备,12.8,通信,8.2,0.01,1841,0
2026-04-16,23415.0,40.1,电子,19.0,电力设备,12.9,通信,8.5,0.7,4293,0
2026-04-17,24254.0,41.1,电子,20.8,电力设备,11.6,通信,9.1,-0.1,2396,0
2026-04-20,25786.0,40.9,电子,21.0,电力设备,11.9,通信,8.5,0.76,3424,0
2026-04-21,24084.0,40.9,电子,20.7,电力设备,12.1,通信,8.4,0.07,1949,0
2026-04-22,25595.0,42.2,电子,21.5,电力设备,11.7,通信,9.4,0.52,2920,0
2026-04-23,28043.0,41.3,电子,21.4,电力设备,11.0,通信,9.2,-0.32,1330,0
2026-04-24,26415.0,42.7,电子,22.5,电力设备,10.6,通信,9.8,-0.33,2036,0
2026-04-27,25891.0,43.5,电子,24.4,电力设备,11.1,通信,8.3,0.16,3284,0
2026-04-28,25359.0,41.6,电子,23.2,电力设备,11.1,通信,7.6,-0.19,1698,0
2026-04-29,25899.0,41.1,电子,21.5,电力设备,13.0,有色金属,6.8,0.71,3973,1
2026-04-30,27406.0,41.8,电子,23.1,电力设备,11.9,机械设备,7.1,0.11,2878,1
2026-05-06,32265.0,42.9,电子,24.7,电力设备,11.2,通信,7.2,1.17,3890,1
2026-05-07,31436.0,41.5,电子,23.2,电力设备,11.0,通信,7.7,0.48,3520,0
2026-05-08,30483.0,40.5,电子,21.8,电力设备,11.0,机械设备,8.0,-0.0,3637,1
2026-05-11,35386.0,42.6,电子,24.6,电力设备,10.1,通信,8.2,1.08,3121,1
2026-05-12,32424.0,43.1,电子,24.0,电力设备,10.7,通信,8.7,-0.25,1379,0
2026-05-13,32397.0,44.7,电子,25.3,电力设备,11.4,通信,8.4,0.67,3215,0
2026-05-14,33619.22,44.7,电子,25.6,电力设备,11.0,通信,8.4,-1.52,1047,0
2026-05-15,33443.0,45.5,电子,26.7,电力设备,10.8,机械设备,8.5,-1.02,1816,1
2026-05-18,28936.04,45.6,电子,26.9,电力设备,10.2,机械设备,8.9,-0.09,2375,0
2026-05-19,28863.1,45.5,电子,27.2,电力设备,9.9,机械设备,8.8,0.92,3608,0
2026-05-20,29534.18,48.0,电子,28.9,电力设备,10.6,机械设备,8.9,-0.18,1638,0
2026-05-21,34812.29,48.0,电子,29.6,电力设备,9.9,机械设备,8.8,-2.04,695,0
2026-05-22,29030.38,48.7,电子,30.9,电力设备,9.4,机械设备,8.8,0.87,3790,0
2026-05-25,32054.48,50.4,电子,32.7,电力设备,9.6,机械设备,8.5,0.96,2181,0
2026-05-26,32434.11,49.8,电子,31.9,电力设备,9.4,机械设备,8.9,-0.17,1354,0
2026-05-27,32382.16,51.5,电子,33.5,电力设备,10.2,机械设备,8.2,-1.25,974,0
2026-05-28,29678.79,49.5,电子,32.2,电力设备,9.9,机械设备,7.8,0.12,3018,0
2026-05-29,33186.38,48.3,电子,30.7,电力设备,9.6,通信,8.2,-0.73,1541,1
2026-06-01,28772.39,46.6,电子,30.0,电力设备,9.5,通信,7.4,-0.27,3776,0
2026-06-02,27926.15,46.8,电子,29.1,电力设备,9.3,通信,8.7,0.43,1493,0
2026-06-03,31299.84,49.7,电子,31.9,通信,9.8,电力设备,8.4,0.22,1713,0
2026-06-04,27574.16,48.8,电子,31.4,电力设备,9.2,通信,8.6,-0.64,1344,0
2026-06-05,30688.1,49.0,电子,30.1,通信,10.9,机械设备,8.6,-0.74,3277,1
