sector_ts_code,sector_name,sw_l1,cycle_no,start_date,confirm_date,reflow_date,start_core_n,reflow_core_n,continued_n,new_core_n,rotated_in_n,dropped_n,avg_buy_start_to_reflow_pct,avg_buy_confirm_to_reflow_pct,continued_names,new_core_names,dropped_names,reflow_core_status
885537.TI,3D打印,机械设备,1,2026-05-25,2026-05-26,2026-06-05,5,,,,,,-6.67,-7.24,,,华工科技、北京君正、金太阳、东睦股份、华曙高科,no_next_day
886069.TI,人形机器人,机械设备,1,2026-05-15,2026-05-18,2026-06-05,35,,,,,,1.47,-2.61,,,天奇股份、江海股份、新时达、埃斯顿、中大力德、雷赛智能、兆威机电、汉威科技、机器人、长盈精密、汇川技术、锦富技术、东华测试、力星股份、蓝思科技、江苏雷利、华辰装备、怡合达、丰立智能、安培龙、瑞迪智驱、三瑞智能、精达股份、北自科技、大业股份、柯力传感、五洲新春、鸣志电器、兆易创新、天准科技、绿的谐波、步科股份、奥比中光-W、伟创电气、中控技术,no_next_day
885946.TI,传感器,机械设备,1,2026-04-30,2026-05-06,2026-06-05,0,,,,,,,,,,,no_next_day
886008.TI,减速器,机械设备,1,2026-04-30,2026-05-06,2026-05-08,0,5,0,5,5,0,,,,大族激光、巨轮智能、昊志机电、德恩精工、绿的谐波,,ok
886008.TI,减速器,机械设备,2,2026-05-08,2026-05-11,2026-05-15,5,15,1,14,14,4,14.15,8.73,绿的谐波,新时达、中大力德、兆威机电、长盈精密、力星股份、蓝思科技、江苏雷利、怡合达、丰立智能、瑞迪智驱、三瑞智能、五洲新春、鸣志电器、步科股份,大族激光、巨轮智能、昊志机电、德恩精工,ok
886008.TI,减速器,机械设备,3,2026-05-15,2026-05-18,2026-06-05,15,,,,,,-0.76,-4.33,,,新时达、中大力德、兆威机电、长盈精密、力星股份、蓝思科技、江苏雷利、怡合达、丰立智能、瑞迪智驱、三瑞智能、五洲新春、鸣志电器、绿的谐波、步科股份,no_next_day
885930.TI,工业母机,机械设备,1,2026-05-15,2026-05-18,2026-06-05,10,,,,,,3.94,2.48,,,新时达、埃斯顿、科力尔、汇川技术、力星股份、华辰装备、怡合达、鼎泰高科、固高科技、XD华新精,no_next_day
886057.TI,新型工业化,机械设备,1,2026-04-30,2026-05-06,2026-05-15,0,28,0,28,28,0,,,,宏英智能、天奇股份、新时达、埃斯顿、银宝山新、科力尔、中大力德、雷赛智能、兆威机电、机器人、长盈精密、汇川技术、锦富技术、三丰智能、东华测试、蓝思科技、华辰装备、康平科技、怡合达、致尚科技、固高科技、瑞迪智驱、北自科技、天准科技、绿的谐波、步科股份、奥比中光-W、中控技术,,ok
886057.TI,新型工业化,机械设备,2,2026-05-15,2026-05-18,2026-06-05,28,,,,,,4.46,0.06,,,宏英智能、天奇股份、新时达、埃斯顿、银宝山新、科力尔、中大力德、雷赛智能、兆威机电、机器人、长盈精密、汇川技术、锦富技术、三丰智能、东华测试、蓝思科技、华辰装备、康平科技、怡合达、致尚科技、固高科技、瑞迪智驱、北自科技、天准科技、绿的谐波、步科股份、奥比中光-W、中控技术,no_next_day
881171.TI,自动化设备,机械设备,1,2026-04-30,2026-05-06,2026-05-15,0,16,0,16,16,0,,,,宏英智能、新时达、埃斯顿、雷赛智能、机器人、汇川技术、三丰智能、怡合达、固高科技、天准科技、绿的谐波、杰普特、步科股份、奥普特、伟创电气、中控技术,,ok
881171.TI,自动化设备,机械设备,2,2026-05-15,2026-05-18,2026-06-05,16,,,,,,3.39,-0.14,,,宏英智能、新时达、埃斯顿、雷赛智能、机器人、汇川技术、三丰智能、怡合达、固高科技、天准科技、绿的谐波、杰普特、步科股份、奥普特、伟创电气、中控技术,no_next_day
881117.TI,通用设备,机械设备,1,2026-05-15,2026-05-18,2026-06-05,21,,,,,,-0.34,-4.55,,,中大力德、汉威科技、新天科技、东华测试、力星股份、精测电子、华辰装备、浙江力诺、鑫磊股份、丰立智能、鼎泰高科、安培龙、瑞迪智驱、北自科技、海鸥股份、大业股份、华之杰、柯力传感、五洲新春、鼎阳科技、联讯仪器,no_next_day
886053.TI,BC电池,电力设备,1,2026-05-11,2026-05-12,2026-05-25,2,2,0,2,2,2,3.49,2.9,,横店东磁、福斯特,中来股份、广信材料,ok
886053.TI,BC电池,电力设备,2,2026-05-25,2026-05-26,2026-06-03,2,3,1,2,2,1,8.76,4.87,横店东磁,晶盛机电、微导纳米,福斯特,ok
885878.TI,HJT电池,电力设备,1,2026-05-11,2026-05-12,2026-05-25,0,2,0,2,2,0,,,,明阳智能、福斯特,,ok
886020.TI,PET铜箔,电力设备,1,2026-04-29,2026-04-30,2026-05-06,0,0,0,0,0,0,,,,,,ok
886020.TI,PET铜箔,电力设备,2,2026-05-06,2026-05-07,2026-06-02,0,2,0,2,2,0,,,,洁美科技、远东股份,,ok
886020.TI,PET铜箔,电力设备,3,2026-06-02,2026-06-03,2026-06-03,2,4,2,2,2,0,7.13,0.0,洁美科技、远东股份,中天科技、杭电股份,,ok
886007.TI,TOPCON电池,电力设备,1,2026-04-08,2026-04-09,2026-04-16,0,3,0,3,3,0,,,,三孚新科、聚和材料、福立旺,,ok
886007.TI,TOPCON电池,电力设备,2,2026-04-16,2026-04-17,2026-04-17,3,5,0,5,5,3,4.33,0.0,,先导智能、帝尔激光、航天机电、赛伍技术、奥特维,三孚新科、聚和材料、福立旺,ok
886007.TI,TOPCON电池,电力设备,3,2026-04-17,2026-04-20,2026-04-29,5,0,0,0,0,5,-1.38,-3.57,,,先导智能、帝尔激光、航天机电、赛伍技术、奥特维,ok
886007.TI,TOPCON电池,电力设备,4,2026-04-29,2026-04-30,2026-05-06,0,0,0,0,0,0,,,,,,ok
886007.TI,TOPCON电池,电力设备,5,2026-05-06,2026-05-07,2026-05-11,0,2,0,2,2,0,,,,中来股份、英杰电气,,ok
886007.TI,TOPCON电池,电力设备,6,2026-05-11,2026-05-12,2026-06-03,2,3,0,3,3,2,-4.0,-3.88,,横店东磁、晶盛机电、微导纳米,中来股份、英杰电气,ok
885921.TI,储能,电力设备,1,2026-04-08,2026-04-09,2026-04-10,30,33,4,29,29,26,4.04,1.04,中电港、亿纬锂能、宁德时代、中国动力,德赛电池、国轩高科、蔚蓝锂芯、格林美、中恒电气、西子洁能、圣阳股份、领益智造、雄韬股份、阳光电源、天华新能、鹏辉能源、先导智能、胜宏科技、华自科技、锦浪科技、德方纳米、中伟新材、杉杉股份、骆驼股份、璞泰来、德业股份、派能科技、万润新能、华盛锂电、固德威、海博思创、利元亨、艾罗能源,中兴通讯、金风科技、水晶光电、科华数据、通鼎互联、麦格米特、伊戈尔、润建股份、恒铭达、安靠智电、中石科技、欧陆通、雅创电子、奕东电子、明阳电气、思泉新材、国电南自、天通股份、远东股份、东方电气、四方股份、明阳智能、华正新材、世运电路、杰华特、金盘科技,ok
885921.TI,储能,电力设备,2,2026-04-10,2026-04-13,2026-04-29,33,0,0,0,0,33,13.43,9.6,,,德赛电池、中电港、国轩高科、蔚蓝锂芯、格林美、中恒电气、西子洁能、圣阳股份、领益智造、雄韬股份、亿纬锂能、阳光电源、天华新能、鹏辉能源、先导智能、胜宏科技、华自科技、宁德时代、锦浪科技、德方纳米、中伟新材、中国动力、杉杉股份、骆驼股份、璞泰来、德业股份、派能科技、万润新能、华盛锂电、固德威、海博思创、利元亨、艾罗能源,ok
885921.TI,储能,电力设备,3,2026-04-29,2026-04-30,2026-05-06,0,0,0,0,0,0,,,,,,ok
885921.TI,储能,电力设备,4,2026-05-06,2026-05-07,2026-05-11,0,24,0,15,24,0,,,,风华高科、吴通控股、ST合纵、盛弘股份、英杰电气、科翔股份、维峰电子、特变电工、国电南瑞、中国西电、禾望电气、起帆电缆、思瑞浦、科威尔、瑞可达,,ok
885531.TI,光伏,电力设备,1,2026-04-08,2026-04-09,2026-04-10,20,17,0,17,17,20,2.79,0.27,,欧晶科技、西子洁能、领益智造、阳光电源、先导智能、胜宏科技、华自科技、捷佳伟创、锦浪科技、唯特偶、*ST亿晶、杉杉股份、德业股份、固德威、晶升股份、利元亨、艾罗能源,特发信息、科华数据、北方华创、麦格米特、伊戈尔、润建股份、安靠智电、中石科技、欧陆通、雅创电子、明阳电气、天通股份、远东股份、东方电气、四方股份、明阳智能、依顿电子、世运电路、立昂微、金盘科技,ok
885531.TI,光伏,电力设备,2,2026-04-10,2026-04-13,2026-04-17,17,21,5,14,16,12,5.01,2.13,先导智能、胜宏科技、华自科技、唯特偶、利元亨,华盛昌、力源信息、南大光电、帝尔激光、崧盛股份、扬电科技、航天机电、三安光电、宏发股份、禾望电气、赛伍技术、起帆电缆、威腾电气、奥特维,欧晶科技、西子洁能、领益智造、阳光电源、捷佳伟创、锦浪科技、*ST亿晶、杉杉股份、德业股份、固德威、晶升股份、艾罗能源,ok
885531.TI,光伏,电力设备,3,2026-04-17,2026-04-20,2026-05-06,21,0,0,0,0,21,9.12,6.02,,,华盛昌、力源信息、南大光电、先导智能、胜宏科技、华自科技、帝尔激光、崧盛股份、扬电科技、唯特偶、航天机电、天通股份、三安光电、宏发股份、四方股份、禾望电气、赛伍技术、起帆电缆、威腾电气、利元亨、奥特维,ok
885531.TI,光伏,电力设备,4,2026-05-06,2026-05-07,2026-05-11,0,26,0,17,26,0,,,,风华高科、意华股份、中来股份、飞凯材料、ST合纵、广信材料、金银河、英杰电气、维峰电子、特变电工、国电南瑞、中国西电、新洁能、华海诚科、科威尔、金博股份、瑞可达,,ok
885531.TI,光伏,电力设备,5,2026-05-11,2026-05-12,2026-06-03,26,19,5,10,14,21,4.95,1.89,意华股份、飞凯材料、三安光电、远东股份、瑞可达,TCL科技、京东方Ａ、横店东磁、长信科技、晶盛机电、中天科技、杭电股份、兆易创新、金宏气体、微导纳米,风华高科、北方华创、中来股份、ST合纵、广信材料、金银河、英杰电气、维峰电子、特变电工、天通股份、国电南瑞、四方股份、中国西电、禾望电气、世运电路、新洁能、起帆电缆、固德威、华海诚科、科威尔、金博股份,ok
881279.TI,光伏设备,电力设备,1,2026-04-08,2026-04-09,2026-04-10,0,8,0,8,8,0,,,,欧晶科技、阳光电源、捷佳伟创、锦浪科技、*ST亿晶、德业股份、固德威、艾罗能源,,ok
881279.TI,光伏设备,电力设备,2,2026-04-10,2026-04-13,2026-04-20,8,0,0,0,0,8,-0.87,-3.8,,,欧晶科技、阳光电源、捷佳伟创、锦浪科技、*ST亿晶、德业股份、固德威、艾罗能源,ok
881279.TI,光伏设备,电力设备,3,2026-04-20,2026-04-21,2026-04-29,0,0,0,0,0,0,,,,,,ok
881279.TI,光伏设备,电力设备,4,2026-04-29,2026-04-30,2026-05-06,0,0,0,0,0,0,,,,,,ok
881279.TI,光伏设备,电力设备,5,2026-05-06,2026-05-07,2026-05-11,0,3,0,2,3,0,,,,中来股份、金博股份,,ok
881279.TI,光伏设备,电力设备,6,2026-05-11,2026-05-12,2026-05-20,3,3,0,1,3,3,13.44,11.75,,正泰电源,中来股份、固德威、金博股份,ok
886065.TI,可控核聚变,电力设备,1,2026-04-08,2026-04-09,2026-04-10,3,2,1,1,1,2,5.46,3.58,永鼎股份,长光华芯,远东股份、东方电气,ok
886065.TI,可控核聚变,电力设备,2,2026-04-10,2026-04-13,2026-04-14,2,3,1,2,2,1,9.15,4.5,长光华芯,江海股份、金宏气体,永鼎股份,ok
886065.TI,可控核聚变,电力设备,3,2026-04-14,2026-04-15,2026-04-20,3,0,0,0,0,3,5.14,4.34,,,江海股份、长光华芯、金宏气体,ok
886065.TI,可控核聚变,电力设备,4,2026-04-20,2026-04-21,2026-05-06,0,0,0,0,0,0,,,,,,ok
886065.TI,可控核聚变,电力设备,5,2026-05-06,2026-05-07,2026-05-11,0,4,0,3,4,0,,,,英杰电气、中国西电、起帆电缆,,ok
886065.TI,可控核聚变,电力设备,6,2026-05-11,2026-05-12,2026-05-25,4,1,0,1,1,4,-0.06,-3.83,,江苏神通,英杰电气、远东股份、中国西电、起帆电缆,ok
886065.TI,可控核聚变,电力设备,7,2026-05-25,2026-05-26,2026-06-03,1,8,0,3,8,1,-5.46,-5.36,,洁美科技、旭光电子、中天科技,江苏神通,ok
886032.TI,固态电池,电力设备,1,2026-04-08,2026-04-09,2026-04-10,8,27,3,24,24,5,4.93,2.08,亿纬锂能、宁德时代、中国动力,德赛电池、国轩高科、蔚蓝锂芯、格林美、圣阳股份、雄韬股份、国瓷材料、天华新能、鹏辉能源、先导智能、华自科技、德方纳米、中伟新材、海科新源、盟固利、杉杉股份、骆驼股份、璞泰来、派能科技、芳源股份、万润新能、华盛锂电、海博思创、利元亨,通鼎互联、新宙邦、智动力、远东股份、华正新材,ok
886032.TI,固态电池,电力设备,2,2026-04-10,2026-04-13,2026-04-21,27,0,0,0,0,27,9.78,6.19,,,德赛电池、国轩高科、蔚蓝锂芯、格林美、圣阳股份、雄韬股份、亿纬锂能、国瓷材料、天华新能、鹏辉能源、先导智能、华自科技、宁德时代、德方纳米、中伟新材、海科新源、盟固利、中国动力、杉杉股份、骆驼股份、璞泰来、派能科技、芳源股份、万润新能、华盛锂电、海博思创、利元亨,ok
886032.TI,固态电池,电力设备,3,2026-04-21,2026-04-22,2026-04-29,0,0,0,0,0,0,,,,,,ok
886032.TI,固态电池,电力设备,4,2026-04-29,2026-04-30,2026-05-20,0,7,0,4,7,0,,,,大族激光、天赐材料、星源材质、艾华集团,,ok
885823.TI,氢能源,电力设备,1,2026-04-08,2026-04-09,2026-04-10,8,11,2,9,9,6,3.76,2.72,亿纬锂能、中国动力,格林美、中恒电气、雄韬股份、阳光电源、国瓷材料、先导智能、骆驼股份、璞泰来、利元亨,金风科技、科华数据、明阳电气、东方电气、四方股份、明阳智能,ok
885823.TI,氢能源,电力设备,2,2026-04-10,2026-04-13,2026-04-14,11,3,1,2,2,10,4.9,1.92,中恒电气,禾望电气、金宏气体,格林美、雄韬股份、亿纬锂能、阳光电源、国瓷材料、先导智能、中国动力、骆驼股份、璞泰来、利元亨,ok
885823.TI,氢能源,电力设备,3,2026-04-14,2026-04-15,2026-05-06,3,0,0,0,0,3,22.47,17.78,,,中恒电气、禾望电气、金宏气体,ok
885823.TI,氢能源,电力设备,4,2026-05-06,2026-05-07,2026-05-11,0,6,0,4,6,0,,,,英杰电气、国电南瑞、科威尔、金博股份,,ok
886044.TI,液冷服务器,电力设备,1,2026-04-08,2026-04-09,2026-04-10,14,4,0,4,4,14,5.27,0.91,,圣阳股份、领益智造、中际旭创、阿莱德,中兴通讯、光迅科技、科华数据、立讯精密、新宙邦、中石科技、欧陆通、商络电子、奕东电子、思泉新材、烽火通信、远东股份、剑桥科技、利通电子,ok
886044.TI,液冷服务器,电力设备,2,2026-04-10,2026-04-13,2026-04-14,4,7,2,2,5,2,9.0,4.95,圣阳股份、中际旭创,润泽科技、鼎通科技,领益智造、阿莱德,ok
886044.TI,液冷服务器,电力设备,3,2026-04-14,2026-04-15,2026-04-20,7,0,0,0,0,7,21.86,17.46,,,立讯精密、圣阳股份、中际旭创、润泽科技、剑桥科技、利通电子、鼎通科技,ok
886044.TI,液冷服务器,电力设备,4,2026-04-20,2026-04-21,2026-04-22,0,0,0,0,0,0,,,,,,ok
886044.TI,液冷服务器,电力设备,5,2026-04-22,2026-04-23,2026-05-06,0,0,0,0,0,0,,,,,,ok
886044.TI,液冷服务器,电力设备,6,2026-05-06,2026-05-07,2026-05-11,0,8,0,4,8,0,,,,风华高科、意华股份、XD骄成超、瑞可达,,ok
886044.TI,液冷服务器,电力设备,7,2026-05-11,2026-05-12,2026-06-03,8,11,4,4,7,4,22.47,16.51,意华股份、中际旭创、远东股份、瑞可达,亨通光电、中天科技、菲沃泰、南芯科技,风华高科、立讯精密、圣阳股份、XD骄成超,ok
885775.TI,燃料电池,电力设备,1,2026-04-08,2026-04-09,2026-04-10,3,10,2,8,8,1,8.74,6.41,亿纬锂能、中国动力,格林美、西子洁能、雄韬股份、三环集团、鹏辉能源、先导智能、骆驼股份、利元亨,东方电气,ok
885775.TI,燃料电池,电力设备,2,2026-04-10,2026-04-13,2026-04-14,10,4,1,3,3,9,4.45,2.19,三环集团,石大胜华、金宏气体、壹石通,格林美、西子洁能、雄韬股份、亿纬锂能、鹏辉能源、先导智能、中国动力、骆驼股份、利元亨,ok
885775.TI,燃料电池,电力设备,3,2026-04-14,2026-04-15,2026-04-29,4,0,0,0,0,4,22.74,22.36,,,三环集团、石大胜华、金宏气体、壹石通,ok
885775.TI,燃料电池,电力设备,4,2026-04-29,2026-04-30,2026-04-30,0,0,0,0,0,0,,,,,,ok
885775.TI,燃料电池,电力设备,5,2026-04-30,2026-05-06,2026-05-07,0,0,0,0,0,0,,,,,,ok
885425.TI,特高压,电力设备,1,2026-04-08,2026-04-09,2026-04-15,8,2,0,2,2,8,1.56,-0.84,,华菱线缆、起帆电缆,特发信息、金风科技、雅克科技、安靠智电、国电南自、烽火通信、远东股份、四方股份,ok
885425.TI,特高压,电力设备,2,2026-04-15,2026-04-16,2026-04-20,2,0,0,0,0,2,13.94,10.16,,,华菱线缆、起帆电缆,ok
885425.TI,特高压,电力设备,3,2026-04-20,2026-04-21,2026-05-06,0,0,0,0,0,0,,,,,,ok
885425.TI,特高压,电力设备,4,2026-05-06,2026-05-07,2026-05-11,0,6,0,3,6,0,,,,特变电工、国电南瑞、中国西电,,ok
885425.TI,特高压,电力设备,5,2026-05-11,2026-05-12,2026-05-25,6,1,0,1,1,6,-2.28,-6.66,,芯联集成-U,特变电工、国电南瑞、远东股份、四方股份、中国西电、起帆电缆,ok
881281.TI,电池,电力设备,1,2026-04-08,2026-04-09,2026-04-10,3,23,2,21,21,1,7.73,6.32,亿纬锂能、宁德时代,德赛电池、国轩高科、蔚蓝锂芯、格林美、圣阳股份、雄韬股份、天华新能、鹏辉能源、先导智能、德方纳米、中伟新材、海科新源、盟固利、杉杉股份、骆驼股份、璞泰来、派能科技、芳源股份、万润新能、华盛锂电、利元亨,新宙邦,ok
881281.TI,电池,电力设备,2,2026-04-10,2026-04-13,2026-04-16,23,9,4,5,5,19,8.1,4.5,圣阳股份、天华新能、鹏辉能源、德方纳米,正业科技、震裕科技、德新科技、龙蟠科技、安达科技,德赛电池、国轩高科、蔚蓝锂芯、格林美、雄韬股份、亿纬锂能、先导智能、宁德时代、中伟新材、海科新源、盟固利、杉杉股份、骆驼股份、璞泰来、派能科技、芳源股份、万润新能、华盛锂电、利元亨,ok
881281.TI,电池,电力设备,3,2026-04-16,2026-04-17,2026-04-21,9,0,0,0,0,9,2.83,0.16,,,圣阳股份、天华新能、正业科技、鹏辉能源、德方纳米、震裕科技、德新科技、龙蟠科技、安达科技,ok
881281.TI,电池,电力设备,4,2026-04-21,2026-04-22,2026-04-29,0,0,0,0,0,0,,,,,,ok
881281.TI,电池,电力设备,5,2026-04-29,2026-04-30,2026-05-06,0,0,0,0,0,0,,,,,,ok
881281.TI,电池,电力设备,6,2026-05-06,2026-05-07,2026-05-20,0,5,0,3,5,0,,,,尚太科技、天赐材料、星源材质,,ok
884310.TI,电池化学品,电力设备,1,2026-04-24,2026-04-27,2026-04-29,0,0,0,0,0,0,,,,,,ok
884310.TI,电池化学品,电力设备,2,2026-04-29,2026-04-30,2026-05-20,0,5,0,5,5,0,,,,尚太科技、天赐材料、新宙邦、星源材质、德方纳米,,ok
881278.TI,电网设备,电力设备,1,2026-04-08,2026-04-09,2026-04-15,6,3,0,3,3,6,2.99,1.8,,华菱线缆、长城科技、起帆电缆,安靠智电、明阳电气、国电南自、远东股份、四方股份、金盘科技,ok
881278.TI,电网设备,电力设备,2,2026-04-15,2026-04-16,2026-04-20,3,0,0,0,0,3,12.7,6.85,,,华菱线缆、长城科技、起帆电缆,ok
881278.TI,电网设备,电力设备,3,2026-04-20,2026-04-21,2026-05-06,0,0,0,0,0,0,,,,,,ok
881278.TI,电网设备,电力设备,4,2026-05-06,2026-05-07,2026-05-11,0,6,0,3,6,0,,,,ST合纵、国电南瑞、中国西电,,ok
881278.TI,电网设备,电力设备,5,2026-05-11,2026-05-12,2026-05-12,6,10,1,9,9,5,4.08,0.0,四方股份,三变科技、柘中股份、汉缆股份、特锐德、中能电气、通光线缆、众智科技、新风光、亿能电力,ST合纵、国电南瑞、远东股份、中国西电、起帆电缆,ok
881278.TI,电网设备,电力设备,6,2026-05-12,2026-05-13,2026-05-13,10,3,2,0,1,8,7.08,0.0,特锐德、新风光,,三变科技、柘中股份、汉缆股份、中能电气、通光线缆、众智科技、四方股份、亿能电力,ok
881278.TI,电网设备,电力设备,7,2026-05-13,2026-05-14,2026-05-19,3,3,1,2,2,2,9.99,6.53,新风光,智光电气、望变电气,特锐德、国电南瑞,ok
886004.TI,虚拟电厂,电力设备,1,2026-04-08,2026-04-09,2026-04-10,4,6,0,6,6,4,0.78,-0.38,,中恒电气、阳光电源、鹏辉能源、华自科技、固德威、艾罗能源,润建股份、安靠智电、国电南自、四方股份,ok
886004.TI,虚拟电厂,电力设备,2,2026-04-10,2026-04-13,2026-04-14,6,2,1,0,1,5,9.1,4.1,中恒电气,,阳光电源、鹏辉能源、华自科技、固德威、艾罗能源,ok
886004.TI,虚拟电厂,电力设备,3,2026-04-14,2026-04-15,2026-05-06,2,0,0,0,0,2,6.83,6.16,,,中恒电气、润建股份,ok
886004.TI,虚拟电厂,电力设备,4,2026-05-06,2026-05-07,2026-05-11,0,6,0,4,6,0,,,,中来股份、盛弘股份、特变电工、国电南瑞,,ok
886004.TI,虚拟电厂,电力设备,5,2026-05-11,2026-05-12,2026-05-13,6,5,1,3,4,5,8.32,4.96,国电南瑞,深科技、特锐德、华体科技,中来股份、盛弘股份、特变电工、四方股份、固德威,ok
886004.TI,虚拟电厂,电力设备,6,2026-05-13,2026-05-14,2026-05-19,5,4,0,2,4,5,6.03,4.53,,智光电气、旭光电子,深科技、中恒电气、特锐德、国电南瑞、华体科技,ok
885886.TI,超级电容,电力设备,1,2026-05-08,2026-05-11,2026-05-11,2,2,1,1,1,1,7.04,0.0,风华高科,中国西电,北京科锐,ok
885886.TI,超级电容,电力设备,2,2026-05-11,2026-05-12,2026-05-19,2,2,1,1,1,1,5.49,0.79,风华高科,法拉电子,中国西电,ok
885886.TI,超级电容,电力设备,3,2026-05-19,2026-05-20,2026-05-20,2,3,2,1,1,0,7.52,0.0,风华高科、法拉电子,新宙邦,,ok
885886.TI,超级电容,电力设备,4,2026-05-20,2026-05-21,2026-05-25,3,3,1,2,2,2,9.54,10.9,风华高科,深科技、麦格米特,新宙邦、法拉电子,ok
886006.TI,钙钛矿电池,电力设备,1,2026-04-08,2026-04-09,2026-04-20,2,0,0,0,0,2,7.86,7.12,,,明阳智能、莱特光电,ok
886006.TI,钙钛矿电池,电力设备,2,2026-04-20,2026-04-21,2026-04-27,0,0,0,0,0,0,,,,,,ok
886006.TI,钙钛矿电池,电力设备,3,2026-04-27,2026-04-28,2026-05-06,0,0,0,0,0,0,,,,,,ok
886006.TI,钙钛矿电池,电力设备,4,2026-05-06,2026-05-07,2026-05-11,0,2,0,2,2,0,,,,中来股份、沃格光电,,ok
886006.TI,钙钛矿电池,电力设备,5,2026-05-11,2026-05-12,2026-05-19,2,2,0,2,2,2,-10.08,-10.57,,华工科技、英诺激光,中来股份、沃格光电,ok
886006.TI,钙钛矿电池,电力设备,6,2026-05-19,2026-05-20,2026-06-03,2,5,0,5,5,2,4.85,2.82,,京东方Ａ、横店东磁、中天科技、微导纳米、奥来德,华工科技、英诺激光,ok
885928.TI,钠离子电池,电力设备,1,2026-04-08,2026-04-09,2026-04-10,5,23,3,20,20,2,7.46,5.32,亿纬锂能、宁德时代、中国动力,德赛电池、国轩高科、蔚蓝锂芯、格林美、圣阳股份、雄韬股份、鹏辉能源、先导智能、华自科技、中伟新材、海科新源、盟固利、杉杉股份、骆驼股份、璞泰来、派能科技、万润新能、华盛锂电、海博思创、利元亨,新宙邦、远东股份,ok
885928.TI,钠离子电池,电力设备,2,2026-04-10,2026-04-13,2026-04-14,23,4,1,3,3,22,6.53,3.75,圣阳股份,科翔股份、维科技术、壹石通,德赛电池、国轩高科、蔚蓝锂芯、格林美、雄韬股份、亿纬锂能、鹏辉能源、先导智能、华自科技、宁德时代、中伟新材、海科新源、盟固利、中国动力、杉杉股份、骆驼股份、璞泰来、派能科技、万润新能、华盛锂电、海博思创、利元亨,ok
885928.TI,钠离子电池,电力设备,3,2026-04-14,2026-04-15,2026-04-21,4,0,0,0,0,4,9.87,5.02,,,圣阳股份、科翔股份、维科技术、壹石通,ok
885928.TI,钠离子电池,电力设备,4,2026-04-21,2026-04-22,2026-04-29,0,0,0,0,0,0,,,,,,ok
885928.TI,钠离子电池,电力设备,5,2026-04-29,2026-04-30,2026-05-20,0,3,0,2,3,0,,,,天赐材料、星源材质,,ok
886073.TI,铜缆高速连接,电力设备,1,2026-04-08,2026-04-09,2026-04-09,5,1,1,0,0,4,6.56,0.0,立讯精密,,长芯博创、太辰光、奕东电子、远东股份,ok
886073.TI,铜缆高速连接,电力设备,2,2026-04-09,2026-04-10,2026-04-20,1,0,0,0,0,1,19.31,12.98,,,立讯精密,ok
886073.TI,铜缆高速连接,电力设备,3,2026-04-20,2026-04-21,2026-04-22,0,0,0,0,0,0,,,,,,ok
886073.TI,铜缆高速连接,电力设备,4,2026-04-22,2026-04-23,2026-04-27,0,0,0,0,0,0,,,,,,ok
886073.TI,铜缆高速连接,电力设备,5,2026-04-27,2026-04-28,2026-05-06,0,0,0,0,0,0,,,,,,ok
886073.TI,铜缆高速连接,电力设备,6,2026-05-06,2026-05-07,2026-05-11,0,5,0,3,5,0,,,,意华股份、维峰电子、瑞可达,,ok
886073.TI,铜缆高速连接,电力设备,7,2026-05-11,2026-05-12,2026-05-25,5,1,0,1,1,5,7.27,1.85,,华工科技,立讯精密、意华股份、维峰电子、远东股份、瑞可达,ok
886073.TI,铜缆高速连接,电力设备,8,2026-05-25,2026-05-26,2026-06-03,1,7,0,3,7,1,-10.21,-9.35,,中天科技、长飞光纤、鼎通科技,华工科技,ok
884309.TI,锂电池,电力设备,1,2026-04-10,2026-04-13,2026-04-16,7,2,1,1,1,6,6.44,4.3,鹏辉能源,震裕科技,德赛电池、国轩高科、蔚蓝锂芯、亿纬锂能、宁德时代、派能科技,ok
884309.TI,锂电池,电力设备,2,2026-04-16,2026-04-17,2026-04-21,2,0,0,0,0,2,1.32,0.88,,,鹏辉能源、震裕科技,ok
884309.TI,锂电池,电力设备,3,2026-04-21,2026-04-22,2026-04-29,0,0,0,0,0,0,,,,,,ok
884309.TI,锂电池,电力设备,4,2026-04-29,2026-04-30,2026-05-06,0,0,0,0,0,0,,,,,,ok
886105.TI,雅下水电,电力设备,1,2026-04-08,2026-04-09,2026-04-20,5,0,0,0,0,5,8.34,6.91,,,国电南自、远东股份、东方电气、四方股份、金盘科技,ok
886105.TI,雅下水电,电力设备,2,2026-04-20,2026-04-21,2026-05-06,0,0,0,0,0,0,,,,,,ok
886105.TI,雅下水电,电力设备,3,2026-05-06,2026-05-07,2026-05-08,0,1,0,0,1,0,,,,,,ok
886105.TI,雅下水电,电力设备,4,2026-05-08,2026-05-11,2026-05-11,1,4,1,2,3,0,7.2,0.0,四方股份,特变电工、国电南瑞,,ok
886105.TI,雅下水电,电力设备,5,2026-05-11,2026-05-12,2026-05-13,4,1,1,0,0,3,9.43,3.89,国电南瑞,,特变电工、远东股份、四方股份,ok
886105.TI,雅下水电,电力设备,6,2026-05-13,2026-05-14,2026-05-25,1,0,0,0,0,1,-6.28,-3.7,,,国电南瑞,ok
885641.TI,风电,电力设备,1,2026-04-08,2026-04-09,2026-04-20,12,0,0,0,0,12,10.09,8.64,,,金风科技、麦格米特、安靠智电、明阳电气、永鼎股份、国电南自、中国动力、远东股份、东方电气、四方股份、明阳智能、金盘科技,ok
885641.TI,风电,电力设备,2,2026-04-20,2026-04-21,2026-05-06,0,0,0,0,0,0,,,,,,ok
885641.TI,风电,电力设备,3,2026-05-06,2026-05-07,2026-05-11,0,6,0,4,6,0,,,,特变电工、中国西电、禾望电气、起帆电缆,,ok
885641.TI,风电,电力设备,4,2026-05-11,2026-05-12,2026-05-25,6,5,0,3,5,6,-0.96,-5.18,,江苏神通、卧龙电驱、龙溪股份,特变电工、远东股份、四方股份、中国西电、禾望电气、起帆电缆,ok
886001.TI,高压快充,电力设备,1,2026-04-08,2026-04-09,2026-04-10,3,4,1,3,3,2,9.67,5.63,东山精密,国轩高科、中恒电气、华自科技,麦格米特、伊戈尔,ok
886001.TI,高压快充,电力设备,2,2026-04-10,2026-04-13,2026-04-22,4,0,0,0,0,4,19.08,13.89,,,国轩高科、中恒电气、东山精密、华自科技,ok
886001.TI,高压快充,电力设备,3,2026-04-22,2026-04-23,2026-04-29,0,0,0,0,0,0,,,,,,ok
886001.TI,高压快充,电力设备,4,2026-04-29,2026-04-30,2026-05-06,0,0,0,0,0,0,,,,,,ok
886001.TI,高压快充,电力设备,5,2026-05-06,2026-05-07,2026-05-11,0,6,0,5,6,0,,,,风华高科、盛弘股份、特变电工、芯朋微、瑞可达,,ok
886001.TI,高压快充,电力设备,6,2026-05-11,2026-05-12,2026-05-19,6,8,1,7,7,5,5.43,0.78,风华高科,华工科技、可立克、捷捷微电、胜蓝股份、申菱环境、法拉电子、艾华集团,东山精密、盛弘股份、特变电工、芯朋微、瑞可达,ok
886001.TI,高压快充,电力设备,7,2026-05-19,2026-05-20,2026-05-25,8,6,3,2,3,5,12.82,5.68,风华高科、华工科技、艾华集团,扬杰科技、钧崴电子,可立克、捷捷微电、胜蓝股份、申菱环境、法拉电子,ok
886071.TI,AI PC,电子,1,2026-04-08,2026-04-09,2026-04-10,7,5,1,4,4,6,5.16,2.22,德明利,领益智造、胜宏科技、江波龙、佰维存储,广合科技、鹏鼎控股、恒铭达、中石科技、思泉新材、春秋电子,ok
886071.TI,AI PC,电子,2,2026-04-10,2026-04-13,2026-04-14,5,4,1,2,3,4,10.39,5.83,德明利,通富微电、东芯股份,领益智造、胜宏科技、江波龙、佰维存储,ok
886071.TI,AI PC,电子,3,2026-04-14,2026-04-15,2026-04-17,4,1,0,0,1,4,4.69,2.18,,,德明利、通富微电、春秋电子、东芯股份,ok
886071.TI,AI PC,电子,4,2026-04-17,2026-04-20,2026-04-22,1,0,0,0,0,1,5.01,-0.06,,,胜宏科技,ok
886071.TI,AI PC,电子,5,2026-04-22,2026-04-23,2026-05-06,0,0,0,0,0,0,,,,,,ok
886071.TI,AI PC,电子,6,2026-05-06,2026-05-07,2026-05-07,0,0,0,0,0,0,,,,,,ok
886071.TI,AI PC,电子,7,2026-05-07,2026-05-08,2026-05-11,0,2,0,0,2,0,,,,,,ok
886071.TI,AI PC,电子,8,2026-05-11,2026-05-12,2026-06-02,2,0,0,0,0,2,-5.77,-6.28,,,广合科技、江波龙,ok
886070.TI,AI手机,电子,1,2026-04-08,2026-04-09,2026-04-10,5,5,1,4,4,4,7.25,2.16,东山精密,领益智造、胜宏科技、江波龙、佰维存储,中兴通讯、水晶光电、鹏鼎控股、思泉新材,ok
886070.TI,AI手机,电子,2,2026-04-10,2026-04-13,2026-04-14,5,1,0,1,1,5,8.35,4.92,,芯原股份,东山精密、领益智造、胜宏科技、江波龙、佰维存储,ok
886070.TI,AI手机,电子,3,2026-04-14,2026-04-15,2026-04-16,1,1,0,0,1,1,-0.33,-3.75,,,芯原股份,ok
886070.TI,AI手机,电子,4,2026-04-16,2026-04-17,2026-04-22,1,0,0,0,0,1,24.89,22.63,,,鹏鼎控股,ok
886070.TI,AI手机,电子,5,2026-04-22,2026-04-23,2026-04-29,0,0,0,0,0,0,,,,,,ok
886070.TI,AI手机,电子,6,2026-04-29,2026-04-30,2026-05-06,0,0,0,0,0,0,,,,,,ok
886070.TI,AI手机,电子,7,2026-05-06,2026-05-07,2026-05-11,0,5,0,1,5,0,,,,力芯微,,ok
886070.TI,AI手机,电子,8,2026-05-11,2026-05-12,2026-06-03,5,6,2,2,4,3,-3.6,-5.84,东山精密、江波龙,长信科技、南芯科技,水晶光电、芯原股份、力芯微,ok
886085.TI,AI眼镜,电子,1,2026-04-08,2026-04-09,2026-04-10,13,7,0,7,7,13,6.04,1.9,,德赛电池、领益智造、杰美特、江波龙、星宸科技、聚辰股份、佰维存储,中兴通讯、歌尔股份、水晶光电、立讯精密、鹏鼎控股、英唐智控、商络电子、雅创电子、思泉新材、天通股份、环旭电子、春秋电子、世运电路,ok
886085.TI,AI眼镜,电子,2,2026-04-10,2026-04-13,2026-04-14,7,8,1,5,7,6,9.16,5.77,杰美特,华盛昌、信维通信、光莆股份、协创数据、芯原股份,德赛电池、领益智造、江波龙、星宸科技、聚辰股份、佰维存储,ok
886085.TI,AI眼镜,电子,3,2026-04-14,2026-04-15,2026-04-20,8,0,0,0,0,8,11.3,5.87,,,立讯精密、华盛昌、信维通信、光莆股份、协创数据、杰美特、春秋电子、芯原股份,ok
886085.TI,AI眼镜,电子,4,2026-04-20,2026-04-21,2026-05-06,0,0,0,0,0,0,,,,,,ok
886085.TI,AI眼镜,电子,5,2026-05-06,2026-05-07,2026-05-11,0,14,0,7,14,0,,,,风华高科、北京君正、华灿光电、三安光电、泰晶科技、天岳先进、力芯微,,ok
886085.TI,AI眼镜,电子,6,2026-05-11,2026-05-12,2026-06-03,14,17,3,10,14,11,5.76,2.25,华灿光电、江波龙、三安光电,TCL科技、京东方Ａ、超声电子、欧菲光、晶盛机电、麦捷科技、美迪凯、菲沃泰、奥来德、南芯科技,风华高科、水晶光电、立讯精密、北京君正、天通股份、泰晶科技、世运电路、聚辰股份、天岳先进、芯原股份、力芯微,ok
885925.TI,MCU芯片,电子,1,2026-04-08,2026-04-09,2026-04-10,7,3,1,2,2,6,3.39,0.61,中电港,富满微、优迅股份,航宇微、商络电子、雅创电子、烽火通信、甬矽电子、普冉股份,ok
885925.TI,MCU芯片,电子,2,2026-04-10,2026-04-13,2026-04-14,3,3,0,2,3,3,8.93,0.16,,龙芯中科、芯原股份,中电港、富满微、优迅股份,ok
885925.TI,MCU芯片,电子,3,2026-04-14,2026-04-15,2026-04-20,3,0,0,0,0,3,1.16,0.12,,,龙芯中科、甬矽电子、芯原股份,ok
885925.TI,MCU芯片,电子,4,2026-04-20,2026-04-21,2026-04-30,0,0,0,0,0,0,,,,,,ok
885925.TI,MCU芯片,电子,5,2026-04-30,2026-05-06,2026-05-06,0,0,0,0,0,0,,,,,,ok
885925.TI,MCU芯片,电子,6,2026-05-06,2026-05-07,2026-05-11,0,8,0,6,8,0,,,,北京君正、大唐电信、泰晶科技、伟测科技、思瑞浦、西安奕材-U,,ok
885925.TI,MCU芯片,电子,7,2026-05-11,2026-05-12,2026-05-25,8,9,1,6,8,7,2.97,0.25,北京君正,光弘科技、云汉芯城、兆易创新、燕东微、颀中科技、芯联集成-U,大唐电信、泰晶科技、伟测科技、芯原股份、思瑞浦、普冉股份、西安奕材-U,ok
885925.TI,MCU芯片,电子,8,2026-05-25,2026-05-26,2026-06-03,9,5,1,1,4,8,7.96,3.11,兆易创新,南芯科技,北京君正、光弘科技、商络电子、云汉芯城、燕东微、颀中科技、甬矽电子、芯联集成-U,ok
990001.FP,MLCC,电子,1,2026-05-22,2026-05-25,2026-05-25,1,7,1,6,6,0,8.29,0.0,昀冢科技,风华高科、横店东磁、商络电子、云汉芯城、达利凯普、艾华集团,,ok
990001.FP,MLCC,电子,2,2026-05-25,2026-05-26,2026-05-27,7,4,3,1,1,4,7.76,5.11,风华高科、商络电子、艾华集团,三环集团,横店东磁、云汉芯城、达利凯普、昀冢科技,ok
990001.FP,MLCC,电子,3,2026-05-27,2026-05-28,2026-05-28,4,3,2,1,1,2,11.85,0.0,风华高科、三环集团,杭可科技,商络电子、艾华集团,ok
990001.FP,MLCC,电子,4,2026-05-28,2026-05-29,2026-06-02,3,2,0,2,2,3,5.47,2.78,,江海股份、洁美科技,风华高科、三环集团、杭可科技,ok
990001.FP,MLCC,电子,5,2026-06-02,2026-06-03,2026-06-03,2,4,2,1,2,0,6.41,0.0,江海股份、洁美科技,金时科技,,ok
990001.FP,MLCC,电子,6,2026-06-03,2026-06-04,2026-06-04,4,0,0,0,0,4,8.95,0.0,,,横店东磁、江海股份、洁美科技、金时科技,ok
886046.TI,MR(混合现实),电子,1,2026-04-08,2026-04-09,2026-04-14,5,2,2,0,0,3,9.48,6.72,立讯精密、润建股份,,歌尔股份、中石科技、致尚科技,ok
886046.TI,MR(混合现实),电子,2,2026-04-14,2026-04-15,2026-04-20,2,0,0,0,0,2,5.02,5.75,,,立讯精密、润建股份,ok
886046.TI,MR(混合现实),电子,3,2026-04-20,2026-04-21,2026-04-27,0,0,0,0,0,0,,,,,,ok
886046.TI,MR(混合现实),电子,4,2026-04-27,2026-04-28,2026-05-06,0,0,0,0,0,0,,,,,,ok
886046.TI,MR(混合现实),电子,5,2026-05-06,2026-05-07,2026-05-08,0,2,0,2,2,0,,,,大族激光、炬光科技,,ok
886046.TI,MR(混合现实),电子,6,2026-05-08,2026-05-11,2026-05-11,2,1,0,0,1,2,10.0,0.0,,,大族激光、炬光科技,ok
886046.TI,MR(混合现实),电子,7,2026-05-11,2026-05-12,2026-05-25,1,2,0,2,2,1,-1.79,-3.23,,鸿利智汇、飞荣达,立讯精密,ok
886046.TI,MR(混合现实),电子,8,2026-05-25,2026-05-26,2026-06-05,2,,,,,,-6.18,-9.38,,,鸿利智汇、飞荣达,no_next_day
885959.TI,PCB,电子,1,2026-04-08,2026-04-09,2026-04-14,17,10,1,9,9,16,10.06,5.0,超颖电子,温州宏丰、光莆股份、科翔股份、生益科技、宏昌电子、嘉元科技、南亚新材、迅捷兴、壹石通,广合科技、大为股份、东山精密、兴森科技、沪电股份、深南电路、鹏鼎控股、电连技术、奕东电子、同宇新材、天通股份、华正新材、依顿电子、世运电路、莱特光电、天承科技,ok
885959.TI,PCB,电子,2,2026-04-14,2026-04-15,2026-04-17,10,11,0,9,11,10,2.83,1.31,,合力泰、力源信息、先导智能、胜宏科技、帝尔激光、铜冠铜箔、德福科技、共进股份、凯华材料,温州宏丰、光莆股份、科翔股份、生益科技、宏昌电子、超颖电子、嘉元科技、南亚新材、迅捷兴、壹石通,ok
885959.TI,PCB,电子,3,2026-04-17,2026-04-20,2026-05-06,11,0,0,0,0,11,23.87,19.51,,,合力泰、深南电路、力源信息、先导智能、胜宏科技、帝尔激光、铜冠铜箔、德福科技、天通股份、共进股份、凯华材料,ok
885959.TI,PCB,电子,4,2026-05-06,2026-05-07,2026-05-11,0,10,0,2,10,0,,,,广信材料、方正科技,,ok
885959.TI,PCB,电子,5,2026-05-11,2026-05-12,2026-05-25,10,22,1,15,21,9,12.71,7.62,兴森科技,华工科技、宝鼎科技、光华科技、金太阳、大族数控、一博科技、鼎泰高科、云汉芯城、思泰克、快克智能、景旺电子、福斯特、博敏电子、艾森股份、鸿仕达,广合科技、东山精密、广信材料、科翔股份、天通股份、方正科技、世运电路、天承科技、迅捷兴,ok
885959.TI,PCB,电子,6,2026-05-25,2026-05-26,2026-06-03,22,6,1,3,5,21,0.86,-2.03,胜宏科技,超声电子、崇达技术、中天科技,华工科技、兴森科技、沪电股份、宝鼎科技、光华科技、深南电路、鹏鼎控股、金太阳、大族数控、一博科技、鼎泰高科、云汉芯城、思泰克、生益科技、华正新材、快克智能、景旺电子、福斯特、博敏电子、艾森股份、鸿仕达,ok
881270.TI,元件,电子,1,2026-04-08,2026-04-09,2026-04-10,10,9,3,6,6,7,5.69,1.84,东山精密、兴森科技、深南电路,三环集团、胜宏科技、生益科技、红板科技、生益电子、南亚新材,广合科技、沪电股份、鹏鼎控股、超颖电子、华正新材、依顿电子、世运电路,ok
881270.TI,元件,电子,2,2026-04-10,2026-04-13,2026-04-14,9,7,3,3,4,6,10.12,3.96,三环集团、生益科技、南亚新材,江海股份、科翔股份、迅捷兴,东山精密、兴森科技、深南电路、胜宏科技、红板科技、生益电子,ok
881270.TI,元件,电子,3,2026-04-14,2026-04-15,2026-04-17,7,3,0,1,3,7,1.77,-0.38,,泰晶科技,江海股份、三环集团、科翔股份、生益科技、超颖电子、南亚新材、迅捷兴,ok
881270.TI,元件,电子,4,2026-04-17,2026-04-20,2026-05-06,3,0,0,0,0,3,13.74,9.7,,,深南电路、胜宏科技、泰晶科技,ok
881270.TI,元件,电子,5,2026-05-06,2026-05-07,2026-05-11,0,9,0,2,9,0,,,,风华高科、方正科技,,ok
881270.TI,元件,电子,6,2026-05-11,2026-05-12,2026-05-19,9,3,1,2,2,8,3.41,-1.16,风华高科,法拉电子、艾华集团,广合科技、东山精密、兴森科技、科翔股份、方正科技、泰晶科技、世运电路、迅捷兴,ok
881270.TI,元件,电子,7,2026-05-19,2026-05-20,2026-05-22,3,3,0,1,3,3,17.23,9.49,,景旺电子,风华高科、法拉电子、艾华集团,ok
881270.TI,元件,电子,8,2026-05-22,2026-05-25,2026-05-26,3,4,1,2,3,2,11.87,5.18,生益科技,宝鼎科技、中京电子,深南电路、景旺电子,ok
881270.TI,元件,电子,9,2026-05-26,2026-05-27,2026-06-03,4,8,0,4,8,4,15.0,9.67,,超声电子、崇达技术、麦捷科技、钧崴电子,宝鼎科技、中京电子、生益科技、生益电子,ok
886009.TI,先进封装,电子,1,2026-04-08,2026-04-09,2026-04-14,16,9,2,7,7,14,7.65,4.83,寒武纪、甬矽电子,通富微电、光莆股份、科翔股份、生益科技、宏昌电子、芯原股份、壹石通,雅克科技、兴森科技、深南电路、新宙邦、航宇微、鼎龙股份、上海新阳、天孚通信、天通股份、华正新材、中微公司、拓荆科技、中科飞测、天承科技,ok
886009.TI,先进封装,电子,2,2026-04-14,2026-04-15,2026-04-17,9,14,1,10,13,8,2.6,1.05,寒武纪,光智科技、帝尔激光、卓胜微、唯特偶、有研新材、三安光电、共进股份、赛伍技术、沃格光电、戈碧迦,通富微电、光莆股份、科翔股份、生益科技、宏昌电子、甬矽电子、芯原股份、壹石通,ok
886009.TI,先进封装,电子,3,2026-04-17,2026-04-20,2026-04-22,14,0,0,0,0,14,9.67,4.84,,,深南电路、天孚通信、光智科技、帝尔激光、卓胜微、唯特偶、有研新材、天通股份、三安光电、共进股份、赛伍技术、沃格光电、寒武纪、戈碧迦,ok
886009.TI,先进封装,电子,4,2026-04-22,2026-04-23,2026-04-30,0,0,0,0,0,0,,,,,,ok
886009.TI,先进封装,电子,5,2026-04-30,2026-05-06,2026-05-06,0,0,0,0,0,0,,,,,,ok
886009.TI,先进封装,电子,6,2026-05-06,2026-05-07,2026-05-11,0,22,0,10,22,0,,,,飞凯材料、江波龙、新洁能、安集科技、芯源微、华海清科、伟测科技、XD骄成超、华海诚科、兴福电子,,ok
886009.TI,先进封装,电子,7,2026-05-11,2026-05-12,2026-05-25,22,31,7,18,24,15,18.97,14.1,兴森科技、沃格光电、新洁能、安集科技、拓荆科技、华海清科、寒武纪,深科技、京东方Ａ、华工科技、康强电子、华天科技、光华科技、硕贝德、大族数控、三佳科技、长电科技、晶方科技、快克智能、博敏电子、盛美上海、颀中科技、艾森股份、盛合晶微、鸿仕达,天孚通信、飞凯材料、卓胜微、科翔股份、江波龙、天通股份、三安光电、中微公司、芯源微、伟测科技、XD骄成超、芯原股份、华海诚科、兴福电子、天承科技,ok
886009.TI,先进封装,电子,8,2026-05-25,2026-05-26,2026-06-03,31,18,6,6,12,25,-1.62,-6.1,深科技、京东方Ａ、鼎龙股份、晶方科技、盛美上海、盛合晶微,崇达技术、晶盛机电、旭光电子、美迪凯、微导纳米、佰维存储,华工科技、康强电子、通富微电、华天科技、兴森科技、光华科技、深南电路、硕贝德、大族数控、生益科技、三佳科技、长电科技、华正新材、快克智能、沃格光电、博敏电子、新洁能、安集科技、拓荆科技、华海清科、寒武纪、颀中科技、甬矽电子、艾森股份、鸿仕达,ok
886054.TI,光刻机,电子,1,2026-05-06,2026-05-07,2026-05-11,0,4,0,4,4,0,,,,泰晶科技、沃格光电、蓝特光学、中船特气,,ok
886054.TI,光刻机,电子,2,2026-05-11,2026-05-12,2026-05-14,4,3,1,2,2,3,15.7,12.71,中船特气,旭光电子、富创精密,泰晶科技、沃格光电、蓝特光学,ok
886054.TI,光刻机,电子,3,2026-05-14,2026-05-15,2026-05-20,3,3,0,3,3,3,15.22,8.73,,大族激光、波长光电、晶方科技,旭光电子、中船特气、富创精密,ok
886054.TI,光刻机,电子,4,2026-05-20,2026-05-21,2026-06-03,3,5,1,3,4,2,-7.06,-6.42,晶方科技,珂玛科技、美迪凯、华特气体,大族激光、波长光电,ok
885864.TI,光刻胶,电子,1,2026-04-27,2026-04-28,2026-05-06,0,0,0,0,0,0,,,,,,ok
885864.TI,光刻胶,电子,2,2026-05-06,2026-05-07,2026-05-11,0,5,0,5,5,0,,,,飞凯材料、广信材料、安集科技、芯源微、兴福电子,,ok
885864.TI,光刻胶,电子,3,2026-05-11,2026-05-12,2026-05-20,5,2,0,2,2,5,16.59,10.9,,晶瑞电材、晶方科技,飞凯材料、广信材料、安集科技、芯源微、兴福电子,ok
885864.TI,光刻胶,电子,4,2026-05-20,2026-05-21,2026-05-25,2,6,1,4,5,1,9.87,13.0,晶方科技,鼎龙股份、思泰克、格林达、艾森股份,晶瑞电材,ok
885864.TI,光刻胶,电子,5,2026-05-25,2026-05-26,2026-06-03,6,8,2,4,6,4,-4.81,-7.66,鼎龙股份、晶方科技,雅克科技、南大光电、华特气体、奥来德,思泰克、格林达、安集科技、艾森股份,ok
881122.TI,光学光电子,电子,1,2026-04-08,2026-04-09,2026-04-17,2,10,0,10,10,2,3.57,-0.95,,合力泰、五方光电、华灿光电、光智科技、崧盛股份、三安光电、彩虹股份、沃格光电、茂莱光学、戈碧迦,水晶光电、东田微,ok
881122.TI,光学光电子,电子,2,2026-04-17,2026-04-20,2026-04-20,10,0,0,0,0,10,7.11,0.0,,,合力泰、五方光电、华灿光电、光智科技、崧盛股份、三安光电、彩虹股份、沃格光电、茂莱光学、戈碧迦,ok
881122.TI,光学光电子,电子,3,2026-04-20,2026-04-21,2026-05-06,0,0,0,0,0,0,,,,,,ok
881122.TI,光学光电子,电子,4,2026-05-06,2026-05-07,2026-05-11,0,5,0,1,5,0,,,,蓝特光学,,ok
881122.TI,光学光电子,电子,5,2026-05-11,2026-05-12,2026-06-03,5,8,2,6,6,3,11.34,8.13,华灿光电、三安光电,TCL科技、京东方Ａ、欧菲光、长信科技、瑞丰光电、美迪凯,水晶光电、沃格光电、蓝特光学,ok
881122.TI,光学光电子,电子,6,2026-06-03,2026-06-04,2026-06-05,8,,,,,,5.01,-0.88,,,TCL科技、京东方Ａ、欧菲光、长信科技、瑞丰光电、华灿光电、三安光电、美迪凯,no_next_day
886033.TI,共封装光学(CPO),电子,1,2026-04-08,2026-04-09,2026-04-10,30,21,5,16,16,25,5.87,0.9,德明利、东山精密、兴森科技、永鼎股份、蘅东光,福晶科技、领益智造、国瓷材料、中际旭创、三环集团、胜宏科技、阿莱德、生益科技、红板科技、沃格光电、长光华芯、聚辰股份、生益电子、源杰科技、南亚新材、优迅股份,深圳华强、特发信息、广合科技、水晶光电、光迅科技、立讯精密、鹏鼎控股、英唐智控、天孚通信、长芯博创、太辰光、圣邦股份、中石科技、奕东电子、东田微、联特科技、致尚科技、烽火通信、环旭电子、剑桥科技、依顿电子、瑞斯康达、世运电路、立昂微、仕佳光子,ok
886033.TI,共封装光学(CPO),电子,2,2026-04-10,2026-04-13,2026-04-14,21,19,6,9,13,15,8.21,3.11,德明利、中际旭创、三环集团、生益科技、长光华芯、南亚新材,通富微电、华盛昌、光莆股份、协创数据、科翔股份、中贝通信、ST臻镭、嘉元科技、迅捷兴,福晶科技、东山精密、兴森科技、领益智造、国瓷材料、胜宏科技、阿莱德、永鼎股份、红板科技、沃格光电、聚辰股份、生益电子、源杰科技、优迅股份、蘅东光,ok
886033.TI,共封装光学(CPO),电子,3,2026-04-14,2026-04-15,2026-04-17,19,32,5,15,27,14,8.04,5.1,华盛昌、中际旭创、长芯博创、联特科技、剑桥科技,通宇通讯、世嘉科技、中瓷电子、华灿光电、新易盛、光库科技、德福科技、亨通光电、三安光电、可川科技、共进股份、泰晶科技、长盈通、威腾电气、奥特维,德明利、通富微电、立讯精密、三环集团、光莆股份、协创数据、科翔股份、生益科技、中贝通信、长光华芯、ST臻镭、嘉元科技、南亚新材、迅捷兴,ok
886033.TI,共封装光学(CPO),电子,4,2026-04-17,2026-04-20,2026-04-22,32,0,0,0,0,32,9.65,6.8,,,深圳华强、光迅科技、通宇通讯、世嘉科技、华盛昌、中瓷电子、英唐智控、中际旭创、华灿光电、天孚通信、胜宏科技、新易盛、长芯博创、太辰光、光库科技、联特科技、德福科技、永鼎股份、亨通光电、三安光电、环旭电子、可川科技、剑桥科技、共进股份、泰晶科技、沃格光电、瑞斯康达、长盈通、威腾电气、仕佳光子、奥特维、蘅东光,ok
886033.TI,共封装光学(CPO),电子,5,2026-04-22,2026-04-23,2026-05-06,0,0,0,0,0,0,,,,,,ok
886033.TI,共封装光学(CPO),电子,6,2026-05-06,2026-05-07,2026-05-11,0,26,0,7,26,0,,,,风华高科、意华股份、吴通控股、方正科技、蓝特光学、德科立、思瑞浦,,ok
886033.TI,共封装光学(CPO),电子,7,2026-05-11,2026-05-12,2026-05-25,26,19,3,12,16,23,7.19,2.29,风华高科、兴森科技、沃格光电,深科技、华工科技、华天科技、光华科技、飞荣达、一博科技、东睦股份、长电科技、工业富联、快克智能、景旺电子、博敏电子,广合科技、水晶光电、东山精密、立讯精密、意华股份、吴通控股、中际旭创、华灿光电、天孚通信、新易盛、圣邦股份、科翔股份、方正科技、三安光电、泰晶科技、世运电路、聚辰股份、蓝特光学、德科立、ST臻镭、源杰科技、思瑞浦、迅捷兴,ok
886033.TI,共封装光学(CPO),电子,8,2026-05-25,2026-05-26,2026-06-03,19,26,2,6,24,17,5.14,1.32,深科技、胜宏科技,超声电子、崇达技术、麦捷科技、中天科技、长飞光纤、菲沃泰,风华高科、华工科技、通富微电、华天科技、兴森科技、光华科技、鹏鼎控股、飞荣达、一博科技、东睦股份、生益科技、长电科技、工业富联、快克智能、景旺电子、沃格光电、博敏电子,ok
881121.TI,半导体,电子,1,2026-04-08,2026-04-09,2026-04-10,17,14,3,11,11,14,4.92,1.31,德明利、大为股份、锴威特,富满微、卓胜微、江波龙、星宸科技、澜起科技、长光华芯、聚辰股份、晶升股份、源杰科技、佰维存储、优迅股份,北方华创、雅克科技、航宇微、长川科技、圣邦股份、立昂微、中微公司、拓荆科技、杰华特、寒武纪、中科飞测、甬矽电子、盛科通信-U、普冉股份,ok
881121.TI,半导体,电子,2,2026-04-10,2026-04-13,2026-04-14,14,12,2,7,10,12,10.92,5.3,德明利、长光华芯,通富微电、龙芯中科、东芯股份、ST臻镭、华虹公司、芯原股份、强一股份,大为股份、富满微、卓胜微、江波龙、星宸科技、澜起科技、聚辰股份、晶升股份、源杰科技、佰维存储、锴威特、优迅股份,ok
881121.TI,半导体,电子,3,2026-04-14,2026-04-15,2026-04-17,12,6,1,4,5,11,4.73,3.82,寒武纪,富乐德、有研新材、恒烁股份、凯华材料,德明利、通富微电、长川科技、龙芯中科、长光华芯、东芯股份、ST臻镭、华虹公司、甬矽电子、芯原股份、强一股份,ok
881121.TI,半导体,电子,4,2026-04-17,2026-04-20,2026-04-22,6,0,0,0,0,6,9.99,3.06,,,卓胜微、富乐德、有研新材、寒武纪、恒烁股份、凯华材料,ok
881121.TI,半导体,电子,5,2026-04-22,2026-04-23,2026-04-27,0,0,0,0,0,0,,,,,,ok
881121.TI,半导体,电子,6,2026-04-27,2026-04-28,2026-04-30,0,0,0,0,0,0,,,,,,ok
881121.TI,半导体,电子,7,2026-04-30,2026-05-06,2026-05-06,0,0,0,0,0,0,,,,,,ok
881121.TI,半导体,电子,8,2026-05-06,2026-05-07,2026-05-11,0,33,0,19,33,0,,,,北京君正、矽电股份、大唐电信、金海通、新洁能、芯源微、华海清科、沪硅产业、华峰测控、天岳先进、伟测科技、芯朋微、华海诚科、思瑞浦、力芯微、京仪装备、西安奕材-U、恒运昌、中科仪,,ok
881121.TI,半导体,电子,9,2026-05-11,2026-05-12,2026-05-15,33,8,3,4,5,30,7.36,2.57,芯源微、华海清科、华海诚科,江丰电子、兆易创新、富创精密、盛合晶微,北方华创、北京君正、圣邦股份、卓胜微、江波龙、矽电股份、大唐电信、金海通、新洁能、中微公司、拓荆科技、聚辰股份、沪硅产业、杰华特、华峰测控、天岳先进、寒武纪、ST臻镭、伟测科技、源杰科技、芯朋微、芯原股份、思瑞浦、力芯微、京仪装备、锴威特、普冉股份、西安奕材-U、恒运昌、中科仪,ok
881121.TI,半导体,电子,10,2026-05-15,2026-05-18,2026-05-20,8,14,1,7,13,7,11.92,7.87,兆易创新,大港股份、国科微、长电科技、晶方科技、盛景微、至纯科技、盛美上海,江丰电子、芯源微、华海清科、富创精密、华海诚科、强一股份、盛合晶微,ok
881121.TI,半导体,电子,11,2026-05-20,2026-05-21,2026-05-25,14,22,8,8,14,6,11.82,13.83,通富微电、国科微、长电科技、晶方科技、兆易创新、新洁能、盛美上海、甬矽电子,康强电子、华天科技、扬杰科技、联动科技、燕东微、颀中科技、芯联集成-U、艾森股份,大港股份、北方华创、长川科技、盛景微、至纯科技、中微公司,ok
881121.TI,半导体,电子,12,2026-05-25,2026-05-26,2026-06-03,22,23,5,5,18,17,-1.3,-5.51,晶方科技、兆易创新、盛美上海、华虹公司、盛合晶微,珂玛科技、微导纳米、神工股份、有研硅、南芯科技,康强电子、通富微电、华天科技、北京君正、扬杰科技、国科微、联动科技、长电科技、新洁能、拓荆科技、华海清科、燕东微、寒武纪、颀中科技、甬矽电子、芯联集成-U、艾森股份,ok
884229.TI,半导体设备,电子,1,2026-05-11,2026-05-12,2026-05-15,11,4,2,2,2,9,12.53,6.07,芯源微、华海清科,富创精密、强一股份,北方华创、矽电股份、金海通、中微公司、拓荆科技、华峰测控、京仪装备、恒运昌、中科仪,ok
884229.TI,半导体设备,电子,2,2026-05-15,2026-05-18,2026-05-20,4,5,0,3,5,4,13.92,10.52,,长川科技、至纯科技、盛美上海,芯源微、华海清科、富创精密、强一股份,ok
884229.TI,半导体设备,电子,3,2026-05-20,2026-05-21,2026-05-25,5,4,1,1,3,4,5.35,6.67,盛美上海,联动科技,北方华创、长川科技、至纯科技、中微公司,ok
884229.TI,半导体设备,电子,4,2026-05-25,2026-05-26,2026-06-03,4,4,1,1,3,3,-9.75,-11.98,盛美上海,微导纳米,联动科技、拓荆科技、华海清科,ok
886091.TI,华为手机,电子,1,2026-04-10,2026-04-13,2026-04-20,2,0,0,0,0,2,8.56,0.86,,,德赛电池、红板科技,ok
886091.TI,华为手机,电子,2,2026-04-20,2026-04-21,2026-05-06,0,0,0,0,0,0,,,,,,ok
886091.TI,华为手机,电子,3,2026-05-06,2026-05-07,2026-05-11,0,3,0,3,3,0,,,,水晶光电、立讯精密、广信材料,,ok
886091.TI,华为手机,电子,4,2026-05-11,2026-05-12,2026-05-20,3,0,0,0,0,3,4.33,3.01,,,水晶光电、立讯精密、广信材料,ok
886091.TI,华为手机,电子,5,2026-05-20,2026-05-21,2026-05-25,0,4,0,4,4,0,,,,飞荣达、光弘科技、福日电子、景旺电子,,ok
886042.TI,存储芯片,电子,1,2026-04-08,2026-04-09,2026-04-10,22,17,5,12,12,17,5.46,2.64,中电港、德明利、大为股份、兴森科技、深南电路,天华新能、富满微、江波龙、阿莱德、生益科技、红板科技、沃格光电、澜起科技、聚辰股份、晶升股份、南亚新材、佰维存储,深圳华强、北方华创、雅克科技、航宇微、鼎龙股份、英唐智控、上海新阳、长川科技、圣邦股份、商络电子、雅创电子、超颖电子、立昂微、中微公司、拓荆科技、中科飞测、普冉股份,ok
886042.TI,存储芯片,电子,2,2026-04-10,2026-04-13,2026-04-14,17,13,3,8,10,14,10.52,4.36,德明利、生益科技、南亚新材,通富微电、协创数据、科翔股份、金宏气体、东芯股份、华虹公司、壹石通、强一股份,中电港、大为股份、兴森科技、深南电路、天华新能、富满微、江波龙、阿莱德、红板科技、沃格光电、澜起科技、聚辰股份、晶升股份、佰维存储,ok
886042.TI,存储芯片,电子,3,2026-04-14,2026-04-15,2026-04-22,13,0,0,0,0,13,8.39,6.71,,,德明利、通富微电、长川科技、协创数据、科翔股份、生益科技、超颖电子、金宏气体、东芯股份、华虹公司、南亚新材、壹石通、强一股份,ok
886042.TI,存储芯片,电子,4,2026-04-22,2026-04-23,2026-04-27,0,0,0,0,0,0,,,,,,ok
886042.TI,存储芯片,电子,5,2026-04-27,2026-04-28,2026-04-30,0,0,0,0,0,0,,,,,,ok
886042.TI,存储芯片,电子,6,2026-04-30,2026-05-06,2026-05-06,0,0,0,0,0,0,,,,,,ok
886042.TI,存储芯片,电子,7,2026-05-06,2026-05-07,2026-05-11,0,24,0,14,24,0,,,,北京君正、飞凯材料、矽电股份、安集科技、芯源微、华海清科、沪硅产业、有方科技、伟测科技、华海诚科、兴福电子、京仪装备、西安奕材-U、中科仪,,ok
886042.TI,存储芯片,电子,8,2026-05-11,2026-05-12,2026-05-15,24,12,3,8,9,21,7.92,3.55,芯源微、华海清科、华海诚科,精测电子、江丰电子、江化微、兆易创新、中巨芯-U、正帆科技、联讯仪器、盛合晶微,北方华创、兴森科技、北京君正、飞凯材料、圣邦股份、科翔股份、江波龙、矽电股份、沃格光电、中微公司、安集科技、拓荆科技、聚辰股份、沪硅产业、有方科技、伟测科技、兴福电子、京仪装备、普冉股份、西安奕材-U、中科仪,ok
886042.TI,存储芯片,电子,9,2026-05-15,2026-05-18,2026-05-20,12,14,1,9,13,11,12.98,7.36,兆易创新,大族激光、大港股份、晶瑞电材、国科微、利和兴、长电科技、盛景微、至纯科技、盛美上海,精测电子、江丰电子、江化微、芯源微、华海清科、华海诚科、中巨芯-U、正帆科技、联讯仪器、强一股份、盛合晶微,ok
886042.TI,存储芯片,电子,10,2026-05-20,2026-05-21,2026-05-25,14,27,5,10,22,9,9.14,11.03,通富微电、国科微、长电科技、兆易创新、盛美上海,深科技、盈方微、华工科技、康强电子、华天科技、金太阳、云汉芯城、快克智能、博敏电子、艾森股份,大族激光、大港股份、北方华创、长川科技、晶瑞电材、利和兴、盛景微、至纯科技、中微公司,ok
886042.TI,存储芯片,电子,11,2026-05-25,2026-05-26,2026-06-03,27,28,6,8,22,21,-0.1,-4.28,深科技、鼎龙股份、兆易创新、盛美上海、华虹公司、盛合晶微,晶盛机电、麦捷科技、南大光电、珂玛科技、微导纳米、神工股份、华特气体、有研硅,盈方微、华工科技、康强电子、通富微电、华天科技、兴森科技、深南电路、北京君正、金太阳、国科微、商络电子、云汉芯城、生益科技、长电科技、快克智能、沃格光电、博敏电子、安集科技、拓荆科技、华海清科、艾森股份,ok
881124.TI,消费电子,电子,1,2026-04-08,2026-04-09,2026-04-10,10,3,0,3,3,10,5.45,0.24,,领益智造、杰美特、奥尼电子,歌尔股份、立讯精密、恒铭达、电连技术、智动力、奕东电子、致尚科技、环旭电子、利通电子、春秋电子,ok
881124.TI,消费电子,电子,2,2026-04-10,2026-04-13,2026-04-14,3,7,2,2,5,1,13.76,9.5,杰美特、奥尼电子,信维通信、协创数据,领益智造,ok
881124.TI,消费电子,电子,3,2026-04-14,2026-04-15,2026-04-20,7,0,0,0,0,7,18.14,9.58,,,立讯精密、信维通信、协创数据、杰美特、奥尼电子、利通电子、春秋电子,ok
881124.TI,消费电子,电子,4,2026-04-20,2026-04-21,2026-04-22,0,0,0,0,0,0,,,,,,ok
881124.TI,消费电子,电子,5,2026-04-22,2026-04-23,2026-05-06,0,0,0,0,0,0,,,,,,ok
881124.TI,消费电子,电子,6,2026-05-06,2026-05-07,2026-05-11,0,2,0,1,2,0,,,,昀冢科技,,ok
881124.TI,消费电子,电子,7,2026-05-11,2026-05-12,2026-05-13,2,5,0,5,5,2,3.13,2.17,,深科技、奥海科技、蓝思科技、鸿日达、可川科技,立讯精密、昀冢科技,ok
881124.TI,消费电子,电子,8,2026-05-13,2026-05-14,2026-05-25,5,13,1,7,12,4,11.43,9.12,深科技,硕贝德、飞荣达、光弘科技、达瑞电子、苏州天脉、福日电子、工业富联,奥海科技、蓝思科技、鸿日达、可川科技,ok
881124.TI,消费电子,电子,9,2026-05-25,2026-05-26,2026-06-05,13,,,,,,-1.77,-4.3,,,深科技、恒铭达、硕贝德、飞荣达、光弘科技、杰美特、达瑞电子、苏州天脉、福日电子、工业富联、利通电子、春秋电子、昀冢科技,no_next_day
885756.TI,芯片,电子,1,2026-04-08,2026-04-09,2026-04-10,51,34,8,26,26,43,5.28,1.32,中电港、德明利、大为股份、东山精密、兴森科技、深南电路、永鼎股份、锴威特,欧晶科技、蔚蓝锂芯、国瓷材料、中际旭创、天华新能、胜宏科技、富满微、捷佳伟创、锦浪科技、卓胜微、江波龙、唯特偶、星宸科技、生益科技、红板科技、璞泰来、沃格光电、澜起科技、长光华芯、聚辰股份、芳源股份、奥比中光-W、晶升股份、源杰科技、佰维存储、优迅股份,深圳华强、中兴通讯、歌尔股份、光迅科技、北方华创、雅克科技、沪电股份、立讯精密、麦格米特、新宙邦、航宇微、鼎龙股份、英唐智控、上海新阳、长芯博创、太辰光、长川科技、圣邦股份、商络电子、雅创电子、联特科技、致尚科技、天通股份、烽火通信、远东股份、环旭电子、明阳智能、超颖电子、华正新材、利通电子、瑞斯康达、立昂微、中微公司、拓荆科技、杰华特、寒武纪、仕佳光子、中科飞测、甬矽电子、信科移动-U、天承科技,ok
885756.TI,芯片,电子,2,2026-04-10,2026-04-13,2026-04-14,34,29,4,16,25,30,7.74,3.02,德明利、中际旭创、生益科技、长光华芯,通富微电、信维通信、温州宏丰、光莆股份、协创数据、科翔股份、宏昌电子、龙芯中科、金宏气体、东芯股份、ST臻镭、华虹公司、芯原股份、壹石通、强一股份、赛英电子,欧晶科技、中电港、大为股份、蔚蓝锂芯、东山精密、兴森科技、深南电路、国瓷材料、天华新能、胜宏科技、富满微、捷佳伟创、锦浪科技、卓胜微、江波龙、唯特偶、星宸科技、永鼎股份、红板科技、璞泰来、沃格光电、澜起科技、聚辰股份、芳源股份、奥比中光-W、晶升股份、源杰科技、佰维存储、锴威特、优迅股份,ok
885756.TI,芯片,电子,3,2026-04-14,2026-04-15,2026-04-17,29,45,6,24,39,23,6.54,4.79,信维通信、中际旭创、长芯博创、联特科技、利通电子、寒武纪,中瓷电子、力源信息、华灿光电、南大光电、新易盛、新雷能、光库科技、帝尔激光、富乐德、有研新材、亨通光电、三安光电、可川科技、共进股份、赛伍技术、超讯通信、泰晶科技、长盈通、恒烁股份、茂莱光学、奥特维、戈碧迦、凯华材料、富士达,德明利、通富微电、立讯精密、温州宏丰、长川科技、光莆股份、协创数据、科翔股份、生益科技、宏昌电子、超颖电子、龙芯中科、长光华芯、金宏气体、东芯股份、ST臻镭、华虹公司、甬矽电子、信科移动-U、芯原股份、壹石通、强一股份、赛英电子,ok
885756.TI,芯片,电子,4,2026-04-17,2026-04-20,2026-04-22,45,0,0,0,0,45,8.21,4.79,,,深圳华强、光迅科技、深南电路、中瓷电子、英唐智控、信维通信、力源信息、中际旭创、华灿光电、南大光电、天华新能、胜宏科技、新易盛、长芯博创、太辰光、新雷能、光库科技、帝尔激光、卓胜微、联特科技、富乐德、唯特偶、永鼎股份、有研新材、天通股份、亨通光电、三安光电、环旭电子、可川科技、共进股份、赛伍技术、超讯通信、利通电子、泰晶科技、沃格光电、瑞斯康达、长盈通、寒武纪、仕佳光子、恒烁股份、茂莱光学、奥特维,ok
885756.TI,芯片,电子,5,2026-04-22,2026-04-23,2026-04-30,0,0,0,0,0,0,,,,,,ok
885756.TI,芯片,电子,6,2026-04-30,2026-05-06,2026-05-06,0,0,0,0,0,0,,,,,,ok
885756.TI,芯片,电子,7,2026-05-06,2026-05-07,2026-05-11,0,58,0,31,58,0,,,,北京君正、飞凯材料、广信材料、英杰电气、矽电股份、大唐电信、国电南瑞、中国西电、金海通、新洁能、安集科技、芯源微、华海清科、沪硅产业、蓝特光学、中船特气、华峰测控、德科立、天岳先进、伟测科技、XD骄成超、芯朋微、华海诚科、思瑞浦、兴福电子、科威尔、力芯微、京仪装备、西安奕材-U、恒运昌、中科仪,,ok
885756.TI,芯片,电子,8,2026-05-11,2026-05-12,2026-05-25,58,57,8,35,49,50,12.14,7.43,兴森科技、北京君正、沃格光电、新洁能、安集科技、拓荆科技、华海清科、寒武纪,深科技、盈方微、京东方Ａ、华工科技、康强电子、华天科技、江苏神通、光华科技、宸展光电、昌红科技、鸿利智汇、硕贝德、扬杰科技、金太阳、国科微、达瑞电子、一博科技、联动科技、云汉芯城、思泰克、三佳科技、长电科技、工业富联、晶方科技、快克智能、格林达、兆易创新、盛美上海、燕东微、颀中科技、芯联集成-U、艾森股份、盛合晶微、鸿仕达、惠丰钻石,北方华创、东山精密、立讯精密、中际旭创、华灿光电、飞凯材料、新易盛、广信材料、圣邦股份、卓胜微、英杰电气、科翔股份、江波龙、矽电股份、大唐电信、天通股份、国电南瑞、三安光电、远东股份、中国西电、金海通、泰晶科技、中微公司、芯源微、聚辰股份、沪硅产业、蓝特光学、杰华特、中船特气、华峰测控、德科立、天岳先进、ST臻镭、伟测科技、XD骄成超、源杰科技、芯朋微、芯原股份、华海诚科、思瑞浦、兴福电子、科威尔,ok
885756.TI,芯片,电子,9,2026-05-25,2026-05-26,2026-06-03,57,53,9,14,44,48,0.09,-3.84,深科技、京东方Ａ、鼎龙股份、胜宏科技、晶方科技、兆易创新、盛美上海、华虹公司、盛合晶微,TCL科技、崇达技术、晶盛机电、麦捷科技、珂玛科技、旭光电子、中天科技、长飞光纤、美迪凯、微导纳米、神工股份、华特气体、有研硅、南芯科技,盈方微、华工科技、康强电子、通富微电、华天科技、兴森科技、江苏神通、沪电股份、光华科技、麦格米特、深南电路、宸展光电、昌红科技、鸿利智汇、北京君正、硕贝德、扬杰科技、新雷能、金太阳、国科微、商络电子、达瑞电子、一博科技、联动科技、云汉芯城、思泰克、生益科技、三佳科技、长电科技、工业富联、明阳智能、华正新材、快克智能、利通电子、沃格光电、格林达、新洁能、安集科技、拓荆科技、华海清科、燕东微、寒武纪、,ok
886048.TI,英伟达,电子,1,2026-04-08,2026-04-09,2026-04-10,4,5,1,4,4,3,4.22,1.65,中电港,领益智造、胜宏科技、奥尼电子、奥比中光-W,麦格米特、天孚通信、利通电子,ok
886048.TI,英伟达,电子,2,2026-04-10,2026-04-13,2026-04-14,5,5,1,3,4,4,7.57,4.82,奥尼电子,协创数据、宏昌电子、鼎通科技,中电港、领益智造、胜宏科技、奥比中光-W,ok
886048.TI,英伟达,电子,3,2026-04-14,2026-04-15,2026-04-22,5,0,0,0,0,5,19.8,10.82,,,协创数据、奥尼电子、宏昌电子、利通电子、鼎通科技,ok
886048.TI,英伟达,电子,4,2026-04-22,2026-04-23,2026-05-06,0,0,0,0,0,0,,,,,,ok
886048.TI,英伟达,电子,5,2026-05-06,2026-05-07,2026-05-11,0,1,0,0,1,0,,,,,,ok
886048.TI,英伟达,电子,6,2026-05-11,2026-05-12,2026-05-13,1,2,0,1,2,1,13.94,10.44,,大普微-UW,天孚通信,ok
886048.TI,英伟达,电子,7,2026-05-13,2026-05-14,2026-05-25,2,8,0,5,8,2,16.55,16.05,,扬杰科技、一博科技、钧崴电子、工业富联、景旺电子,大普微-UW、宏昌电子,ok
886048.TI,英伟达,电子,8,2026-05-25,2026-05-26,2026-06-03,8,4,2,1,2,6,6.35,4.16,胜宏科技、钧崴电子,麦捷科技,麦格米特、扬杰科技、一博科技、工业富联、景旺电子、利通电子,ok
886037.TI,6G,通信,1,2026-04-08,2026-04-09,2026-04-14,10,5,1,4,4,9,6.4,1.76,信科移动-U,信维通信、中贝通信、ST臻镭、震有科技,深圳华强、中兴通讯、特发信息、光迅科技、兴森科技、东田微、烽火通信、华正新材、瑞斯康达,ok
886037.TI,6G,通信,2,2026-04-14,2026-04-15,2026-04-17,5,14,1,10,13,4,6.62,5.53,信维通信,通宇通讯、世嘉科技、中瓷电子、力源信息、卓胜微、亨通光电、共进股份、泰晶科技、沃格光电、戈碧迦,中贝通信、ST臻镭、信科移动-U、震有科技,ok
886037.TI,6G,通信,3,2026-04-17,2026-04-20,2026-04-20,14,0,0,0,0,14,4.41,0.0,,,深圳华强、光迅科技、通宇通讯、世嘉科技、中瓷电子、信维通信、力源信息、卓胜微、亨通光电、共进股份、泰晶科技、沃格光电、瑞斯康达、戈碧迦,ok
886037.TI,6G,通信,4,2026-04-20,2026-04-21,2026-04-22,0,0,0,0,0,0,,,,,,ok
886037.TI,6G,通信,5,2026-04-22,2026-04-23,2026-05-06,0,0,0,0,0,0,,,,,,ok
886037.TI,6G,通信,6,2026-05-06,2026-05-07,2026-05-11,0,7,0,2,7,0,,,,意华股份、瑞可达,,ok
886037.TI,6G,通信,7,2026-05-11,2026-05-12,2026-06-03,7,7,2,2,5,5,8.42,4.72,意华股份、瑞可达,崇达技术、中天科技,兴森科技、卓胜微、泰晶科技、沃格光电、ST臻镭,ok
886037.TI,6G,通信,8,2026-06-03,2026-06-04,2026-06-05,7,,,,,,4.73,0.3,,,崇达技术、意华股份、信维通信、亨通光电、烽火通信、中天科技、瑞可达,no_next_day
886084.TI,光纤,通信,1,2026-04-08,2026-04-09,2026-04-17,14,12,7,5,5,7,12.49,5.56,光迅科技、天孚通信、长芯博创、太辰光、永鼎股份、仕佳光子、蘅东光,光库科技、有研新材、亨通光电、长盈通、鼎通科技,中兴通讯、特发信息、东山精密、通鼎互联、致尚科技、烽火通信、远东股份,ok
886084.TI,光纤,通信,2,2026-04-17,2026-04-20,2026-04-20,12,0,0,0,0,12,1.49,0.0,,,光迅科技、天孚通信、长芯博创、太辰光、光库科技、永鼎股份、有研新材、亨通光电、长盈通、仕佳光子、鼎通科技、蘅东光,ok
886084.TI,光纤,通信,3,2026-04-20,2026-04-21,2026-04-22,0,0,0,0,0,0,,,,,,ok
886084.TI,光纤,通信,4,2026-04-22,2026-04-23,2026-05-06,0,0,0,0,0,0,,,,,,ok
886084.TI,光纤,通信,5,2026-05-06,2026-05-07,2026-05-07,0,0,0,0,0,0,,,,,,ok
886084.TI,光纤,通信,6,2026-05-07,2026-05-08,2026-05-11,0,9,0,5,9,0,,,,吴通控股、飞凯材料、德科立、昀冢科技、源杰科技,,ok
886084.TI,光纤,通信,7,2026-05-11,2026-05-12,2026-06-03,9,13,3,5,10,6,16.32,10.25,东山精密、飞凯材料、远东股份,京东方Ａ、中天科技、长飞光纤、杭电股份、长光华芯,通鼎互联、吴通控股、天孚通信、德科立、昀冢科技、源杰科技,ok
886084.TI,光纤,通信,8,2026-06-03,2026-06-04,2026-06-05,13,,,,,,5.52,0.52,,,京东方Ａ、东山精密、飞凯材料、太辰光、永鼎股份、亨通光电、烽火通信、中天科技、远东股份、长飞光纤、杭电股份、长光华芯、鼎通科技,no_next_day
886055.TI,星闪,通信,1,2026-05-06,2026-05-07,2026-05-11,0,1,0,1,1,0,,,,有方科技,,ok
886055.TI,星闪,通信,2,2026-05-11,2026-05-12,2026-06-02,1,0,0,0,0,1,-18.41,-23.84,,,有方科技,ok
886055.TI,星闪,通信,3,2026-06-02,2026-06-03,2026-06-05,0,,,,,,,,,,,no_next_day
881162.TI,通信服务,通信,1,2026-05-11,2026-05-12,2026-05-13,1,2,0,2,2,1,12.25,-2.41,,平治信息、线上线下,吴通控股,ok
881129.TI,通信设备,通信,1,2026-04-08,2026-04-09,2026-04-17,16,22,10,12,12,6,14.31,8.05,光迅科技、天孚通信、长芯博创、太辰光、联特科技、永鼎股份、剑桥科技、瑞斯康达、仕佳光子、蘅东光,通宇通讯、世嘉科技、中瓷电子、中际旭创、新易盛、光库科技、亨通光电、东方通信、共进股份、长盈通、鼎通科技、富士达,中兴通讯、特发信息、通鼎互联、致尚科技、烽火通信、信科移动-U,ok
881129.TI,通信设备,通信,2,2026-04-17,2026-04-20,2026-04-22,22,0,0,0,0,22,7.68,6.59,,,光迅科技、通宇通讯、世嘉科技、中瓷电子、中际旭创、天孚通信、新易盛、长芯博创、太辰光、光库科技、联特科技、永鼎股份、亨通光电、东方通信、剑桥科技、共进股份、瑞斯康达、长盈通、仕佳光子、鼎通科技、蘅东光、富士达,ok
881129.TI,通信设备,通信,3,2026-04-22,2026-04-23,2026-05-06,0,0,0,0,0,0,,,,,,ok
881129.TI,通信设备,通信,4,2026-05-06,2026-05-07,2026-05-11,0,8,0,4,8,0,,,,意华股份、大唐电信、有方科技、德科立,,ok
881129.TI,通信设备,通信,5,2026-05-11,2026-05-12,2026-06-02,8,3,0,1,3,8,10.97,4.27,,阿莱德,通鼎互联、意华股份、中际旭创、天孚通信、新易盛、大唐电信、有方科技、德科立,ok
881129.TI,通信设备,通信,6,2026-06-02,2026-06-03,2026-06-03,3,12,1,3,11,2,9.18,0.0,亨通光电,美信科技、中天科技、长飞光纤,光库科技、阿莱德,ok
881129.TI,通信设备,通信,7,2026-06-03,2026-06-04,2026-06-05,12,,,,,,4.03,-0.5,,,意华股份、中际旭创、太辰光、美信科技、永鼎股份、大唐电信、亨通光电、烽火通信、中天科技、长飞光纤、剑桥科技、鼎通科技,no_next_day
