event_date,divergence_date,sector_name,code,name,sw_l1,pct_event,amount_event,weighted_event,high_event,double_red_hits,pct_divergence,rel_divergence,divergence_path
2026-04-08,2026-04-09,共封装光学(CPO),301183.SZ,东田微,电子,9.88,27.13,51.46,60日新高,3,2.42,1.93,抗住且相对强
2026-04-08,2026-04-09,6G,301183.SZ,东田微,电子,9.88,27.13,51.46,60日新高,3,2.42,1.93,抗住且相对强
2026-04-08,2026-04-09,光学光电子,301183.SZ,东田微,电子,9.88,27.13,51.46,60日新高,3,2.42,1.93,抗住且相对强
2026-04-08,2026-04-09,元件,603186.SH,华正新材,电子,6.93,13.26,25.24,,7,4.43,3.94,抗住且相对强
2026-04-08,2026-04-09,固态电池,603186.SH,华正新材,电子,6.93,13.26,25.24,,7,4.43,3.94,抗住且相对强
2026-04-08,2026-04-09,储能,603186.SH,华正新材,电子,6.93,13.26,25.24,,7,4.43,3.94,抗住且相对强
2026-04-08,2026-04-09,PCB,603186.SH,华正新材,电子,6.93,13.26,25.24,,7,4.43,3.94,抗住且相对强
2026-04-08,2026-04-09,芯片,603186.SH,华正新材,电子,6.93,13.26,25.24,,7,4.43,3.94,抗住且相对强
2026-04-08,2026-04-09,先进封装,603186.SH,华正新材,电子,6.93,13.26,25.24,,7,4.43,3.94,抗住且相对强
2026-04-08,2026-04-09,6G,603186.SH,华正新材,电子,6.93,13.26,25.24,,7,4.43,3.94,抗住且相对强
2026-04-08,2026-04-09,共封装光学(CPO),002281.SZ,光迅科技,通信,6.39,67.07,52.33,,6,10.0,8.99,抗住且相对强
2026-04-08,2026-04-09,液冷服务器,002281.SZ,光迅科技,通信,6.39,67.07,52.33,,6,10.0,8.99,抗住且相对强
2026-04-08,2026-04-09,光纤,002281.SZ,光迅科技,通信,6.39,67.07,52.33,,6,10.0,8.99,抗住且相对强
2026-04-08,2026-04-09,芯片,002281.SZ,光迅科技,通信,6.39,67.07,52.33,,6,10.0,8.99,抗住且相对强
2026-04-08,2026-04-09,通信设备,002281.SZ,光迅科技,通信,6.39,67.07,52.33,,6,10.0,8.99,抗住且相对强
2026-04-08,2026-04-09,6G,002281.SZ,光迅科技,通信,6.39,67.07,52.33,,6,10.0,8.99,抗住且相对强
2026-04-08,2026-04-09,芯片,000062.SZ,深圳华强,电子,4.74,24.48,23.45,120日新高,4,2.37,1.88,抗住且相对强
2026-04-08,2026-04-09,6G,000062.SZ,深圳华强,电子,4.74,24.48,23.45,120日新高,4,2.37,1.88,抗住且相对强
2026-04-08,2026-04-09,存储芯片,000062.SZ,深圳华强,电子,4.74,24.48,23.45,120日新高,4,2.37,1.88,抗住且相对强
2026-04-08,2026-04-09,共封装光学(CPO),000062.SZ,深圳华强,电子,4.74,24.48,23.45,120日新高,4,2.37,1.88,抗住且相对强
2026-04-08,2026-04-09,通信设备,603803.SH,瑞斯康达,通信,6.63,9.7,20.65,,4,2.43,1.42,抗住且相对强
2026-04-08,2026-04-09,6G,603803.SH,瑞斯康达,通信,6.63,9.7,20.65,,4,2.43,1.42,抗住且相对强
2026-04-08,2026-04-09,芯片,603803.SH,瑞斯康达,通信,6.63,9.7,20.65,,4,2.43,1.42,抗住且相对强
2026-04-08,2026-04-09,共封装光学(CPO),603803.SH,瑞斯康达,通信,6.63,9.7,20.65,,4,2.43,1.42,抗住且相对强
2026-04-08,2026-04-09,存储芯片,002436.SZ,兴森科技,电子,7.3,17.2,30.28,,7,1.52,1.03,抗住且相对强
2026-04-08,2026-04-09,元件,002436.SZ,兴森科技,电子,7.3,17.2,30.28,,7,1.52,1.03,抗住且相对强
2026-04-08,2026-04-09,共封装光学(CPO),002436.SZ,兴森科技,电子,7.3,17.2,30.28,,7,1.52,1.03,抗住且相对强
2026-04-08,2026-04-09,PCB,002436.SZ,兴森科技,电子,7.3,17.2,30.28,,7,1.52,1.03,抗住且相对强
2026-04-08,2026-04-09,芯片,002436.SZ,兴森科技,电子,7.3,17.2,30.28,,7,1.52,1.03,抗住且相对强
2026-04-08,2026-04-09,先进封装,002436.SZ,兴森科技,电子,7.3,17.2,30.28,,7,1.52,1.03,抗住且相对强
2026-04-08,2026-04-09,6G,002436.SZ,兴森科技,电子,7.3,17.2,30.28,,7,1.52,1.03,抗住且相对强
2026-04-08,2026-04-09,光伏,000070.SZ,特发信息,通信,4.69,26.7,24.23,,6,10.01,9.0,抗住且相对强
2026-04-08,2026-04-09,特高压,000070.SZ,特发信息,通信,4.69,26.7,24.23,,6,10.01,9.0,抗住且相对强
2026-04-08,2026-04-09,共封装光学(CPO),000070.SZ,特发信息,通信,4.69,26.7,24.23,,6,10.01,9.0,抗住且相对强
2026-04-08,2026-04-09,光纤,000070.SZ,特发信息,通信,4.69,26.7,24.23,,6,10.01,9.0,抗住且相对强
2026-04-08,2026-04-09,通信设备,000070.SZ,特发信息,通信,4.69,26.7,24.23,,6,10.01,9.0,抗住且相对强
2026-04-08,2026-04-09,6G,000070.SZ,特发信息,通信,4.69,26.7,24.23,,6,10.01,9.0,抗住且相对强
2026-04-08,2026-04-09,AI眼镜,000063.SZ,中兴通讯,通信,5.26,32.82,30.13,,8,4.47,3.46,抗住且相对强
2026-04-08,2026-04-09,光纤,000063.SZ,中兴通讯,通信,5.26,32.82,30.13,,8,4.47,3.46,抗住且相对强
2026-04-08,2026-04-09,液冷服务器,000063.SZ,中兴通讯,通信,5.26,32.82,30.13,,8,4.47,3.46,抗住且相对强
2026-04-08,2026-04-09,储能,000063.SZ,中兴通讯,通信,5.26,32.82,30.13,,8,4.47,3.46,抗住且相对强
2026-04-08,2026-04-09,芯片,000063.SZ,中兴通讯,通信,5.26,32.82,30.13,,8,4.47,3.46,抗住且相对强
2026-04-08,2026-04-09,AI手机,000063.SZ,中兴通讯,通信,5.26,32.82,30.13,,8,4.47,3.46,抗住且相对强
2026-04-08,2026-04-09,通信设备,000063.SZ,中兴通讯,通信,5.26,32.82,30.13,,8,4.47,3.46,抗住且相对强
2026-04-08,2026-04-09,6G,000063.SZ,中兴通讯,通信,5.26,32.82,30.13,,8,4.47,3.46,抗住且相对强
2026-04-08,2026-04-09,通信设备,688387.SH,信科移动-U,通信,10.51,13.09,38.03,,3,1.64,0.63,抗住且相对强
2026-04-08,2026-04-09,6G,688387.SH,信科移动-U,通信,10.51,13.09,38.03,,3,1.64,0.63,抗住且相对强
2026-04-08,2026-04-09,芯片,688387.SH,信科移动-U,通信,10.51,13.09,38.03,,3,1.64,0.63,抗住且相对强
2026-04-08,2026-04-09,特高压,600498.SH,烽火通信,通信,5.0,61.83,39.32,,8,7.22,6.21,抗住且相对强
2026-04-08,2026-04-09,共封装光学(CPO),600498.SH,烽火通信,通信,5.0,61.83,39.32,,8,7.22,6.21,抗住且相对强
2026-04-08,2026-04-09,光纤,600498.SH,烽火通信,通信,5.0,61.83,39.32,,8,7.22,6.21,抗住且相对强
2026-04-08,2026-04-09,液冷服务器,600498.SH,烽火通信,通信,5.0,61.83,39.32,,8,7.22,6.21,抗住且相对强
2026-04-08,2026-04-09,芯片,600498.SH,烽火通信,通信,5.0,61.83,39.32,,8,7.22,6.21,抗住且相对强
2026-04-08,2026-04-09,通信设备,600498.SH,烽火通信,通信,5.0,61.83,39.32,,8,7.22,6.21,抗住且相对强
2026-04-08,2026-04-09,MCU芯片,600498.SH,烽火通信,通信,5.0,61.83,39.32,,8,7.22,6.21,抗住且相对强
2026-04-08,2026-04-09,6G,600498.SH,烽火通信,通信,5.0,61.83,39.32,,8,7.22,6.21,抗住且相对强
2026-04-08,2026-04-09,消费电子,002947.SZ,恒铭达,电子,9.03,9.66,28.07,历史新高,3,10.0,9.51,抗住且相对强
2026-04-08,2026-04-09,储能,002947.SZ,恒铭达,电子,9.03,9.66,28.07,历史新高,3,10.0,9.51,抗住且相对强
2026-04-08,2026-04-09,AI PC,002947.SZ,恒铭达,电子,9.03,9.66,28.07,历史新高,3,10.0,9.51,抗住且相对强
2026-04-08,2026-04-09,AI眼镜,603890.SH,春秋电子,电子,10.01,7.8,27.96,20日新高,3,1.09,0.6,抗住且相对强
2026-04-08,2026-04-09,消费电子,603890.SH,春秋电子,电子,10.01,7.8,27.96,20日新高,3,1.09,0.6,抗住且相对强
2026-04-08,2026-04-09,AI PC,603890.SH,春秋电子,电子,10.01,7.8,27.96,20日新高,3,1.09,0.6,抗住且相对强
2026-04-08,2026-04-09,AI眼镜,301489.SZ,思泉新材,电子,12.16,10.21,38.85,,5,1.55,1.06,抗住且相对强
2026-04-08,2026-04-09,液冷服务器,301489.SZ,思泉新材,电子,12.16,10.21,38.85,,5,1.55,1.06,抗住且相对强
2026-04-08,2026-04-09,储能,301489.SZ,思泉新材,电子,12.16,10.21,38.85,,5,1.55,1.06,抗住且相对强
2026-04-08,2026-04-09,AI手机,301489.SZ,思泉新材,电子,12.16,10.21,38.85,,5,1.55,1.06,抗住且相对强
2026-04-08,2026-04-09,AI PC,301489.SZ,思泉新材,电子,12.16,10.21,38.85,,5,1.55,1.06,抗住且相对强
2026-04-08,2026-04-09,元件,001389.SZ,广合科技,电子,10.0,10.89,33.0,,4,1.19,0.7,抗住且相对强
2026-04-08,2026-04-09,PCB,001389.SZ,广合科技,电子,10.0,10.89,33.0,,4,1.19,0.7,抗住且相对强
2026-04-08,2026-04-09,AI PC,001389.SZ,广合科技,电子,10.0,10.89,33.0,,4,1.19,0.7,抗住且相对强
2026-04-08,2026-04-09,共封装光学(CPO),001389.SZ,广合科技,电子,10.0,10.89,33.0,,4,1.19,0.7,抗住且相对强
2026-04-08,2026-04-09,MR(混合现实),300684.SZ,中石科技,电子,8.51,5.83,20.55,,6,0.97,0.48,抗住且相对强
2026-04-08,2026-04-09,光伏,300684.SZ,中石科技,电子,8.51,5.83,20.55,,6,0.97,0.48,抗住且相对强
2026-04-08,2026-04-09,共封装光学(CPO),300684.SZ,中石科技,电子,8.51,5.83,20.55,,6,0.97,0.48,抗住且相对强
2026-04-08,2026-04-09,液冷服务器,300684.SZ,中石科技,电子,8.51,5.83,20.55,,6,0.97,0.48,抗住且相对强
2026-04-08,2026-04-09,储能,300684.SZ,中石科技,电子,8.51,5.83,20.55,,6,0.97,0.48,抗住且相对强
2026-04-08,2026-04-09,AI PC,300684.SZ,中石科技,电子,8.51,5.83,20.55,,6,0.97,0.48,抗住且相对强
2026-04-08,2026-04-09,AI眼镜,002938.SZ,鹏鼎控股,电子,7.34,20.55,33.27,,6,1.7,1.21,抗住且相对强
2026-04-08,2026-04-09,元件,002938.SZ,鹏鼎控股,电子,7.34,20.55,33.27,,6,1.7,1.21,抗住且相对强
2026-04-08,2026-04-09,共封装光学(CPO),002938.SZ,鹏鼎控股,电子,7.34,20.55,33.27,,6,1.7,1.21,抗住且相对强
2026-04-08,2026-04-09,PCB,002938.SZ,鹏鼎控股,电子,7.34,20.55,33.27,,6,1.7,1.21,抗住且相对强
2026-04-08,2026-04-09,AI手机,002938.SZ,鹏鼎控股,电子,7.34,20.55,33.27,,6,1.7,1.21,抗住且相对强
2026-04-08,2026-04-09,AI PC,002938.SZ,鹏鼎控股,电子,7.34,20.55,33.27,,6,1.7,1.21,抗住且相对强
2026-04-08,2026-04-09,存储芯片,001309.SZ,德明利,电子,4.0,75.28,34.71,,5,3.38,2.89,抗住且相对强
2026-04-08,2026-04-09,半导体,001309.SZ,德明利,电子,4.0,75.28,34.71,,5,3.38,2.89,抗住且相对强
2026-04-08,2026-04-09,共封装光学(CPO),001309.SZ,德明利,电子,4.0,75.28,34.71,,5,3.38,2.89,抗住且相对强
2026-04-08,2026-04-09,芯片,001309.SZ,德明利,电子,4.0,75.28,34.71,,5,3.38,2.89,抗住且相对强
2026-04-08,2026-04-09,AI PC,001309.SZ,德明利,电子,4.0,75.28,34.71,,5,3.38,2.89,抗住且相对强
2026-04-08,2026-04-09,AI眼镜,002273.SZ,水晶光电,电子,9.99,33.76,58.05,,5,6.85,6.36,抗住且相对强
2026-04-08,2026-04-09,共封装光学(CPO),002273.SZ,水晶光电,电子,9.99,33.76,58.05,,5,6.85,6.36,抗住且相对强
2026-04-08,2026-04-09,储能,002273.SZ,水晶光电,电子,9.99,33.76,58.05,,5,6.85,6.36,抗住且相对强
2026-04-08,2026-04-09,AI手机,002273.SZ,水晶光电,电子,9.99,33.76,58.05,,5,6.85,6.36,抗住且相对强
2026-04-08,2026-04-09,光学光电子,002273.SZ,水晶光电,电子,9.99,33.76,58.05,,5,6.85,6.36,抗住且相对强
2026-04-08,2026-04-09,元件,002384.SZ,东山精密,电子,10.0,27.85,52.77,,7,10.0,9.51,抗住且相对强
2026-04-08,2026-04-09,高压快充,002384.SZ,东山精密,电子,10.0,27.85,52.77,,7,10.0,9.51,抗住且相对强
2026-04-08,2026-04-09,共封装光学(CPO),002384.SZ,东山精密,电子,10.0,27.85,52.77,,7,10.0,9.51,抗住且相对强
2026-04-08,2026-04-09,光纤,002384.SZ,东山精密,电子,10.0,27.85,52.77,,7,10.0,9.51,抗住且相对强
2026-04-08,2026-04-09,PCB,002384.SZ,东山精密,电子,10.0,27.85,52.77,,7,10.0,9.51,抗住且相对强
2026-04-08,2026-04-09,芯片,002384.SZ,东山精密,电子,10.0,27.85,52.77,,7,10.0,9.51,抗住且相对强
2026-04-08,2026-04-09,AI手机,002384.SZ,东山精密,电子,10.0,27.85,52.77,,7,10.0,9.51,抗住且相对强
2026-04-08,2026-04-09,存储芯片,300975.SZ,商络电子,电子,10.9,12.52,38.57,,5,2.74,2.25,抗住且相对强
2026-04-08,2026-04-09,AI眼镜,300975.SZ,商络电子,电子,10.9,12.52,38.57,,5,2.74,2.25,抗住且相对强
2026-04-08,2026-04-09,液冷服务器,300975.SZ,商络电子,电子,10.9,12.52,38.57,,5,2.74,2.25,抗住且相对强
2026-04-08,2026-04-09,芯片,300975.SZ,商络电子,电子,10.9,12.52,38.57,,5,2.74,2.25,抗住且相对强
2026-04-08,2026-04-09,MCU芯片,300975.SZ,商络电子,电子,10.9,12.52,38.57,,5,2.74,2.25,抗住且相对强
2026-04-08,2026-04-09,存储芯片,301099.SZ,雅创电子,电子,12.51,6.22,31.2,,6,4.0,3.51,抗住且相对强
2026-04-08,2026-04-09,光伏,301099.SZ,雅创电子,电子,12.51,6.22,31.2,,6,4.0,3.51,抗住且相对强
2026-04-08,2026-04-09,AI眼镜,301099.SZ,雅创电子,电子,12.51,6.22,31.2,,6,4.0,3.51,抗住且相对强
2026-04-08,2026-04-09,储能,301099.SZ,雅创电子,电子,12.51,6.22,31.2,,6,4.0,3.51,抗住且相对强
2026-04-08,2026-04-09,芯片,301099.SZ,雅创电子,电子,12.51,6.22,31.2,,6,4.0,3.51,抗住且相对强
2026-04-08,2026-04-09,MCU芯片,301099.SZ,雅创电子,电子,12.51,6.22,31.2,,6,4.0,3.51,抗住且相对强
2026-04-08,2026-04-09,光伏,600330.SH,天通股份,电子,7.31,26.62,37.72,,6,9.99,9.5,抗住且相对强
2026-04-08,2026-04-09,AI眼镜,600330.SH,天通股份,电子,7.31,26.62,37.72,,6,9.99,9.5,抗住且相对强
2026-04-08,2026-04-09,储能,600330.SH,天通股份,电子,7.31,26.62,37.72,,6,9.99,9.5,抗住且相对强
2026-04-08,2026-04-09,PCB,600330.SH,天通股份,电子,7.31,26.62,37.72,,6,9.99,9.5,抗住且相对强
2026-04-08,2026-04-09,芯片,600330.SH,天通股份,电子,7.31,26.62,37.72,,6,9.99,9.5,抗住且相对强
2026-04-08,2026-04-09,先进封装,600330.SH,天通股份,电子,7.31,26.62,37.72,,6,9.99,9.5,抗住且相对强
2026-04-08,2026-04-09,光伏,603920.SH,世运电路,电子,10.01,12.29,35.09,,6,5.55,5.06,抗住且相对强
2026-04-08,2026-04-09,AI眼镜,603920.SH,世运电路,电子,10.01,12.29,35.09,,6,5.55,5.06,抗住且相对强
2026-04-08,2026-04-09,元件,603920.SH,世运电路,电子,10.01,12.29,35.09,,6,5.55,5.06,抗住且相对强
2026-04-08,2026-04-09,共封装光学(CPO),603920.SH,世运电路,电子,10.01,12.29,35.09,,6,5.55,5.06,抗住且相对强
2026-04-08,2026-04-09,储能,603920.SH,世运电路,电子,10.01,12.29,35.09,,6,5.55,5.06,抗住且相对强
2026-04-08,2026-04-09,PCB,603920.SH,世运电路,电子,10.01,12.29,35.09,,6,5.55,5.06,抗住且相对强
2026-04-08,2026-04-09,AI眼镜,300131.SZ,英唐智控,电子,8.77,12.34,30.81,,4,4.64,4.15,抗住且相对强
2026-04-08,2026-04-09,芯片,300131.SZ,英唐智控,电子,8.77,12.34,30.81,,4,4.64,4.15,抗住且相对强
2026-04-08,2026-04-09,存储芯片,300131.SZ,英唐智控,电子,8.77,12.34,30.81,,4,4.64,4.15,抗住且相对强
2026-04-08,2026-04-09,共封装光学(CPO),300131.SZ,英唐智控,电子,8.77,12.34,30.81,,4,4.64,4.15,抗住且相对强
2026-04-08,2026-04-09,AI眼镜,601231.SH,环旭电子,电子,6.94,17.0,28.61,,4,4.44,3.95,抗住且相对强
2026-04-08,2026-04-09,消费电子,601231.SH,环旭电子,电子,6.94,17.0,28.61,,4,4.44,3.95,抗住且相对强
2026-04-08,2026-04-09,芯片,601231.SH,环旭电子,电子,6.94,17.0,28.61,,4,4.44,3.95,抗住且相对强
2026-04-08,2026-04-09,共封装光学(CPO),601231.SH,环旭电子,电子,6.94,17.0,28.61,,4,4.44,3.95,抗住且相对强
2026-04-08,2026-04-09,消费电子,002475.SZ,立讯精密,电子,8.02,103.42,81.56,20日新高,7,5.4,4.91,抗住且相对强
2026-04-08,2026-04-09,MR(混合现实),002475.SZ,立讯精密,电子,8.02,103.42,81.56,20日新高,7,5.4,4.91,抗住且相对强
2026-04-08,2026-04-09,铜缆高速连接,002475.SZ,立讯精密,电子,8.02,103.42,81.56,20日新高,7,5.4,4.91,抗住且相对强
2026-04-08,2026-04-09,AI眼镜,002475.SZ,立讯精密,电子,8.02,103.42,81.56,20日新高,7,5.4,4.91,抗住且相对强
2026-04-08,2026-04-09,共封装光学(CPO),002475.SZ,立讯精密,电子,8.02,103.42,81.56,20日新高,7,5.4,4.91,抗住且相对强
2026-04-08,2026-04-09,液冷服务器,002475.SZ,立讯精密,电子,8.02,103.42,81.56,20日新高,7,5.4,4.91,抗住且相对强
2026-04-08,2026-04-09,芯片,002475.SZ,立讯精密,电子,8.02,103.42,81.56,20日新高,7,5.4,4.91,抗住且相对强
2026-04-08,2026-04-09,AI眼镜,002241.SZ,歌尔股份,电子,5.75,21.77,26.83,,4,0.64,0.15,抗住且相对强
2026-04-08,2026-04-09,消费电子,002241.SZ,歌尔股份,电子,5.75,21.77,26.83,,4,0.64,0.15,抗住且相对强
2026-04-08,2026-04-09,MR(混合现实),002241.SZ,歌尔股份,电子,5.75,21.77,26.83,,4,0.64,0.15,抗住且相对强
2026-04-08,2026-04-09,芯片,002241.SZ,歌尔股份,电子,5.75,21.77,26.83,,4,0.64,0.15,抗住且相对强
2026-04-08,2026-04-09,先进封装,688362.SH,甬矽电子,电子,7.81,6.58,20.03,20日新高,4,2.59,2.1,抗住且相对强
2026-04-08,2026-04-09,MCU芯片,688362.SH,甬矽电子,电子,7.81,6.58,20.03,20日新高,4,2.59,2.1,抗住且相对强
2026-04-08,2026-04-09,芯片,688362.SH,甬矽电子,电子,7.81,6.58,20.03,20日新高,4,2.59,2.1,抗住且相对强
2026-04-08,2026-04-09,半导体,688362.SH,甬矽电子,电子,7.81,6.58,20.03,20日新高,4,2.59,2.1,抗住且相对强
2026-04-08,2026-04-09,芯片,688766.SH,普冉股份,电子,6.16,16.45,24.98,,4,1.22,0.73,抗住且相对强
2026-04-08,2026-04-09,MCU芯片,688766.SH,普冉股份,电子,6.16,16.45,24.98,,4,1.22,0.73,抗住且相对强
2026-04-08,2026-04-09,存储芯片,688766.SH,普冉股份,电子,6.16,16.45,24.98,,4,1.22,0.73,抗住且相对强
2026-04-08,2026-04-09,半导体,688766.SH,普冉股份,电子,6.16,16.45,24.98,,4,1.22,0.73,抗住且相对强
2026-04-08,2026-04-09,存储芯片,300053.SZ,航宇微,电子,7.36,7.57,20.25,,5,0.57,0.08,抗住且相对强
2026-04-08,2026-04-09,半导体,300053.SZ,航宇微,电子,7.36,7.57,20.25,,5,0.57,0.08,抗住且相对强
2026-04-08,2026-04-09,芯片,300053.SZ,航宇微,电子,7.36,7.57,20.25,,5,0.57,0.08,抗住且相对强
2026-04-08,2026-04-09,先进封装,300053.SZ,航宇微,电子,7.36,7.57,20.25,,5,0.57,0.08,抗住且相对强
2026-04-08,2026-04-09,MCU芯片,300053.SZ,航宇微,电子,7.36,7.57,20.25,,5,0.57,0.08,抗住且相对强
2026-04-08,2026-04-09,存储芯片,001287.SZ,中电港,电子,10.02,8.32,28.9,,5,1.27,0.78,抗住且相对强
2026-04-08,2026-04-09,英伟达,001287.SZ,中电港,电子,10.02,8.32,28.9,,5,1.27,0.78,抗住且相对强
2026-04-08,2026-04-09,储能,001287.SZ,中电港,电子,10.02,8.32,28.9,,5,1.27,0.78,抗住且相对强
2026-04-08,2026-04-09,芯片,001287.SZ,中电港,电子,10.02,8.32,28.9,,5,1.27,0.78,抗住且相对强
2026-04-08,2026-04-09,MCU芯片,001287.SZ,中电港,电子,10.02,8.32,28.9,,5,1.27,0.78,抗住且相对强
2026-04-08,2026-04-09,虚拟电厂,002929.SZ,润建股份,通信,10.0,12.86,35.86,,4,2.84,1.83,抗住且相对强
2026-04-08,2026-04-09,储能,002929.SZ,润建股份,通信,10.0,12.86,35.86,,4,2.84,1.83,抗住且相对强
2026-04-08,2026-04-09,MR(混合现实),002929.SZ,润建股份,通信,10.0,12.86,35.86,,4,2.84,1.83,抗住且相对强
2026-04-08,2026-04-09,光伏,002929.SZ,润建股份,通信,10.0,12.86,35.86,,4,2.84,1.83,抗住且相对强
2026-04-08,2026-04-09,消费电子,301486.SZ,致尚科技,电子,8.62,16.53,35.05,,6,2.98,2.49,抗住且相对强
2026-04-08,2026-04-09,MR(混合现实),301486.SZ,致尚科技,电子,8.62,16.53,35.05,,6,2.98,2.49,抗住且相对强
2026-04-08,2026-04-09,共封装光学(CPO),301486.SZ,致尚科技,电子,8.62,16.53,35.05,,6,2.98,2.49,抗住且相对强
2026-04-08,2026-04-09,光纤,301486.SZ,致尚科技,电子,8.62,16.53,35.05,,6,2.98,2.49,抗住且相对强
2026-04-08,2026-04-09,芯片,301486.SZ,致尚科技,电子,8.62,16.53,35.05,,6,2.98,2.49,抗住且相对强
2026-04-08,2026-04-09,通信设备,301486.SZ,致尚科技,电子,8.62,16.53,35.05,,6,2.98,2.49,抗住且相对强
2026-04-08,2026-04-09,PCB,301630.SZ,同宇新材,电子,8.3,10.72,27.18,20日新高,1,1.92,1.43,抗住且相对强
2026-04-08,2026-04-09,消费电子,300679.SZ,电连技术,电子,19.99,17.81,84.36,20日新高,2,9.74,9.25,抗住且相对强
2026-04-08,2026-04-09,PCB,300679.SZ,电连技术,电子,19.99,17.81,84.36,20日新高,2,9.74,9.25,抗住且相对强
2026-04-08,2026-04-09,钙钛矿电池,688150.SH,莱特光电,电子,13.66,9.14,41.3,历史新高,2,1.78,1.29,抗住且相对强
2026-04-08,2026-04-09,PCB,688150.SH,莱特光电,电子,13.66,9.14,41.3,历史新高,2,1.78,1.29,抗住且相对强
2026-04-08,2026-04-09,消费电子,301123.SZ,奕东电子,电子,7.96,8.08,22.63,,6,9.75,9.26,抗住且相对强
2026-04-08,2026-04-09,铜缆高速连接,301123.SZ,奕东电子,电子,7.96,8.08,22.63,,6,9.75,9.26,抗住且相对强
2026-04-08,2026-04-09,共封装光学(CPO),301123.SZ,奕东电子,电子,7.96,8.08,22.63,,6,9.75,9.26,抗住且相对强
2026-04-08,2026-04-09,液冷服务器,301123.SZ,奕东电子,电子,7.96,8.08,22.63,,6,9.75,9.26,抗住且相对强
2026-04-08,2026-04-09,储能,301123.SZ,奕东电子,电子,7.96,8.08,22.63,,6,9.75,9.26,抗住且相对强
2026-04-08,2026-04-09,PCB,301123.SZ,奕东电子,电子,7.96,8.08,22.63,,6,9.75,9.26,抗住且相对强
2026-04-08,2026-04-09,共封装光学(CPO),603328.SH,依顿电子,电子,10.04,7.44,27.39,,4,3.42,2.93,抗住且相对强
2026-04-08,2026-04-09,元件,603328.SH,依顿电子,电子,10.04,7.44,27.39,,4,3.42,2.93,抗住且相对强
2026-04-08,2026-04-09,PCB,603328.SH,依顿电子,电子,10.04,7.44,27.39,,4,3.42,2.93,抗住且相对强
2026-04-08,2026-04-09,光伏,603328.SH,依顿电子,电子,10.04,7.44,27.39,,4,3.42,2.93,抗住且相对强
2026-04-08,2026-04-09,芯片,002463.SZ,沪电股份,电子,10.0,81.45,90.25,,3,2.11,1.62,抗住且相对强
2026-04-08,2026-04-09,元件,002463.SZ,沪电股份,电子,10.0,81.45,90.25,,3,2.11,1.62,抗住且相对强
2026-04-08,2026-04-09,PCB,002463.SZ,沪电股份,电子,10.0,81.45,90.25,,3,2.11,1.62,抗住且相对强
2026-04-08,2026-04-09,芯片,688603.SH,天承科技,电子,12.57,5.81,30.3,,3,1.7,1.21,抗住且相对强
2026-04-08,2026-04-09,先进封装,688603.SH,天承科技,电子,12.57,5.81,30.3,,3,1.7,1.21,抗住且相对强
2026-04-08,2026-04-09,PCB,688603.SH,天承科技,电子,12.57,5.81,30.3,,3,1.7,1.21,抗住且相对强
2026-04-08,2026-04-09,存储芯片,002916.SZ,深南电路,电子,10.0,36.14,60.12,,5,2.31,1.82,抗住且相对强
2026-04-08,2026-04-09,元件,002916.SZ,深南电路,电子,10.0,36.14,60.12,,5,2.31,1.82,抗住且相对强
2026-04-08,2026-04-09,芯片,002916.SZ,深南电路,电子,10.0,36.14,60.12,,5,2.31,1.82,抗住且相对强
2026-04-08,2026-04-09,PCB,002916.SZ,深南电路,电子,10.0,36.14,60.12,,5,2.31,1.82,抗住且相对强
2026-04-08,2026-04-09,先进封装,002916.SZ,深南电路,电子,10.0,36.14,60.12,,5,2.31,1.82,抗住且相对强
2026-04-08,2026-04-09,芯片,603175.SH,超颖电子,电子,10.0,4.69,21.66,,4,5.32,4.83,抗住且相对强
2026-04-08,2026-04-09,存储芯片,603175.SH,超颖电子,电子,10.0,4.69,21.66,,4,5.32,4.83,抗住且相对强
2026-04-08,2026-04-09,元件,603175.SH,超颖电子,电子,10.0,4.69,21.66,,4,5.32,4.83,抗住且相对强
2026-04-08,2026-04-09,PCB,603175.SH,超颖电子,电子,10.0,4.69,21.66,,4,5.32,4.83,抗住且相对强
2026-04-08,2026-04-09,芯片,002213.SZ,大为股份,电子,10.01,6.32,25.16,,4,10.02,9.53,抗住且相对强
2026-04-08,2026-04-09,存储芯片,002213.SZ,大为股份,电子,10.01,6.32,25.16,,4,10.02,9.53,抗住且相对强
2026-04-08,2026-04-09,PCB,002213.SZ,大为股份,电子,10.01,6.32,25.16,,4,10.02,9.53,抗住且相对强
2026-04-08,2026-04-09,半导体,002213.SZ,大为股份,电子,10.01,6.32,25.16,,4,10.02,9.53,抗住且相对强
2026-04-08,2026-04-09,储能,002491.SZ,通鼎互联,通信,9.99,11.13,33.33,3年新高,4,6.18,5.17,抗住且相对强
2026-04-08,2026-04-09,通信设备,002491.SZ,通鼎互联,通信,9.99,11.13,33.33,3年新高,4,6.18,5.17,抗住且相对强
2026-04-08,2026-04-09,固态电池,002491.SZ,通鼎互联,通信,9.99,11.13,33.33,3年新高,4,6.18,5.17,抗住且相对强
2026-04-08,2026-04-09,光纤,002491.SZ,通鼎互联,通信,9.99,11.13,33.33,3年新高,4,6.18,5.17,抗住且相对强
2026-04-08,2026-04-09,储能,688141.SH,杰华特,电子,10.92,11.01,36.23,历史新高,3,3.06,2.57,抗住且相对强
2026-04-08,2026-04-09,芯片,688141.SH,杰华特,电子,10.92,11.01,36.23,历史新高,3,3.06,2.57,抗住且相对强
2026-04-08,2026-04-09,半导体,688141.SH,杰华特,电子,10.92,11.01,36.23,历史新高,3,3.06,2.57,抗住且相对强
2026-04-08,2026-04-09,液冷服务器,300870.SZ,欧陆通,电力设备,8.07,16.19,32.47,,3,3.23,3.8,抗住且相对强
2026-04-08,2026-04-09,储能,300870.SZ,欧陆通,电力设备,8.07,16.19,32.47,,3,3.23,3.8,抗住且相对强
2026-04-08,2026-04-09,光伏,300870.SZ,欧陆通,电力设备,8.07,16.19,32.47,,3,3.23,3.8,抗住且相对强
2026-04-08,2026-04-09,风电,600869.SH,远东股份,电力设备,10.01,20.51,45.33,历史新高,13,0.95,1.52,抗住且相对强
2026-04-08,2026-04-09,光伏,600869.SH,远东股份,电力设备,10.01,20.51,45.33,历史新高,13,0.95,1.52,抗住且相对强
2026-04-08,2026-04-09,铜缆高速连接,600869.SH,远东股份,电力设备,10.01,20.51,45.33,历史新高,13,0.95,1.52,抗住且相对强
2026-04-08,2026-04-09,特高压,600869.SH,远东股份,电力设备,10.01,20.51,45.33,历史新高,13,0.95,1.52,抗住且相对强
2026-04-08,2026-04-09,钠离子电池,600869.SH,远东股份,电力设备,10.01,20.51,45.33,历史新高,13,0.95,1.52,抗住且相对强
2026-04-08,2026-04-09,电网设备,600869.SH,远东股份,电力设备,10.01,20.51,45.33,历史新高,13,0.95,1.52,抗住且相对强
2026-04-08,2026-04-09,可控核聚变,600869.SH,远东股份,电力设备,10.01,20.51,45.33,历史新高,13,0.95,1.52,抗住且相对强
2026-04-08,2026-04-09,雅下水电,600869.SH,远东股份,电力设备,10.01,20.51,45.33,历史新高,13,0.95,1.52,抗住且相对强
2026-04-08,2026-04-09,固态电池,600869.SH,远东股份,电力设备,10.01,20.51,45.33,历史新高,13,0.95,1.52,抗住且相对强
2026-04-08,2026-04-09,光纤,600869.SH,远东股份,电力设备,10.01,20.51,45.33,历史新高,13,0.95,1.52,抗住且相对强
2026-04-08,2026-04-09,液冷服务器,600869.SH,远东股份,电力设备,10.01,20.51,45.33,历史新高,13,0.95,1.52,抗住且相对强
2026-04-08,2026-04-09,储能,600869.SH,远东股份,电力设备,10.01,20.51,45.33,历史新高,13,0.95,1.52,抗住且相对强
2026-04-08,2026-04-09,芯片,600869.SH,远东股份,电力设备,10.01,20.51,45.33,历史新高,13,0.95,1.52,抗住且相对强
2026-04-08,2026-04-09,风电,600482.SH,中国动力,电力设备,7.86,20.13,35.27,,6,5.03,5.6,抗住且相对强
2026-04-08,2026-04-09,钠离子电池,600482.SH,中国动力,电力设备,7.86,20.13,35.27,,6,5.03,5.6,抗住且相对强
2026-04-08,2026-04-09,固态电池,600482.SH,中国动力,电力设备,7.86,20.13,35.27,,6,5.03,5.6,抗住且相对强
2026-04-08,2026-04-09,氢能源,600482.SH,中国动力,电力设备,7.86,20.13,35.27,,6,5.03,5.6,抗住且相对强
2026-04-08,2026-04-09,储能,600482.SH,中国动力,电力设备,7.86,20.13,35.27,,6,5.03,5.6,抗住且相对强
2026-04-08,2026-04-09,燃料电池,600482.SH,中国动力,电力设备,7.86,20.13,35.27,,6,5.03,5.6,抗住且相对强
2026-04-08,2026-04-09,风电,600875.SH,东方电气,电力设备,9.99,44.93,66.96,,7,0.03,0.6,抗住且相对强
2026-04-08,2026-04-09,光伏,600875.SH,东方电气,电力设备,9.99,44.93,66.96,,7,0.03,0.6,抗住且相对强
2026-04-08,2026-04-09,雅下水电,600875.SH,东方电气,电力设备,9.99,44.93,66.96,,7,0.03,0.6,抗住且相对强
2026-04-08,2026-04-09,可控核聚变,600875.SH,东方电气,电力设备,9.99,44.93,66.96,,7,0.03,0.6,抗住且相对强
2026-04-08,2026-04-09,氢能源,600875.SH,东方电气,电力设备,9.99,44.93,66.96,,7,0.03,0.6,抗住且相对强
2026-04-08,2026-04-09,储能,600875.SH,东方电气,电力设备,9.99,44.93,66.96,,7,0.03,0.6,抗住且相对强
2026-04-08,2026-04-09,燃料电池,600875.SH,东方电气,电力设备,9.99,44.93,66.96,,7,0.03,0.6,抗住且相对强
2026-04-08,2026-04-09,风电,688676.SH,金盘科技,电力设备,14.53,18.69,62.82,,5,4.59,5.16,抗住且相对强
2026-04-08,2026-04-09,光伏,688676.SH,金盘科技,电力设备,14.53,18.69,62.82,,5,4.59,5.16,抗住且相对强
2026-04-08,2026-04-09,电网设备,688676.SH,金盘科技,电力设备,14.53,18.69,62.82,,5,4.59,5.16,抗住且相对强
2026-04-08,2026-04-09,雅下水电,688676.SH,金盘科技,电力设备,14.53,18.69,62.82,,5,4.59,5.16,抗住且相对强
2026-04-08,2026-04-09,储能,688676.SH,金盘科技,电力设备,14.53,18.69,62.82,,5,4.59,5.16,抗住且相对强
2026-04-08,2026-04-09,储能,002922.SZ,伊戈尔,电子,9.11,7.79,25.43,,3,1.1,0.61,抗住且相对强
2026-04-08,2026-04-09,高压快充,002922.SZ,伊戈尔,电子,9.11,7.79,25.43,,3,1.1,0.61,抗住且相对强
2026-04-08,2026-04-09,光伏,002922.SZ,伊戈尔,电子,9.11,7.79,25.43,,3,1.1,0.61,抗住且相对强
2026-04-08,2026-04-09,风电,002851.SZ,麦格米特,电力设备,9.29,17.48,38.84,,6,0.07,0.64,抗住且相对强
2026-04-08,2026-04-09,光伏,002851.SZ,麦格米特,电力设备,9.29,17.48,38.84,,6,0.07,0.64,抗住且相对强
2026-04-08,2026-04-09,高压快充,002851.SZ,麦格米特,电力设备,9.29,17.48,38.84,,6,0.07,0.64,抗住且相对强
2026-04-08,2026-04-09,英伟达,002851.SZ,麦格米特,电力设备,9.29,17.48,38.84,,6,0.07,0.64,抗住且相对强
2026-04-08,2026-04-09,储能,002851.SZ,麦格米特,电力设备,9.29,17.48,38.84,,6,0.07,0.64,抗住且相对强
2026-04-08,2026-04-09,芯片,002851.SZ,麦格米特,电力设备,9.29,17.48,38.84,,6,0.07,0.64,抗住且相对强
2026-04-08,2026-04-09,风电,301291.SZ,明阳电气,电力设备,10.45,7.09,27.83,,5,-0.38,0.19,补跌但相对强
2026-04-08,2026-04-09,光伏,301291.SZ,明阳电气,电力设备,10.45,7.09,27.83,,5,-0.38,0.19,补跌但相对强
2026-04-08,2026-04-09,电网设备,301291.SZ,明阳电气,电力设备,10.45,7.09,27.83,,5,-0.38,0.19,补跌但相对强
2026-04-08,2026-04-09,氢能源,301291.SZ,明阳电气,电力设备,10.45,7.09,27.83,,5,-0.38,0.19,补跌但相对强
2026-04-08,2026-04-09,储能,301291.SZ,明阳电气,电力设备,10.45,7.09,27.83,,5,-0.38,0.19,补跌但相对强
2026-04-08,2026-04-09,液冷服务器,002335.SZ,科华数据,电力设备,8.82,15.22,34.41,,4,2.05,2.62,抗住且相对强
2026-04-08,2026-04-09,氢能源,002335.SZ,科华数据,电力设备,8.82,15.22,34.41,,4,2.05,2.62,抗住且相对强
2026-04-08,2026-04-09,储能,002335.SZ,科华数据,电力设备,8.82,15.22,34.41,,4,2.05,2.62,抗住且相对强
2026-04-08,2026-04-09,光伏,002335.SZ,科华数据,电力设备,8.82,15.22,34.41,,4,2.05,2.62,抗住且相对强
2026-04-08,2026-04-09,钠离子电池,300014.SZ,亿纬锂能,电力设备,5.88,46.41,40.06,,6,1.34,1.91,抗住且相对强
2026-04-08,2026-04-09,固态电池,300014.SZ,亿纬锂能,电力设备,5.88,46.41,40.06,,6,1.34,1.91,抗住且相对强
2026-04-08,2026-04-09,氢能源,300014.SZ,亿纬锂能,电力设备,5.88,46.41,40.06,,6,1.34,1.91,抗住且相对强
2026-04-08,2026-04-09,储能,300014.SZ,亿纬锂能,电力设备,5.88,46.41,40.06,,6,1.34,1.91,抗住且相对强
2026-04-08,2026-04-09,燃料电池,300014.SZ,亿纬锂能,电力设备,5.88,46.41,40.06,,6,1.34,1.91,抗住且相对强
2026-04-08,2026-04-09,电池,300014.SZ,亿纬锂能,电力设备,5.88,46.41,40.06,,6,1.34,1.91,抗住且相对强
2026-04-08,2026-04-09,虚拟电厂,300617.SZ,安靠智电,电力设备,10.35,4.94,23.0,,6,0.61,1.18,抗住且相对强
2026-04-08,2026-04-09,风电,300617.SZ,安靠智电,电力设备,10.35,4.94,23.0,,6,0.61,1.18,抗住且相对强
2026-04-08,2026-04-09,光伏,300617.SZ,安靠智电,电力设备,10.35,4.94,23.0,,6,0.61,1.18,抗住且相对强
2026-04-08,2026-04-09,特高压,300617.SZ,安靠智电,电力设备,10.35,4.94,23.0,,6,0.61,1.18,抗住且相对强
2026-04-08,2026-04-09,电网设备,300617.SZ,安靠智电,电力设备,10.35,4.94,23.0,,6,0.61,1.18,抗住且相对强
2026-04-08,2026-04-09,储能,300617.SZ,安靠智电,电力设备,10.35,4.94,23.0,,6,0.61,1.18,抗住且相对强
2026-04-08,2026-04-09,虚拟电厂,601126.SH,四方股份,电力设备,9.65,13.99,36.09,,8,0.07,0.64,抗住且相对强
2026-04-08,2026-04-09,风电,601126.SH,四方股份,电力设备,9.65,13.99,36.09,,8,0.07,0.64,抗住且相对强
2026-04-08,2026-04-09,光伏,601126.SH,四方股份,电力设备,9.65,13.99,36.09,,8,0.07,0.64,抗住且相对强
2026-04-08,2026-04-09,特高压,601126.SH,四方股份,电力设备,9.65,13.99,36.09,,8,0.07,0.64,抗住且相对强
2026-04-08,2026-04-09,电网设备,601126.SH,四方股份,电力设备,9.65,13.99,36.09,,8,0.07,0.64,抗住且相对强
2026-04-08,2026-04-09,雅下水电,601126.SH,四方股份,电力设备,9.65,13.99,36.09,,8,0.07,0.64,抗住且相对强
2026-04-08,2026-04-09,氢能源,601126.SH,四方股份,电力设备,9.65,13.99,36.09,,8,0.07,0.64,抗住且相对强
2026-04-08,2026-04-09,储能,601126.SH,四方股份,电力设备,9.65,13.99,36.09,,8,0.07,0.64,抗住且相对强
2026-04-08,2026-04-09,储能,300750.SZ,宁德时代,电力设备,1.74,143.15,20.82,,4,-0.33,0.24,补跌但相对强
2026-04-08,2026-04-09,钠离子电池,300750.SZ,宁德时代,电力设备,1.74,143.15,20.82,,4,-0.33,0.24,补跌但相对强
2026-04-08,2026-04-09,电池,300750.SZ,宁德时代,电力设备,1.74,143.15,20.82,,4,-0.33,0.24,补跌但相对强
2026-04-08,2026-04-09,固态电池,300750.SZ,宁德时代,电力设备,1.74,143.15,20.82,,4,-0.33,0.24,补跌但相对强
2026-04-08,2026-04-09,风电,601615.SH,明阳智能,电力设备,5.4,14.13,20.3,,6,-0.43,0.14,补跌但相对强
2026-04-08,2026-04-09,光伏,601615.SH,明阳智能,电力设备,5.4,14.13,20.3,,6,-0.43,0.14,补跌但相对强
2026-04-08,2026-04-09,氢能源,601615.SH,明阳智能,电力设备,5.4,14.13,20.3,,6,-0.43,0.14,补跌但相对强
2026-04-08,2026-04-09,储能,601615.SH,明阳智能,电力设备,5.4,14.13,20.3,,6,-0.43,0.14,补跌但相对强
2026-04-08,2026-04-09,芯片,601615.SH,明阳智能,电力设备,5.4,14.13,20.3,,6,-0.43,0.14,补跌但相对强
2026-04-08,2026-04-09,钙钛矿电池,601615.SH,明阳智能,电力设备,5.4,14.13,20.3,,6,-0.43,0.14,补跌但相对强
2026-04-08,2026-04-09,虚拟电厂,600268.SH,国电南自,电力设备,7.71,7.04,20.46,,6,1.16,1.73,抗住且相对强
2026-04-08,2026-04-09,风电,600268.SH,国电南自,电力设备,7.71,7.04,20.46,,6,1.16,1.73,抗住且相对强
2026-04-08,2026-04-09,特高压,600268.SH,国电南自,电力设备,7.71,7.04,20.46,,6,1.16,1.73,抗住且相对强
2026-04-08,2026-04-09,电网设备,600268.SH,国电南自,电力设备,7.71,7.04,20.46,,6,1.16,1.73,抗住且相对强
2026-04-08,2026-04-09,雅下水电,600268.SH,国电南自,电力设备,7.71,7.04,20.46,,6,1.16,1.73,抗住且相对强
2026-04-08,2026-04-09,储能,600268.SH,国电南自,电力设备,7.71,7.04,20.46,,6,1.16,1.73,抗住且相对强
2026-04-08,2026-04-09,特高压,002202.SZ,金风科技,电力设备,4.15,65.61,33.62,,4,0.0,0.57,抗住且相对强
2026-04-08,2026-04-09,储能,002202.SZ,金风科技,电力设备,4.15,65.61,33.62,,4,0.0,0.57,抗住且相对强
2026-04-08,2026-04-09,风电,002202.SZ,金风科技,电力设备,4.15,65.61,33.62,,4,0.0,0.57,抗住且相对强
2026-04-08,2026-04-09,氢能源,002202.SZ,金风科技,电力设备,4.15,65.61,33.62,,4,0.0,0.57,抗住且相对强
2026-04-08,2026-04-09,先进封装,688256.SH,寒武纪,电子,4.02,121.36,44.29,20日新高,3,2.92,2.43,抗住且相对强
2026-04-08,2026-04-09,芯片,688256.SH,寒武纪,电子,4.02,121.36,44.29,20日新高,3,2.92,2.43,抗住且相对强
2026-04-08,2026-04-09,半导体,688256.SH,寒武纪,电子,4.02,121.36,44.29,20日新高,3,2.92,2.43,抗住且相对强
2026-04-08,2026-04-09,英伟达,300394.SZ,天孚通信,通信,6.19,153.98,76.81,,5,2.94,1.93,抗住且相对强
2026-04-08,2026-04-09,共封装光学(CPO),300394.SZ,天孚通信,通信,6.19,153.98,76.81,,5,2.94,1.93,抗住且相对强
2026-04-08,2026-04-09,光纤,300394.SZ,天孚通信,通信,6.19,153.98,76.81,,5,2.94,1.93,抗住且相对强
2026-04-08,2026-04-09,先进封装,300394.SZ,天孚通信,通信,6.19,153.98,76.81,,5,2.94,1.93,抗住且相对强
2026-04-08,2026-04-09,通信设备,300394.SZ,天孚通信,通信,6.19,153.98,76.81,,5,2.94,1.93,抗住且相对强
2026-04-08,2026-04-09,芯片,300236.SZ,上海新阳,电子,9.27,10.07,29.42,,3,1.17,0.68,抗住且相对强
2026-04-08,2026-04-09,先进封装,300236.SZ,上海新阳,电子,9.27,10.07,29.42,,3,1.17,0.68,抗住且相对强
2026-04-08,2026-04-09,存储芯片,300236.SZ,上海新阳,电子,9.27,10.07,29.42,,3,1.17,0.68,抗住且相对强
2026-04-08,2026-04-09,芯片,688361.SH,中科飞测,电子,8.46,10.63,27.58,,4,3.57,3.08,抗住且相对强
2026-04-08,2026-04-09,先进封装,688361.SH,中科飞测,电子,8.46,10.63,27.58,,4,3.57,3.08,抗住且相对强
2026-04-08,2026-04-09,存储芯片,688361.SH,中科飞测,电子,8.46,10.63,27.58,,4,3.57,3.08,抗住且相对强
2026-04-08,2026-04-09,半导体,688361.SH,中科飞测,电子,8.46,10.63,27.58,,4,3.57,3.08,抗住且相对强
2026-04-08,2026-04-09,存储芯片,002409.SZ,雅克科技,电子,6.71,9.63,20.82,,5,0.9,0.41,抗住且相对强
2026-04-08,2026-04-09,特高压,002409.SZ,雅克科技,电子,6.71,9.63,20.82,,5,0.9,0.41,抗住且相对强
2026-04-08,2026-04-09,半导体,002409.SZ,雅克科技,电子,6.71,9.63,20.82,,5,0.9,0.41,抗住且相对强
2026-04-08,2026-04-09,芯片,002409.SZ,雅克科技,电子,6.71,9.63,20.82,,5,0.9,0.41,抗住且相对强
2026-04-08,2026-04-09,先进封装,002409.SZ,雅克科技,电子,6.71,9.63,20.82,,5,0.9,0.41,抗住且相对强
2026-04-08,2026-04-09,芯片,300054.SZ,鼎龙股份,电子,4.59,25.91,23.36,,3,1.12,0.63,抗住且相对强
2026-04-08,2026-04-09,先进封装,300054.SZ,鼎龙股份,电子,4.59,25.91,23.36,,3,1.12,0.63,抗住且相对强
2026-04-08,2026-04-09,存储芯片,300054.SZ,鼎龙股份,电子,4.59,25.91,23.36,,3,1.12,0.63,抗住且相对强
2026-04-08,2026-04-09,芯片,688012.SH,中微公司,电子,8.21,49.87,57.98,,4,1.14,0.65,抗住且相对强
2026-04-08,2026-04-09,先进封装,688012.SH,中微公司,电子,8.21,49.87,57.98,,4,1.14,0.65,抗住且相对强
2026-04-08,2026-04-09,存储芯片,688012.SH,中微公司,电子,8.21,49.87,57.98,,4,1.14,0.65,抗住且相对强
2026-04-08,2026-04-09,半导体,688012.SH,中微公司,电子,8.21,49.87,57.98,,4,1.14,0.65,抗住且相对强
2026-04-08,2026-04-09,钠离子电池,300037.SZ,新宙邦,电力设备,5.81,11.93,20.07,,6,3.0,3.57,抗住且相对强
2026-04-08,2026-04-09,固态电池,300037.SZ,新宙邦,电力设备,5.81,11.93,20.07,,6,3.0,3.57,抗住且相对强
2026-04-08,2026-04-09,液冷服务器,300037.SZ,新宙邦,电力设备,5.81,11.93,20.07,,6,3.0,3.57,抗住且相对强
2026-04-08,2026-04-09,芯片,300037.SZ,新宙邦,电力设备,5.81,11.93,20.07,,6,3.0,3.57,抗住且相对强
2026-04-08,2026-04-09,先进封装,300037.SZ,新宙邦,电力设备,5.81,11.93,20.07,,6,3.0,3.57,抗住且相对强
2026-04-08,2026-04-09,电池,300037.SZ,新宙邦,电力设备,5.81,11.93,20.07,,6,3.0,3.57,抗住且相对强
2026-04-08,2026-04-09,芯片,688072.SH,拓荆科技,电子,8.59,25.12,43.05,,4,3.27,2.78,抗住且相对强
2026-04-08,2026-04-09,先进封装,688072.SH,拓荆科技,电子,8.59,25.12,43.05,,4,3.27,2.78,抗住且相对强
2026-04-08,2026-04-09,存储芯片,688072.SH,拓荆科技,电子,8.59,25.12,43.05,,4,3.27,2.78,抗住且相对强
2026-04-08,2026-04-09,半导体,688072.SH,拓荆科技,电子,8.59,25.12,43.05,,4,3.27,2.78,抗住且相对强
2026-04-08,2026-04-09,存储芯片,605358.SH,立昂微,电子,8.35,5.87,20.23,,5,0.54,0.05,抗住且相对强
2026-04-08,2026-04-09,光伏,605358.SH,立昂微,电子,8.35,5.87,20.23,,5,0.54,0.05,抗住且相对强
2026-04-08,2026-04-09,半导体,605358.SH,立昂微,电子,8.35,5.87,20.23,,5,0.54,0.05,抗住且相对强
2026-04-08,2026-04-09,共封装光学(CPO),605358.SH,立昂微,电子,8.35,5.87,20.23,,5,0.54,0.05,抗住且相对强
2026-04-08,2026-04-09,芯片,605358.SH,立昂微,电子,8.35,5.87,20.23,,5,0.54,0.05,抗住且相对强
2026-04-08,2026-04-09,半导体,002371.SZ,北方华创,电子,9.41,64.47,75.56,,4,1.91,1.42,抗住且相对强
2026-04-08,2026-04-09,芯片,002371.SZ,北方华创,电子,9.41,64.47,75.56,,4,1.91,1.42,抗住且相对强
2026-04-08,2026-04-09,存储芯片,002371.SZ,北方华创,电子,9.41,64.47,75.56,,4,1.91,1.42,抗住且相对强
2026-04-08,2026-04-09,光伏,002371.SZ,北方华创,电子,9.41,64.47,75.56,,4,1.91,1.42,抗住且相对强
2026-04-08,2026-04-09,铜缆高速连接,300548.SZ,长芯博创,通信,13.96,66.32,113.69,历史新高,5,12.34,11.33,抗住且相对强
2026-04-08,2026-04-09,共封装光学(CPO),300548.SZ,长芯博创,通信,13.96,66.32,113.69,历史新高,5,12.34,11.33,抗住且相对强
2026-04-08,2026-04-09,光纤,300548.SZ,长芯博创,通信,13.96,66.32,113.69,历史新高,5,12.34,11.33,抗住且相对强
2026-04-08,2026-04-09,芯片,300548.SZ,长芯博创,通信,13.96,66.32,113.69,历史新高,5,12.34,11.33,抗住且相对强
2026-04-08,2026-04-09,通信设备,300548.SZ,长芯博创,通信,13.96,66.32,113.69,历史新高,5,12.34,11.33,抗住且相对强
2026-04-08,2026-04-09,风电,600105.SH,永鼎股份,通信,10.0,50.03,70.73,历史新高,6,4.24,3.23,抗住且相对强
2026-04-08,2026-04-09,可控核聚变,600105.SH,永鼎股份,通信,10.0,50.03,70.73,历史新高,6,4.24,3.23,抗住且相对强
2026-04-08,2026-04-09,共封装光学(CPO),600105.SH,永鼎股份,通信,10.0,50.03,70.73,历史新高,6,4.24,3.23,抗住且相对强
2026-04-08,2026-04-09,光纤,600105.SH,永鼎股份,通信,10.0,50.03,70.73,历史新高,6,4.24,3.23,抗住且相对强
2026-04-08,2026-04-09,芯片,600105.SH,永鼎股份,通信,10.0,50.03,70.73,历史新高,6,4.24,3.23,抗住且相对强
2026-04-08,2026-04-09,通信设备,600105.SH,永鼎股份,通信,10.0,50.03,70.73,历史新高,6,4.24,3.23,抗住且相对强
2026-04-08,2026-04-09,共封装光学(CPO),688313.SH,仕佳光子,通信,8.0,42.55,52.18,,4,8.27,7.26,抗住且相对强
2026-04-08,2026-04-09,通信设备,688313.SH,仕佳光子,通信,8.0,42.55,52.18,,4,8.27,7.26,抗住且相对强
2026-04-08,2026-04-09,芯片,688313.SH,仕佳光子,通信,8.0,42.55,52.18,,4,8.27,7.26,抗住且相对强
2026-04-08,2026-04-09,光纤,688313.SH,仕佳光子,通信,8.0,42.55,52.18,,4,8.27,7.26,抗住且相对强
2026-04-08,2026-04-09,铜缆高速连接,300570.SZ,太辰光,通信,6.89,36.39,41.56,,5,4.34,3.33,抗住且相对强
2026-04-08,2026-04-09,共封装光学(CPO),300570.SZ,太辰光,通信,6.89,36.39,41.56,,5,4.34,3.33,抗住且相对强
2026-04-08,2026-04-09,光纤,300570.SZ,太辰光,通信,6.89,36.39,41.56,,5,4.34,3.33,抗住且相对强
2026-04-08,2026-04-09,芯片,300570.SZ,太辰光,通信,6.89,36.39,41.56,,5,4.34,3.33,抗住且相对强
2026-04-08,2026-04-09,通信设备,300570.SZ,太辰光,通信,6.89,36.39,41.56,,5,4.34,3.33,抗住且相对强
2026-04-08,2026-04-09,半导体,300661.SZ,圣邦股份,电子,6.56,26.42,33.72,,4,4.0,3.51,抗住且相对强
2026-04-08,2026-04-09,芯片,300661.SZ,圣邦股份,电子,6.56,26.42,33.72,,4,4.0,3.51,抗住且相对强
2026-04-08,2026-04-09,存储芯片,300661.SZ,圣邦股份,电子,6.56,26.42,33.72,,4,4.0,3.51,抗住且相对强
2026-04-08,2026-04-09,共封装光学(CPO),300661.SZ,圣邦股份,电子,6.56,26.42,33.72,,4,4.0,3.51,抗住且相对强
2026-04-08,2026-04-09,通信设备,301205.SZ,联特科技,通信,6.94,26.62,35.81,,3,6.88,5.87,抗住且相对强
2026-04-08,2026-04-09,芯片,301205.SZ,联特科技,通信,6.94,26.62,35.81,,3,6.88,5.87,抗住且相对强
2026-04-08,2026-04-09,共封装光学(CPO),301205.SZ,联特科技,通信,6.94,26.62,35.81,,3,6.88,5.87,抗住且相对强
2026-04-08,2026-04-09,液冷服务器,603083.SH,剑桥科技,通信,10.0,41.56,64.47,,3,3.59,2.58,抗住且相对强
2026-04-08,2026-04-09,通信设备,603083.SH,剑桥科技,通信,10.0,41.56,64.47,,3,3.59,2.58,抗住且相对强
2026-04-08,2026-04-09,共封装光学(CPO),603083.SH,剑桥科技,通信,10.0,41.56,64.47,,3,3.59,2.58,抗住且相对强
2026-04-08,2026-04-09,芯片,688693.SH,锴威特,电子,19.99,5.09,45.1,2年新高,2,17.3,16.81,抗住且相对强
2026-04-08,2026-04-09,半导体,688693.SH,锴威特,电子,19.99,5.09,45.1,2年新高,2,17.3,16.81,抗住且相对强
2026-04-08,2026-04-09,芯片,688702.SH,盛科通信-U,电子,14.24,20.37,64.27,历史新高,2,0.67,0.18,抗住且相对强
2026-04-08,2026-04-09,半导体,688702.SH,盛科通信-U,电子,14.24,20.37,64.27,历史新高,2,0.67,0.18,抗住且相对强
2026-04-08,2026-04-09,芯片,300604.SZ,长川科技,电子,9.69,32.27,55.05,,3,2.83,2.34,抗住且相对强
2026-04-08,2026-04-09,存储芯片,300604.SZ,长川科技,电子,9.69,32.27,55.05,,3,2.83,2.34,抗住且相对强
2026-04-08,2026-04-09,半导体,300604.SZ,长川科技,电子,9.69,32.27,55.05,,3,2.83,2.34,抗住且相对强
2026-04-08,2026-04-09,消费电子,300686.SZ,智动力,电子,18.01,7.59,49.62,20日新高,2,2.08,1.59,抗住且相对强
2026-04-08,2026-04-09,固态电池,300686.SZ,智动力,电子,18.01,7.59,49.62,20日新高,2,2.08,1.59,抗住且相对强
2026-04-08,2026-04-09,液冷服务器,603629.SH,利通电子,电子,10.0,19.76,44.45,,4,5.99,5.5,抗住且相对强
2026-04-08,2026-04-09,消费电子,603629.SH,利通电子,电子,10.0,19.76,44.45,,4,5.99,5.5,抗住且相对强
2026-04-08,2026-04-09,英伟达,603629.SH,利通电子,电子,10.0,19.76,44.45,,4,5.99,5.5,抗住且相对强
2026-04-08,2026-04-09,芯片,603629.SH,利通电子,电子,10.0,19.76,44.45,,4,5.99,5.5,抗住且相对强
2026-04-09,2026-04-10,铜缆高速连接,002475.SZ,立讯精密,电子,5.4,163.01,68.94,20日新高,1,5.61,3.6,抗住且相对强
2026-04-10,2026-04-13,存储芯片,001309.SZ,德明利,电子,10.0,101.9,100.95,历史新高,5,7.66,6.85,抗住且相对强
2026-04-10,2026-04-13,半导体,001309.SZ,德明利,电子,10.0,101.9,100.95,历史新高,5,7.66,6.85,抗住且相对强
2026-04-10,2026-04-13,共封装光学(CPO),001309.SZ,德明利,电子,10.0,101.9,100.95,历史新高,5,7.66,6.85,抗住且相对强
2026-04-10,2026-04-13,芯片,001309.SZ,德明利,电子,10.0,101.9,100.95,历史新高,5,7.66,6.85,抗住且相对强
2026-04-10,2026-04-13,AI PC,001309.SZ,德明利,电子,10.0,101.9,100.95,历史新高,5,7.66,6.85,抗住且相对强
2026-04-10,2026-04-13,存储芯片,301308.SZ,江波龙,电子,4.85,64.8,39.04,,6,3.87,3.06,抗住且相对强
2026-04-10,2026-04-13,AI眼镜,301308.SZ,江波龙,电子,4.85,64.8,39.04,,6,3.87,3.06,抗住且相对强
2026-04-10,2026-04-13,半导体,301308.SZ,江波龙,电子,4.85,64.8,39.04,,6,3.87,3.06,抗住且相对强
2026-04-10,2026-04-13,芯片,301308.SZ,江波龙,电子,4.85,64.8,39.04,,6,3.87,3.06,抗住且相对强
2026-04-10,2026-04-13,AI手机,301308.SZ,江波龙,电子,4.85,64.8,39.04,,6,3.87,3.06,抗住且相对强
2026-04-10,2026-04-13,AI PC,301308.SZ,江波龙,电子,4.85,64.8,39.04,,6,3.87,3.06,抗住且相对强
2026-04-10,2026-04-13,存储芯片,688525.SH,佰维存储,电子,6.15,102.12,62.15,,6,5.94,5.13,抗住且相对强
2026-04-10,2026-04-13,AI眼镜,688525.SH,佰维存储,电子,6.15,102.12,62.15,,6,5.94,5.13,抗住且相对强
2026-04-10,2026-04-13,半导体,688525.SH,佰维存储,电子,6.15,102.12,62.15,,6,5.94,5.13,抗住且相对强
2026-04-10,2026-04-13,芯片,688525.SH,佰维存储,电子,6.15,102.12,62.15,,6,5.94,5.13,抗住且相对强
2026-04-10,2026-04-13,AI手机,688525.SH,佰维存储,电子,6.15,102.12,62.15,,6,5.94,5.13,抗住且相对强
2026-04-10,2026-04-13,AI PC,688525.SH,佰维存储,电子,6.15,102.12,62.15,,6,5.94,5.13,抗住且相对强
2026-04-10,2026-04-13,光伏,300476.SZ,胜宏科技,电子,4.23,140.27,50.1,,8,2.89,2.08,抗住且相对强
2026-04-10,2026-04-13,元件,300476.SZ,胜宏科技,电子,4.23,140.27,50.1,,8,2.89,2.08,抗住且相对强
2026-04-10,2026-04-13,英伟达,300476.SZ,胜宏科技,电子,4.23,140.27,50.1,,8,2.89,2.08,抗住且相对强
2026-04-10,2026-04-13,共封装光学(CPO),300476.SZ,胜宏科技,电子,4.23,140.27,50.1,,8,2.89,2.08,抗住且相对强
2026-04-10,2026-04-13,储能,300476.SZ,胜宏科技,电子,4.23,140.27,50.1,,8,2.89,2.08,抗住且相对强
2026-04-10,2026-04-13,芯片,300476.SZ,胜宏科技,电子,4.23,140.27,50.1,,8,2.89,2.08,抗住且相对强
2026-04-10,2026-04-13,AI手机,300476.SZ,胜宏科技,电子,4.23,140.27,50.1,,8,2.89,2.08,抗住且相对强
2026-04-10,2026-04-13,AI PC,300476.SZ,胜宏科技,电子,4.23,140.27,50.1,,8,2.89,2.08,抗住且相对强
2026-04-10,2026-04-13,消费电子,002600.SZ,领益智造,电子,2.41,14.09,9.05,,9,1.03,0.22,抗住且相对强
2026-04-10,2026-04-13,光伏,002600.SZ,领益智造,电子,2.41,14.09,9.05,,9,1.03,0.22,抗住且相对强
2026-04-10,2026-04-13,AI眼镜,002600.SZ,领益智造,电子,2.41,14.09,9.05,,9,1.03,0.22,抗住且相对强
2026-04-10,2026-04-13,英伟达,002600.SZ,领益智造,电子,2.41,14.09,9.05,,9,1.03,0.22,抗住且相对强
2026-04-10,2026-04-13,共封装光学(CPO),002600.SZ,领益智造,电子,2.41,14.09,9.05,,9,1.03,0.22,抗住且相对强
2026-04-10,2026-04-13,液冷服务器,002600.SZ,领益智造,电子,2.41,14.09,9.05,,9,1.03,0.22,抗住且相对强
2026-04-10,2026-04-13,储能,002600.SZ,领益智造,电子,2.41,14.09,9.05,,9,1.03,0.22,抗住且相对强
2026-04-10,2026-04-13,AI手机,002600.SZ,领益智造,电子,2.41,14.09,9.05,,9,1.03,0.22,抗住且相对强
2026-04-10,2026-04-13,AI PC,002600.SZ,领益智造,电子,2.41,14.09,9.05,,9,1.03,0.22,抗住且相对强
2026-04-10,2026-04-13,元件,002384.SZ,东山精密,电子,8.83,200.94,125.17,历史新高,5,2.28,1.47,抗住且相对强
2026-04-10,2026-04-13,高压快充,002384.SZ,东山精密,电子,8.83,200.94,125.17,历史新高,5,2.28,1.47,抗住且相对强
2026-04-10,2026-04-13,共封装光学(CPO),002384.SZ,东山精密,电子,8.83,200.94,125.17,历史新高,5,2.28,1.47,抗住且相对强
2026-04-10,2026-04-13,芯片,002384.SZ,东山精密,电子,8.83,200.94,125.17,历史新高,5,2.28,1.47,抗住且相对强
2026-04-10,2026-04-13,AI手机,002384.SZ,东山精密,电子,8.83,200.94,125.17,历史新高,5,2.28,1.47,抗住且相对强
2026-04-10,2026-04-13,AI眼镜,300868.SZ,杰美特,电子,12.12,5.68,28.89,3年新高,2,5.75,4.94,抗住且相对强
2026-04-10,2026-04-13,消费电子,300868.SZ,杰美特,电子,12.12,5.68,28.89,3年新高,2,5.75,4.94,抗住且相对强
2026-04-10,2026-04-13,存储芯片,688123.SH,聚辰股份,电子,2.69,10.44,8.69,,5,1.99,1.18,抗住且相对强
2026-04-10,2026-04-13,AI眼镜,688123.SH,聚辰股份,电子,2.69,10.44,8.69,,5,1.99,1.18,抗住且相对强
2026-04-10,2026-04-13,半导体,688123.SH,聚辰股份,电子,2.69,10.44,8.69,,5,1.99,1.18,抗住且相对强
2026-04-10,2026-04-13,共封装光学(CPO),688123.SH,聚辰股份,电子,2.69,10.44,8.69,,5,1.99,1.18,抗住且相对强
2026-04-10,2026-04-13,芯片,688123.SH,聚辰股份,电子,2.69,10.44,8.69,,5,1.99,1.18,抗住且相对强
2026-04-10,2026-04-13,AI眼镜,301536.SZ,星宸科技,电子,2.87,4.82,6.3,,3,2.15,1.34,抗住且相对强
2026-04-10,2026-04-13,芯片,301536.SZ,星宸科技,电子,2.87,4.82,6.3,,3,2.15,1.34,抗住且相对强
2026-04-10,2026-04-13,半导体,301536.SZ,星宸科技,电子,2.87,4.82,6.3,,3,2.15,1.34,抗住且相对强
2026-04-10,2026-04-13,AI眼镜,000049.SZ,德赛电池,电力设备,5.58,7.34,15.12,,7,1.3,0.08,抗住且相对强
2026-04-10,2026-04-13,钠离子电池,000049.SZ,德赛电池,电力设备,5.58,7.34,15.12,,7,1.3,0.08,抗住且相对强
2026-04-10,2026-04-13,固态电池,000049.SZ,德赛电池,电力设备,5.58,7.34,15.12,,7,1.3,0.08,抗住且相对强
2026-04-10,2026-04-13,储能,000049.SZ,德赛电池,电力设备,5.58,7.34,15.12,,7,1.3,0.08,抗住且相对强
2026-04-10,2026-04-13,华为手机,000049.SZ,德赛电池,电力设备,5.58,7.34,15.12,,7,1.3,0.08,抗住且相对强
2026-04-10,2026-04-13,锂电池,000049.SZ,德赛电池,电力设备,5.58,7.34,15.12,,7,1.3,0.08,抗住且相对强
2026-04-10,2026-04-13,电池,000049.SZ,德赛电池,电力设备,5.58,7.34,15.12,,7,1.3,0.08,抗住且相对强
2026-04-10,2026-04-13,半导体,688807.SH,优迅股份,电子,2.88,6.14,7.14,20日新高,4,13.96,13.15,抗住且相对强
2026-04-10,2026-04-13,MCU芯片,688807.SH,优迅股份,电子,2.88,6.14,7.14,20日新高,4,13.96,13.15,抗住且相对强
2026-04-10,2026-04-13,芯片,688807.SH,优迅股份,电子,2.88,6.14,7.14,20日新高,4,13.96,13.15,抗住且相对强
2026-04-10,2026-04-13,共封装光学(CPO),688807.SH,优迅股份,电子,2.88,6.14,7.14,20日新高,4,13.96,13.15,抗住且相对强
2026-04-10,2026-04-13,存储芯片,001287.SZ,中电港,电子,3.28,13.72,12.15,20日新高,5,2.01,1.2,抗住且相对强
2026-04-10,2026-04-13,英伟达,001287.SZ,中电港,电子,3.28,13.72,12.15,20日新高,5,2.01,1.2,抗住且相对强
2026-04-10,2026-04-13,储能,001287.SZ,中电港,电子,3.28,13.72,12.15,20日新高,5,2.01,1.2,抗住且相对强
2026-04-10,2026-04-13,芯片,001287.SZ,中电港,电子,3.28,13.72,12.15,20日新高,5,2.01,1.2,抗住且相对强
2026-04-10,2026-04-13,MCU芯片,001287.SZ,中电港,电子,3.28,13.72,12.15,20日新高,5,2.01,1.2,抗住且相对强
2026-04-10,2026-04-13,芯片,300671.SZ,富满微,电子,4.71,8.82,13.99,20日新高,4,10.26,9.45,抗住且相对强
2026-04-10,2026-04-13,MCU芯片,300671.SZ,富满微,电子,4.71,8.82,13.99,20日新高,4,10.26,9.45,抗住且相对强
2026-04-10,2026-04-13,存储芯片,300671.SZ,富满微,电子,4.71,8.82,13.99,20日新高,4,10.26,9.45,抗住且相对强
2026-04-10,2026-04-13,半导体,300671.SZ,富满微,电子,4.71,8.82,13.99,20日新高,4,10.26,9.45,抗住且相对强
2026-04-10,2026-04-13,虚拟电厂,002364.SZ,中恒电气,电力设备,9.99,1.19,10.9,20日新高,4,9.99,8.77,抗住且相对强
2026-04-10,2026-04-13,储能,002364.SZ,中恒电气,电力设备,9.99,1.19,10.9,20日新高,4,9.99,8.77,抗住且相对强
2026-04-10,2026-04-13,高压快充,002364.SZ,中恒电气,电力设备,9.99,1.19,10.9,20日新高,4,9.99,8.77,抗住且相对强
2026-04-10,2026-04-13,氢能源,002364.SZ,中恒电气,电力设备,9.99,1.19,10.9,20日新高,4,9.99,8.77,抗住且相对强
2026-04-10,2026-04-13,钠离子电池,600482.SH,中国动力,电力设备,10.01,18.05,42.53,3年新高,5,1.88,0.66,抗住且相对强
2026-04-10,2026-04-13,固态电池,600482.SH,中国动力,电力设备,10.01,18.05,42.53,3年新高,5,1.88,0.66,抗住且相对强
2026-04-10,2026-04-13,氢能源,600482.SH,中国动力,电力设备,10.01,18.05,42.53,3年新高,5,1.88,0.66,抗住且相对强
2026-04-10,2026-04-13,储能,600482.SH,中国动力,电力设备,10.01,18.05,42.53,3年新高,5,1.88,0.66,抗住且相对强
2026-04-10,2026-04-13,燃料电池,600482.SH,中国动力,电力设备,10.01,18.05,42.53,3年新高,5,1.88,0.66,抗住且相对强
2026-04-10,2026-04-13,钠离子电池,002733.SZ,雄韬股份,电力设备,10.0,12.39,35.2,3年新高,6,1.98,0.76,抗住且相对强
2026-04-10,2026-04-13,固态电池,002733.SZ,雄韬股份,电力设备,10.0,12.39,35.2,3年新高,6,1.98,0.76,抗住且相对强
2026-04-10,2026-04-13,氢能源,002733.SZ,雄韬股份,电力设备,10.0,12.39,35.2,3年新高,6,1.98,0.76,抗住且相对强
2026-04-10,2026-04-13,储能,002733.SZ,雄韬股份,电力设备,10.0,12.39,35.2,3年新高,6,1.98,0.76,抗住且相对强
2026-04-10,2026-04-13,燃料电池,002733.SZ,雄韬股份,电力设备,10.0,12.39,35.2,3年新高,6,1.98,0.76,抗住且相对强
2026-04-10,2026-04-13,电池,002733.SZ,雄韬股份,电力设备,10.0,12.39,35.2,3年新高,6,1.98,0.76,抗住且相对强
2026-04-10,2026-04-13,钠离子电池,688275.SH,万润新能,电力设备,9.49,10.41,30.62,,4,1.68,0.46,抗住且相对强
2026-04-10,2026-04-13,储能,688275.SH,万润新能,电力设备,9.49,10.41,30.62,,4,1.68,0.46,抗住且相对强
2026-04-10,2026-04-13,电池,688275.SH,万润新能,电力设备,9.49,10.41,30.62,,4,1.68,0.46,抗住且相对强
2026-04-10,2026-04-13,固态电池,688275.SH,万润新能,电力设备,9.49,10.41,30.62,,4,1.68,0.46,抗住且相对强
2026-04-10,2026-04-13,存储芯片,300390.SZ,天华新能,电力设备,10.16,69.79,84.88,3年新高,5,17.42,16.2,抗住且相对强
2026-04-10,2026-04-13,固态电池,300390.SZ,天华新能,电力设备,10.16,69.79,84.88,3年新高,5,17.42,16.2,抗住且相对强
2026-04-10,2026-04-13,储能,300390.SZ,天华新能,电力设备,10.16,69.79,84.88,3年新高,5,17.42,16.2,抗住且相对强
2026-04-10,2026-04-13,芯片,300390.SZ,天华新能,电力设备,10.16,69.79,84.88,3年新高,5,17.42,16.2,抗住且相对强
2026-04-10,2026-04-13,电池,300390.SZ,天华新能,电力设备,10.16,69.79,84.88,3年新高,5,17.42,16.2,抗住且相对强
2026-04-10,2026-04-13,光伏设备,605117.SH,德业股份,电力设备,10.0,17.77,42.15,,3,5.26,4.04,抗住且相对强
2026-04-10,2026-04-13,储能,605117.SH,德业股份,电力设备,10.0,17.77,42.15,,3,5.26,4.04,抗住且相对强
2026-04-10,2026-04-13,光伏,605117.SH,德业股份,电力设备,10.0,17.77,42.15,,3,5.26,4.04,抗住且相对强
2026-04-10,2026-04-13,光伏,600884.SH,杉杉股份,电力设备,5.79,22.68,27.57,20日新高,5,2.43,1.21,抗住且相对强
2026-04-10,2026-04-13,钠离子电池,600884.SH,杉杉股份,电力设备,5.79,22.68,27.57,20日新高,5,2.43,1.21,抗住且相对强
2026-04-10,2026-04-13,固态电池,600884.SH,杉杉股份,电力设备,5.79,22.68,27.57,20日新高,5,2.43,1.21,抗住且相对强
2026-04-10,2026-04-13,储能,600884.SH,杉杉股份,电力设备,5.79,22.68,27.57,20日新高,5,2.43,1.21,抗住且相对强
2026-04-10,2026-04-13,电池,600884.SH,杉杉股份,电力设备,5.79,22.68,27.57,20日新高,5,2.43,1.21,抗住且相对强
2026-04-10,2026-04-13,钠离子电池,002245.SZ,蔚蓝锂芯,电力设备,2.41,24.44,11.91,20日新高,6,1.41,0.19,抗住且相对强
2026-04-10,2026-04-13,固态电池,002245.SZ,蔚蓝锂芯,电力设备,2.41,24.44,11.91,20日新高,6,1.41,0.19,抗住且相对强
2026-04-10,2026-04-13,储能,002245.SZ,蔚蓝锂芯,电力设备,2.41,24.44,11.91,20日新高,6,1.41,0.19,抗住且相对强
2026-04-10,2026-04-13,锂电池,002245.SZ,蔚蓝锂芯,电力设备,2.41,24.44,11.91,20日新高,6,1.41,0.19,抗住且相对强
2026-04-10,2026-04-13,芯片,002245.SZ,蔚蓝锂芯,电力设备,2.41,24.44,11.91,20日新高,6,1.41,0.19,抗住且相对强
2026-04-10,2026-04-13,电池,002245.SZ,蔚蓝锂芯,电力设备,2.41,24.44,11.91,20日新高,6,1.41,0.19,抗住且相对强
2026-04-10,2026-04-13,燃料电池,002534.SZ,西子洁能,电力设备,5.36,4.72,11.64,,3,2.91,1.69,抗住且相对强
2026-04-10,2026-04-13,储能,002534.SZ,西子洁能,电力设备,5.36,4.72,11.64,,3,2.91,1.69,抗住且相对强
2026-04-10,2026-04-13,光伏,002534.SZ,西子洁能,电力设备,5.36,4.72,11.64,,3,2.91,1.69,抗住且相对强
2026-04-10,2026-04-13,钠离子电池,002074.SZ,国轩高科,电力设备,10.01,40.36,63.59,,6,1.78,0.56,抗住且相对强
2026-04-10,2026-04-13,高压快充,002074.SZ,国轩高科,电力设备,10.01,40.36,63.59,,6,1.78,0.56,抗住且相对强
2026-04-10,2026-04-13,固态电池,002074.SZ,国轩高科,电力设备,10.01,40.36,63.59,,6,1.78,0.56,抗住且相对强
2026-04-10,2026-04-13,储能,002074.SZ,国轩高科,电力设备,10.01,40.36,63.59,,6,1.78,0.56,抗住且相对强
2026-04-10,2026-04-13,锂电池,002074.SZ,国轩高科,电力设备,10.01,40.36,63.59,,6,1.78,0.56,抗住且相对强
2026-04-10,2026-04-13,电池,002074.SZ,国轩高科,电力设备,10.01,40.36,63.59,,6,1.78,0.56,抗住且相对强
2026-04-10,2026-04-13,钠离子电池,002580.SZ,圣阳股份,电力设备,10.03,34.65,59.04,,5,10.01,8.79,抗住且相对强
2026-04-10,2026-04-13,固态电池,002580.SZ,圣阳股份,电力设备,10.03,34.65,59.04,,5,10.01,8.79,抗住且相对强
2026-04-10,2026-04-13,液冷服务器,002580.SZ,圣阳股份,电力设备,10.03,34.65,59.04,,5,10.01,8.79,抗住且相对强
2026-04-10,2026-04-13,储能,002580.SZ,圣阳股份,电力设备,10.03,34.65,59.04,,5,10.01,8.79,抗住且相对强
2026-04-10,2026-04-13,电池,002580.SZ,圣阳股份,电力设备,10.03,34.65,59.04,,5,10.01,8.79,抗住且相对强
2026-04-10,2026-04-13,光伏,300450.SZ,先导智能,电力设备,4.04,36.69,24.47,20日新高,7,1.72,0.5,抗住且相对强
2026-04-10,2026-04-13,钠离子电池,300450.SZ,先导智能,电力设备,4.04,36.69,24.47,20日新高,7,1.72,0.5,抗住且相对强
2026-04-10,2026-04-13,固态电池,300450.SZ,先导智能,电力设备,4.04,36.69,24.47,20日新高,7,1.72,0.5,抗住且相对强
2026-04-10,2026-04-13,氢能源,300450.SZ,先导智能,电力设备,4.04,36.69,24.47,20日新高,7,1.72,0.5,抗住且相对强
2026-04-10,2026-04-13,储能,300450.SZ,先导智能,电力设备,4.04,36.69,24.47,20日新高,7,1.72,0.5,抗住且相对强
2026-04-10,2026-04-13,燃料电池,300450.SZ,先导智能,电力设备,4.04,36.69,24.47,20日新高,7,1.72,0.5,抗住且相对强
2026-04-10,2026-04-13,电池,300450.SZ,先导智能,电力设备,4.04,36.69,24.47,20日新高,7,1.72,0.5,抗住且相对强
2026-04-10,2026-04-13,钠离子电池,300014.SZ,亿纬锂能,电力设备,6.1,73.67,52.36,,7,1.36,0.14,抗住且相对强
2026-04-10,2026-04-13,固态电池,300014.SZ,亿纬锂能,电力设备,6.1,73.67,52.36,,7,1.36,0.14,抗住且相对强
2026-04-10,2026-04-13,氢能源,300014.SZ,亿纬锂能,电力设备,6.1,73.67,52.36,,7,1.36,0.14,抗住且相对强
2026-04-10,2026-04-13,储能,300014.SZ,亿纬锂能,电力设备,6.1,73.67,52.36,,7,1.36,0.14,抗住且相对强
2026-04-10,2026-04-13,锂电池,300014.SZ,亿纬锂能,电力设备,6.1,73.67,52.36,,7,1.36,0.14,抗住且相对强
2026-04-10,2026-04-13,燃料电池,300014.SZ,亿纬锂能,电力设备,6.1,73.67,52.36,,7,1.36,0.14,抗住且相对强
2026-04-10,2026-04-13,电池,300014.SZ,亿纬锂能,电力设备,6.1,73.67,52.36,,7,1.36,0.14,抗住且相对强
2026-04-10,2026-04-13,钠离子电池,300919.SZ,中伟新材,电力设备,2.6,13.68,9.62,,4,3.79,2.57,抗住且相对强
2026-04-10,2026-04-13,储能,300919.SZ,中伟新材,电力设备,2.6,13.68,9.62,,4,3.79,2.57,抗住且相对强
2026-04-10,2026-04-13,电池,300919.SZ,中伟新材,电力设备,2.6,13.68,9.62,,4,3.79,2.57,抗住且相对强
2026-04-10,2026-04-13,固态电池,300919.SZ,中伟新材,电力设备,2.6,13.68,9.62,,4,3.79,2.57,抗住且相对强
2026-04-10,2026-04-13,光伏,688499.SH,利元亨,电力设备,5.72,3.11,10.09,,7,2.15,0.93,抗住且相对强
2026-04-10,2026-04-13,钠离子电池,688499.SH,利元亨,电力设备,5.72,3.11,10.09,,7,2.15,0.93,抗住且相对强
2026-04-10,2026-04-13,固态电池,688499.SH,利元亨,电力设备,5.72,3.11,10.09,,7,2.15,0.93,抗住且相对强
2026-04-10,2026-04-13,氢能源,688499.SH,利元亨,电力设备,5.72,3.11,10.09,,7,2.15,0.93,抗住且相对强
2026-04-10,2026-04-13,储能,688499.SH,利元亨,电力设备,5.72,3.11,10.09,,7,2.15,0.93,抗住且相对强
2026-04-10,2026-04-13,燃料电池,688499.SH,利元亨,电力设备,5.72,3.11,10.09,,7,2.15,0.93,抗住且相对强
2026-04-10,2026-04-13,电池,688499.SH,利元亨,电力设备,5.72,3.11,10.09,,7,2.15,0.93,抗住且相对强
2026-04-10,2026-04-13,虚拟电厂,300438.SZ,鹏辉能源,电力设备,7.1,29.92,38.84,,7,4.04,2.82,抗住且相对强
2026-04-10,2026-04-13,钠离子电池,300438.SZ,鹏辉能源,电力设备,7.1,29.92,38.84,,7,4.04,2.82,抗住且相对强
2026-04-10,2026-04-13,固态电池,300438.SZ,鹏辉能源,电力设备,7.1,29.92,38.84,,7,4.04,2.82,抗住且相对强
2026-04-10,2026-04-13,储能,300438.SZ,鹏辉能源,电力设备,7.1,29.92,38.84,,7,4.04,2.82,抗住且相对强
2026-04-10,2026-04-13,锂电池,300438.SZ,鹏辉能源,电力设备,7.1,29.92,38.84,,7,4.04,2.82,抗住且相对强
2026-04-10,2026-04-13,燃料电池,300438.SZ,鹏辉能源,电力设备,7.1,29.92,38.84,,7,4.04,2.82,抗住且相对强
2026-04-10,2026-04-13,电池,300438.SZ,鹏辉能源,电力设备,7.1,29.92,38.84,,7,4.04,2.82,抗住且相对强
2026-04-10,2026-04-13,钠离子电池,603659.SH,璞泰来,电力设备,5.45,30.29,29.99,,6,2.91,1.69,抗住且相对强
2026-04-10,2026-04-13,固态电池,603659.SH,璞泰来,电力设备,5.45,30.29,29.99,,6,2.91,1.69,抗住且相对强
2026-04-10,2026-04-13,氢能源,603659.SH,璞泰来,电力设备,5.45,30.29,29.99,,6,2.91,1.69,抗住且相对强
2026-04-10,2026-04-13,储能,603659.SH,璞泰来,电力设备,5.45,30.29,29.99,,6,2.91,1.69,抗住且相对强
2026-04-10,2026-04-13,芯片,603659.SH,璞泰来,电力设备,5.45,30.29,29.99,,6,2.91,1.69,抗住且相对强
2026-04-10,2026-04-13,电池,603659.SH,璞泰来,电力设备,5.45,30.29,29.99,,6,2.91,1.69,抗住且相对强
2026-04-10,2026-04-13,储能,300769.SZ,德方纳米,电力设备,5.84,14.2,22.01,,3,2.16,0.94,抗住且相对强
2026-04-10,2026-04-13,电池,300769.SZ,德方纳米,电力设备,5.84,14.2,22.01,,3,2.16,0.94,抗住且相对强
2026-04-10,2026-04-13,固态电池,300769.SZ,德方纳米,电力设备,5.84,14.2,22.01,,3,2.16,0.94,抗住且相对强
2026-04-10,2026-04-13,光伏设备,688717.SH,艾罗能源,电力设备,7.07,15.53,27.86,,4,2.97,1.75,抗住且相对强
2026-04-10,2026-04-13,储能,688717.SH,艾罗能源,电力设备,7.07,15.53,27.86,,4,2.97,1.75,抗住且相对强
2026-04-10,2026-04-13,虚拟电厂,688717.SH,艾罗能源,电力设备,7.07,15.53,27.86,,4,2.97,1.75,抗住且相对强
2026-04-10,2026-04-13,光伏,688717.SH,艾罗能源,电力设备,7.07,15.53,27.86,,4,2.97,1.75,抗住且相对强
2026-04-10,2026-04-13,钠离子电池,601311.SH,骆驼股份,电力设备,5.17,6.46,13.14,60日新高,6,1.5,0.28,抗住且相对强
2026-04-10,2026-04-13,固态电池,601311.SH,骆驼股份,电力设备,5.17,6.46,13.14,60日新高,6,1.5,0.28,抗住且相对强
2026-04-10,2026-04-13,氢能源,601311.SH,骆驼股份,电力设备,5.17,6.46,13.14,60日新高,6,1.5,0.28,抗住且相对强
2026-04-10,2026-04-13,储能,601311.SH,骆驼股份,电力设备,5.17,6.46,13.14,60日新高,6,1.5,0.28,抗住且相对强
2026-04-10,2026-04-13,燃料电池,601311.SH,骆驼股份,电力设备,5.17,6.46,13.14,60日新高,6,1.5,0.28,抗住且相对强
2026-04-10,2026-04-13,电池,601311.SH,骆驼股份,电力设备,5.17,6.46,13.14,60日新高,6,1.5,0.28,抗住且相对强
2026-04-10,2026-04-13,虚拟电厂,300490.SZ,华自科技,电力设备,2.98,4.71,6.47,,6,4.2,2.98,抗住且相对强
2026-04-10,2026-04-13,光伏,300490.SZ,华自科技,电力设备,2.98,4.71,6.47,,6,4.2,2.98,抗住且相对强
2026-04-10,2026-04-13,钠离子电池,300490.SZ,华自科技,电力设备,2.98,4.71,6.47,,6,4.2,2.98,抗住且相对强
2026-04-10,2026-04-13,高压快充,300490.SZ,华自科技,电力设备,2.98,4.71,6.47,,6,4.2,2.98,抗住且相对强
2026-04-10,2026-04-13,固态电池,300490.SZ,华自科技,电力设备,2.98,4.71,6.47,,6,4.2,2.98,抗住且相对强
2026-04-10,2026-04-13,储能,300490.SZ,华自科技,电力设备,2.98,4.71,6.47,,6,4.2,2.98,抗住且相对强
2026-04-10,2026-04-13,钠离子电池,002340.SZ,格林美,电力设备,1.89,13.32,6.9,,6,1.24,0.02,抗住且相对强
2026-04-10,2026-04-13,固态电池,002340.SZ,格林美,电力设备,1.89,13.32,6.9,,6,1.24,0.02,抗住且相对强
2026-04-10,2026-04-13,氢能源,002340.SZ,格林美,电力设备,1.89,13.32,6.9,,6,1.24,0.02,抗住且相对强
2026-04-10,2026-04-13,储能,002340.SZ,格林美,电力设备,1.89,13.32,6.9,,6,1.24,0.02,抗住且相对强
2026-04-10,2026-04-13,燃料电池,002340.SZ,格林美,电力设备,1.89,13.32,6.9,,6,1.24,0.02,抗住且相对强
2026-04-10,2026-04-13,电池,002340.SZ,格林美,电力设备,1.89,13.32,6.9,,6,1.24,0.02,抗住且相对强
2026-04-10,2026-04-13,钠离子电池,688063.SH,派能科技,电力设备,3.52,10.17,11.23,,5,1.47,0.25,抗住且相对强
2026-04-10,2026-04-13,固态电池,688063.SH,派能科技,电力设备,3.52,10.17,11.23,,5,1.47,0.25,抗住且相对强
2026-04-10,2026-04-13,储能,688063.SH,派能科技,电力设备,3.52,10.17,11.23,,5,1.47,0.25,抗住且相对强
2026-04-10,2026-04-13,锂电池,688063.SH,派能科技,电力设备,3.52,10.17,11.23,,5,1.47,0.25,抗住且相对强
2026-04-10,2026-04-13,电池,688063.SH,派能科技,电力设备,3.52,10.17,11.23,,5,1.47,0.25,抗住且相对强
2026-04-10,2026-04-13,钠离子电池,300750.SZ,宁德时代,电力设备,6.67,207.52,96.09,,5,2.68,1.46,抗住且相对强
2026-04-10,2026-04-13,固态电池,300750.SZ,宁德时代,电力设备,6.67,207.52,96.09,,5,2.68,1.46,抗住且相对强
2026-04-10,2026-04-13,储能,300750.SZ,宁德时代,电力设备,6.67,207.52,96.09,,5,2.68,1.46,抗住且相对强
2026-04-10,2026-04-13,锂电池,300750.SZ,宁德时代,电力设备,6.67,207.52,96.09,,5,2.68,1.46,抗住且相对强
2026-04-10,2026-04-13,电池,300750.SZ,宁德时代,电力设备,6.67,207.52,96.09,,5,2.68,1.46,抗住且相对强
2026-04-10,2026-04-13,虚拟电厂,300274.SZ,阳光电源,电力设备,5.65,136.83,66.09,,5,2.64,1.42,抗住且相对强
2026-04-10,2026-04-13,光伏设备,300274.SZ,阳光电源,电力设备,5.65,136.83,66.09,,5,2.64,1.42,抗住且相对强
2026-04-10,2026-04-13,光伏,300274.SZ,阳光电源,电力设备,5.65,136.83,66.09,,5,2.64,1.42,抗住且相对强
2026-04-10,2026-04-13,氢能源,300274.SZ,阳光电源,电力设备,5.65,136.83,66.09,,5,2.64,1.42,抗住且相对强
2026-04-10,2026-04-13,储能,300274.SZ,阳光电源,电力设备,5.65,136.83,66.09,,5,2.64,1.42,抗住且相对强
2026-04-10,2026-04-13,储能,688411.SH,海博思创,电力设备,3.13,12.46,11.05,,3,1.6,0.38,抗住且相对强
2026-04-10,2026-04-13,钠离子电池,688411.SH,海博思创,电力设备,3.13,12.46,11.05,,3,1.6,0.38,抗住且相对强
2026-04-10,2026-04-13,固态电池,688411.SH,海博思创,电力设备,3.13,12.46,11.05,,3,1.6,0.38,抗住且相对强
2026-04-10,2026-04-13,光伏设备,300763.SZ,锦浪科技,电力设备,3.22,26.63,16.62,,4,1.4,0.18,抗住且相对强
2026-04-10,2026-04-13,储能,300763.SZ,锦浪科技,电力设备,3.22,26.63,16.62,,4,1.4,0.18,抗住且相对强
2026-04-10,2026-04-13,芯片,300763.SZ,锦浪科技,电力设备,3.22,26.63,16.62,,4,1.4,0.18,抗住且相对强
2026-04-10,2026-04-13,光伏,300763.SZ,锦浪科技,电力设备,3.22,26.63,16.62,,4,1.4,0.18,抗住且相对强
2026-04-10,2026-04-13,钠离子电池,688353.SH,华盛锂电,电力设备,3.28,8.85,9.76,,4,3.3,2.08,抗住且相对强
2026-04-10,2026-04-13,储能,688353.SH,华盛锂电,电力设备,3.28,8.85,9.76,,4,3.3,2.08,抗住且相对强
2026-04-10,2026-04-13,电池,688353.SH,华盛锂电,电力设备,3.28,8.85,9.76,,4,3.3,2.08,抗住且相对强
2026-04-10,2026-04-13,固态电池,688353.SH,华盛锂电,电力设备,3.28,8.85,9.76,,4,3.3,2.08,抗住且相对强
2026-04-10,2026-04-13,光伏设备,688390.SH,固德威,电力设备,4.55,11.83,15.65,,4,4.54,3.32,抗住且相对强
2026-04-10,2026-04-13,储能,688390.SH,固德威,电力设备,4.55,11.83,15.65,,4,4.54,3.32,抗住且相对强
2026-04-10,2026-04-13,虚拟电厂,688390.SH,固德威,电力设备,4.55,11.83,15.65,,4,4.54,3.32,抗住且相对强
2026-04-10,2026-04-13,光伏,688390.SH,固德威,电力设备,4.55,11.83,15.65,,4,4.54,3.32,抗住且相对强
2026-04-10,2026-04-13,存储芯片,603459.SH,红板科技,电子,9.57,27.24,49.95,,5,14.05,13.24,抗住且相对强
2026-04-10,2026-04-13,元件,603459.SH,红板科技,电子,9.57,27.24,49.95,,5,14.05,13.24,抗住且相对强
2026-04-10,2026-04-13,共封装光学(CPO),603459.SH,红板科技,电子,9.57,27.24,49.95,,5,14.05,13.24,抗住且相对强
2026-04-10,2026-04-13,华为手机,603459.SH,红板科技,电子,9.57,27.24,49.95,,5,14.05,13.24,抗住且相对强
2026-04-10,2026-04-13,芯片,603459.SH,红板科技,电子,9.57,27.24,49.95,,5,14.05,13.24,抗住且相对强
2026-04-10,2026-04-13,芯片,002916.SZ,深南电路,电子,7.83,59.55,60.42,,3,2.54,1.73,抗住且相对强
2026-04-10,2026-04-13,元件,002916.SZ,深南电路,电子,7.83,59.55,60.42,,3,2.54,1.73,抗住且相对强
2026-04-10,2026-04-13,存储芯片,002916.SZ,深南电路,电子,7.83,59.55,60.42,,3,2.54,1.73,抗住且相对强
2026-04-10,2026-04-13,芯片,600183.SH,生益科技,电子,3.4,36.81,20.63,,4,3.69,2.88,抗住且相对强
2026-04-10,2026-04-13,元件,600183.SH,生益科技,电子,3.4,36.81,20.63,,4,3.69,2.88,抗住且相对强
2026-04-10,2026-04-13,存储芯片,600183.SH,生益科技,电子,3.4,36.81,20.63,,4,3.69,2.88,抗住且相对强
2026-04-10,2026-04-13,共封装光学(CPO),600183.SH,生益科技,电子,3.4,36.81,20.63,,4,3.69,2.88,抗住且相对强
2026-04-10,2026-04-13,元件,688183.SH,生益电子,电子,7.09,31.57,39.84,20日新高,2,11.26,10.45,抗住且相对强
2026-04-10,2026-04-13,共封装光学(CPO),688183.SH,生益电子,电子,7.09,31.57,39.84,20日新高,2,11.26,10.45,抗住且相对强
2026-04-10,2026-04-13,芯片,002436.SZ,兴森科技,电子,3.89,24.6,19.29,,4,9.98,9.17,抗住且相对强
2026-04-10,2026-04-13,元件,002436.SZ,兴森科技,电子,3.89,24.6,19.29,,4,9.98,9.17,抗住且相对强
2026-04-10,2026-04-13,存储芯片,002436.SZ,兴森科技,电子,3.89,24.6,19.29,,4,9.98,9.17,抗住且相对强
2026-04-10,2026-04-13,共封装光学(CPO),002436.SZ,兴森科技,电子,3.89,24.6,19.29,,4,9.98,9.17,抗住且相对强
2026-04-10,2026-04-13,元件,688519.SH,南亚新材,电子,2.08,11.63,7.09,,3,4.1,3.29,抗住且相对强
2026-04-10,2026-04-13,存储芯片,688519.SH,南亚新材,电子,2.08,11.63,7.09,,3,4.1,3.29,抗住且相对强
2026-04-10,2026-04-13,共封装光学(CPO),688519.SH,南亚新材,电子,2.08,11.63,7.09,,3,4.1,3.29,抗住且相对强
2026-04-10,2026-04-13,燃料电池,300408.SZ,三环集团,电子,1.78,18.81,7.72,20日新高,3,3.15,2.34,抗住且相对强
2026-04-10,2026-04-13,元件,300408.SZ,三环集团,电子,1.78,18.81,7.72,20日新高,3,3.15,2.34,抗住且相对强
2026-04-10,2026-04-13,共封装光学(CPO),300408.SZ,三环集团,电子,1.78,18.81,7.72,20日新高,3,3.15,2.34,抗住且相对强
2026-04-10,2026-04-13,半导体,688478.SH,晶升股份,电子,20.0,3.73,38.63,20日新高,4,4.43,3.62,抗住且相对强
2026-04-10,2026-04-13,芯片,688478.SH,晶升股份,电子,20.0,3.73,38.63,20日新高,4,4.43,3.62,抗住且相对强
2026-04-10,2026-04-13,存储芯片,688478.SH,晶升股份,电子,20.0,3.73,38.63,20日新高,4,4.43,3.62,抗住且相对强
2026-04-10,2026-04-13,光伏,688478.SH,晶升股份,电子,20.0,3.73,38.63,20日新高,4,4.43,3.62,抗住且相对强
2026-04-10,2026-04-13,芯片,301319.SZ,唯特偶,电子,4.67,3.63,8.9,20日新高,2,1.92,1.11,抗住且相对强
2026-04-10,2026-04-13,光伏,301319.SZ,唯特偶,电子,4.67,3.63,8.9,20日新高,2,1.92,1.11,抗住且相对强
2026-04-10,2026-04-13,光伏设备,001269.SZ,欧晶科技,电力设备,10.01,1.04,10.21,,3,2.8,1.58,抗住且相对强
2026-04-10,2026-04-13,芯片,001269.SZ,欧晶科技,电力设备,10.01,1.04,10.21,,3,2.8,1.58,抗住且相对强
2026-04-10,2026-04-13,光伏,001269.SZ,欧晶科技,电力设备,10.01,1.04,10.21,,3,2.8,1.58,抗住且相对强
2026-04-10,2026-04-13,光伏设备,600537.SH,*ST亿晶,电力设备,10.0,8.4,28.98,20日新高,2,3.44,2.22,抗住且相对强
2026-04-10,2026-04-13,光伏,600537.SH,*ST亿晶,电力设备,10.0,8.4,28.98,20日新高,2,3.44,2.22,抗住且相对强
2026-04-10,2026-04-13,光伏设备,300724.SZ,捷佳伟创,电力设备,2.16,17.23,8.97,,3,1.44,0.22,抗住且相对强
2026-04-10,2026-04-13,芯片,300724.SZ,捷佳伟创,电力设备,2.16,17.23,8.97,,3,1.44,0.22,抗住且相对强
2026-04-10,2026-04-13,光伏,300724.SZ,捷佳伟创,电力设备,2.16,17.23,8.97,,3,1.44,0.22,抗住且相对强
2026-04-10,2026-04-13,芯片,603773.SH,沃格光电,电子,9.99,13.03,36.06,,3,1.99,1.18,抗住且相对强
2026-04-10,2026-04-13,存储芯片,603773.SH,沃格光电,电子,9.99,13.03,36.06,,3,1.99,1.18,抗住且相对强
2026-04-10,2026-04-13,共封装光学(CPO),603773.SH,沃格光电,电子,9.99,13.03,36.06,,3,1.99,1.18,抗住且相对强
2026-04-10,2026-04-13,液冷服务器,300308.SZ,中际旭创,通信,6.01,238.43,92.8,历史新高,3,0.46,0.71,抗住且相对强
2026-04-10,2026-04-13,芯片,300308.SZ,中际旭创,通信,6.01,238.43,92.8,历史新高,3,0.46,0.71,抗住且相对强
2026-04-10,2026-04-13,共封装光学(CPO),300308.SZ,中际旭创,通信,6.01,238.43,92.8,历史新高,3,0.46,0.71,抗住且相对强
2026-04-10,2026-04-13,可控核聚变,600105.SH,永鼎股份,通信,9.99,84.24,91.69,历史新高,3,1.57,1.82,抗住且相对强
2026-04-10,2026-04-13,芯片,600105.SH,永鼎股份,通信,9.99,84.24,91.69,历史新高,3,1.57,1.82,抗住且相对强
2026-04-10,2026-04-13,共封装光学(CPO),600105.SH,永鼎股份,通信,9.99,84.24,91.69,历史新高,3,1.57,1.82,抗住且相对强
2026-04-10,2026-04-13,共封装光学(CPO),002222.SZ,福晶科技,电子,4.64,38.06,28.63,历史新高,1,1.08,0.27,抗住且相对强
2026-04-10,2026-04-13,半导体,688498.SH,源杰科技,电子,8.58,46.6,58.57,历史新高,3,3.34,2.53,抗住且相对强
2026-04-10,2026-04-13,芯片,688498.SH,源杰科技,电子,8.58,46.6,58.57,历史新高,3,3.34,2.53,抗住且相对强
2026-04-10,2026-04-13,共封装光学(CPO),688498.SH,源杰科技,电子,8.58,46.6,58.57,历史新高,3,3.34,2.53,抗住且相对强
2026-04-10,2026-04-13,液冷服务器,301419.SZ,阿莱德,通信,5.83,5.3,13.42,2年新高,3,3.53,3.78,抗住且相对强
2026-04-10,2026-04-13,存储芯片,301419.SZ,阿莱德,通信,5.83,5.3,13.42,2年新高,3,3.53,3.78,抗住且相对强
2026-04-10,2026-04-13,共封装光学(CPO),301419.SZ,阿莱德,通信,5.83,5.3,13.42,2年新高,3,3.53,3.78,抗住且相对强
2026-04-10,2026-04-13,半导体,688048.SH,长光华芯,电子,4.06,50.56,28.87,历史新高,4,6.9,6.09,抗住且相对强
2026-04-10,2026-04-13,可控核聚变,688048.SH,长光华芯,电子,4.06,50.56,28.87,历史新高,4,6.9,6.09,抗住且相对强
2026-04-10,2026-04-13,芯片,688048.SH,长光华芯,电子,4.06,50.56,28.87,历史新高,4,6.9,6.09,抗住且相对强
2026-04-10,2026-04-13,共封装光学(CPO),688048.SH,长光华芯,电子,4.06,50.56,28.87,历史新高,4,6.9,6.09,抗住且相对强
2026-04-10,2026-04-13,芯片,300285.SZ,国瓷材料,电子,3.07,13.17,11.14,,4,4.17,3.36,抗住且相对强
2026-04-10,2026-04-13,氢能源,300285.SZ,国瓷材料,电子,3.07,13.17,11.14,,4,4.17,3.36,抗住且相对强
2026-04-10,2026-04-13,固态电池,300285.SZ,国瓷材料,电子,3.07,13.17,11.14,,4,4.17,3.36,抗住且相对强
2026-04-10,2026-04-13,共封装光学(CPO),300285.SZ,国瓷材料,电子,3.07,13.17,11.14,,4,4.17,3.36,抗住且相对强
2026-04-10,2026-04-13,芯片,688693.SH,锴威特,电子,3.32,7.39,9.03,2年新高,2,4.34,3.53,抗住且相对强
2026-04-10,2026-04-13,半导体,688693.SH,锴威特,电子,3.32,7.39,9.03,2年新高,2,4.34,3.53,抗住且相对强
2026-04-10,2026-04-13,芯片,300782.SZ,卓胜微,电子,2.42,37.08,14.74,1年新高,2,2.16,1.35,抗住且相对强
2026-04-10,2026-04-13,半导体,300782.SZ,卓胜微,电子,2.42,37.08,14.74,1年新高,2,2.16,1.35,抗住且相对强
2026-04-10,2026-04-13,芯片,002213.SZ,大为股份,电子,4.18,22.85,19.98,60日新高,3,2.21,1.4,抗住且相对强
2026-04-10,2026-04-13,存储芯片,002213.SZ,大为股份,电子,4.18,22.85,19.98,60日新高,3,2.21,1.4,抗住且相对强
2026-04-10,2026-04-13,半导体,002213.SZ,大为股份,电子,4.18,22.85,19.98,60日新高,3,2.21,1.4,抗住且相对强
2026-04-10,2026-04-13,芯片,688008.SH,澜起科技,电子,3.13,57.81,23.8,,3,6.11,5.3,抗住且相对强
2026-04-10,2026-04-13,存储芯片,688008.SH,澜起科技,电子,3.13,57.81,23.8,,3,6.11,5.3,抗住且相对强
2026-04-10,2026-04-13,半导体,688008.SH,澜起科技,电子,3.13,57.81,23.8,,3,6.11,5.3,抗住且相对强
2026-04-10,2026-04-13,芯片,688148.SH,芳源股份,电力设备,5.41,2.11,7.86,,3,3.96,2.74,抗住且相对强
2026-04-10,2026-04-13,电池,688148.SH,芳源股份,电力设备,5.41,2.11,7.86,,3,3.96,2.74,抗住且相对强
2026-04-10,2026-04-13,固态电池,688148.SH,芳源股份,电力设备,5.41,2.11,7.86,,3,3.96,2.74,抗住且相对强
2026-04-10,2026-04-13,钠离子电池,301487.SZ,盟固利,电力设备,3.71,3.91,7.34,,3,2.02,0.8,抗住且相对强
2026-04-10,2026-04-13,电池,301487.SZ,盟固利,电力设备,3.71,3.91,7.34,,3,2.02,0.8,抗住且相对强
2026-04-10,2026-04-13,固态电池,301487.SZ,盟固利,电力设备,3.71,3.91,7.34,,3,2.02,0.8,抗住且相对强
2026-04-10,2026-04-13,钠离子电池,301292.SZ,海科新源,电力设备,5.0,25.49,25.24,,3,4.16,2.94,抗住且相对强
2026-04-10,2026-04-13,电池,301292.SZ,海科新源,电力设备,5.0,25.49,25.24,,3,4.16,2.94,抗住且相对强
2026-04-10,2026-04-13,固态电池,301292.SZ,海科新源,电力设备,5.0,25.49,25.24,,3,4.16,2.94,抗住且相对强
2026-04-10,2026-04-13,消费电子,301189.SZ,奥尼电子,电子,14.82,5.64,35.2,3年新高,2,4.66,3.85,抗住且相对强
2026-04-10,2026-04-13,英伟达,301189.SZ,奥尼电子,电子,14.82,5.64,35.2,3年新高,2,4.66,3.85,抗住且相对强
2026-04-10,2026-04-13,英伟达,688322.SH,奥比中光-W,电子,3.92,5.96,9.57,20日新高,2,2.14,1.33,抗住且相对强
2026-04-10,2026-04-13,芯片,688322.SH,奥比中光-W,电子,3.92,5.96,9.57,20日新高,2,2.14,1.33,抗住且相对强
2026-04-14,2026-04-15,半导体,688270.SH,ST臻镭,电子,11.07,37.81,68.07,20日新高,4,1.22,2.05,抗住且相对强
2026-04-14,2026-04-15,6G,688270.SH,ST臻镭,电子,11.07,37.81,68.07,20日新高,4,1.22,2.05,抗住且相对强
2026-04-14,2026-04-15,芯片,688270.SH,ST臻镭,电子,11.07,37.81,68.07,20日新高,4,1.22,2.05,抗住且相对强
2026-04-14,2026-04-15,共封装光学(CPO),688270.SH,ST臻镭,电子,11.07,37.81,68.07,20日新高,4,1.22,2.05,抗住且相对强
2026-04-14,2026-04-15,6G,688418.SH,震有科技,通信,11.92,7.63,32.93,20日新高,1,-1.26,0.08,补跌但相对强
2026-04-14,2026-04-15,6G,688387.SH,信科移动-U,通信,11.32,21.96,53.05,20日新高,2,2.24,3.58,抗住且相对强
2026-04-14,2026-04-15,芯片,688387.SH,信科移动-U,通信,11.32,21.96,53.05,20日新高,2,2.24,3.58,抗住且相对强
2026-04-14,2026-04-15,AI眼镜,300136.SZ,信维通信,电子,7.92,73.99,68.13,,4,-0.1,0.73,补跌但相对强
2026-04-14,2026-04-15,消费电子,300136.SZ,信维通信,电子,7.92,73.99,68.13,,4,-0.1,0.73,补跌但相对强
2026-04-14,2026-04-15,6G,300136.SZ,信维通信,电子,7.92,73.99,68.13,,4,-0.1,0.73,补跌但相对强
2026-04-14,2026-04-15,芯片,300136.SZ,信维通信,电子,7.92,73.99,68.13,,4,-0.1,0.73,补跌但相对强
2026-04-14,2026-04-15,6G,603220.SH,中贝通信,通信,4.56,15.69,18.06,20日新高,2,2.91,4.25,抗住且相对强
2026-04-14,2026-04-15,共封装光学(CPO),603220.SH,中贝通信,通信,4.56,15.69,18.06,20日新高,2,2.91,4.25,抗住且相对强
2026-04-14,2026-04-15,存储芯片,001309.SZ,德明利,电子,3.98,101.64,40.13,历史新高,5,0.11,0.94,抗住且相对强
2026-04-14,2026-04-15,半导体,001309.SZ,德明利,电子,3.98,101.64,40.13,历史新高,5,0.11,0.94,抗住且相对强
2026-04-14,2026-04-15,共封装光学(CPO),001309.SZ,德明利,电子,3.98,101.64,40.13,历史新高,5,0.11,0.94,抗住且相对强
2026-04-14,2026-04-15,芯片,001309.SZ,德明利,电子,3.98,101.64,40.13,历史新高,5,0.11,0.94,抗住且相对强
2026-04-14,2026-04-15,AI PC,001309.SZ,德明利,电子,3.98,101.64,40.13,历史新高,5,0.11,0.94,抗住且相对强
2026-04-14,2026-04-15,AI眼镜,603890.SH,春秋电子,电子,8.62,12.2,30.11,60日新高,3,9.99,10.82,抗住且相对强
2026-04-14,2026-04-15,消费电子,603890.SH,春秋电子,电子,8.62,12.2,30.11,60日新高,3,9.99,10.82,抗住且相对强
2026-04-14,2026-04-15,AI PC,603890.SH,春秋电子,电子,8.62,12.2,30.11,60日新高,3,9.99,10.82,抗住且相对强
2026-04-14,2026-04-15,存储芯片,002156.SZ,通富微电,电子,2.41,33.43,13.93,,6,0.51,1.34,抗住且相对强
2026-04-14,2026-04-15,半导体,002156.SZ,通富微电,电子,2.41,33.43,13.93,,6,0.51,1.34,抗住且相对强
2026-04-14,2026-04-15,共封装光学(CPO),002156.SZ,通富微电,电子,2.41,33.43,13.93,,6,0.51,1.34,抗住且相对强
2026-04-14,2026-04-15,芯片,002156.SZ,通富微电,电子,2.41,33.43,13.93,,6,0.51,1.34,抗住且相对强
2026-04-14,2026-04-15,先进封装,002156.SZ,通富微电,电子,2.41,33.43,13.93,,6,0.51,1.34,抗住且相对强
2026-04-14,2026-04-15,AI PC,002156.SZ,通富微电,电子,2.41,33.43,13.93,,6,0.51,1.34,抗住且相对强
2026-04-14,2026-04-15,芯片,688110.SH,东芯股份,电子,2.45,17.13,10.14,,4,-0.67,0.16,补跌但相对强
2026-04-14,2026-04-15,存储芯片,688110.SH,东芯股份,电子,2.45,17.13,10.14,,4,-0.67,0.16,补跌但相对强
2026-04-14,2026-04-15,AI PC,688110.SH,东芯股份,电子,2.45,17.13,10.14,,4,-0.67,0.16,补跌但相对强
2026-04-14,2026-04-15,半导体,688110.SH,东芯股份,电子,2.45,17.13,10.14,,4,-0.67,0.16,补跌但相对强
2026-04-14,2026-04-15,AI眼镜,688521.SH,芯原股份,电子,2.65,66.05,21.54,,6,3.56,4.39,抗住且相对强
2026-04-14,2026-04-15,先进封装,688521.SH,芯原股份,电子,2.65,66.05,21.54,,6,3.56,4.39,抗住且相对强
2026-04-14,2026-04-15,半导体,688521.SH,芯原股份,电子,2.65,66.05,21.54,,6,3.56,4.39,抗住且相对强
2026-04-14,2026-04-15,芯片,688521.SH,芯原股份,电子,2.65,66.05,21.54,,6,3.56,4.39,抗住且相对强
2026-04-14,2026-04-15,AI手机,688521.SH,芯原股份,电子,2.65,66.05,21.54,,6,3.56,4.39,抗住且相对强
2026-04-14,2026-04-15,MCU芯片,688521.SH,芯原股份,电子,2.65,66.05,21.54,,6,3.56,4.39,抗住且相对强
2026-04-14,2026-04-15,AI眼镜,300868.SZ,杰美特,电子,7.54,5.43,17.57,3年新高,2,4.11,4.94,抗住且相对强
2026-04-14,2026-04-15,消费电子,300868.SZ,杰美特,电子,7.54,5.43,17.57,3年新高,2,4.11,4.94,抗住且相对强
2026-04-14,2026-04-15,AI眼镜,002980.SZ,华盛昌,电力设备,10.0,10.33,32.14,历史新高,2,9.98,10.54,抗住且相对强
2026-04-14,2026-04-15,共封装光学(CPO),002980.SZ,华盛昌,电力设备,10.0,10.33,32.14,历史新高,2,9.98,10.54,抗住且相对强
2026-04-14,2026-04-15,消费电子,002475.SZ,立讯精密,电子,0.92,144.87,11.07,60日新高,6,-0.61,0.22,补跌但相对强
2026-04-14,2026-04-15,MR(混合现实),002475.SZ,立讯精密,电子,0.92,144.87,11.07,60日新高,6,-0.61,0.22,补跌但相对强
2026-04-14,2026-04-15,AI眼镜,002475.SZ,立讯精密,电子,0.92,144.87,11.07,60日新高,6,-0.61,0.22,补跌但相对强
2026-04-14,2026-04-15,共封装光学(CPO),002475.SZ,立讯精密,电子,0.92,144.87,11.07,60日新高,6,-0.61,0.22,补跌但相对强
2026-04-14,2026-04-15,液冷服务器,002475.SZ,立讯精密,电子,0.92,144.87,11.07,60日新高,6,-0.61,0.22,补跌但相对强
2026-04-14,2026-04-15,芯片,002475.SZ,立讯精密,电子,0.92,144.87,11.07,60日新高,6,-0.61,0.22,补跌但相对强
2026-04-14,2026-04-15,消费电子,300857.SZ,协创数据,电子,20.0,42.21,129.94,,6,12.46,13.29,抗住且相对强
2026-04-14,2026-04-15,存储芯片,300857.SZ,协创数据,电子,20.0,42.21,129.94,,6,12.46,13.29,抗住且相对强
2026-04-14,2026-04-15,AI眼镜,300857.SZ,协创数据,电子,20.0,42.21,129.94,,6,12.46,13.29,抗住且相对强
2026-04-14,2026-04-15,英伟达,300857.SZ,协创数据,电子,20.0,42.21,129.94,,6,12.46,13.29,抗住且相对强
2026-04-14,2026-04-15,共封装光学(CPO),300857.SZ,协创数据,电子,20.0,42.21,129.94,,6,12.46,13.29,抗住且相对强
2026-04-14,2026-04-15,芯片,300857.SZ,协创数据,电子,20.0,42.21,129.94,,6,12.46,13.29,抗住且相对强
2026-04-14,2026-04-15,AI眼镜,300632.SZ,光莆股份,电子,7.81,8.89,23.29,60日新高,5,1.12,1.95,抗住且相对强
2026-04-14,2026-04-15,共封装光学(CPO),300632.SZ,光莆股份,电子,7.81,8.89,23.29,60日新高,5,1.12,1.95,抗住且相对强
2026-04-14,2026-04-15,芯片,300632.SZ,光莆股份,电子,7.81,8.89,23.29,60日新高,5,1.12,1.95,抗住且相对强
2026-04-14,2026-04-15,PCB,300632.SZ,光莆股份,电子,7.81,8.89,23.29,60日新高,5,1.12,1.95,抗住且相对强
2026-04-14,2026-04-15,先进封装,300632.SZ,光莆股份,电子,7.81,8.89,23.29,60日新高,5,1.12,1.95,抗住且相对强
2026-04-14,2026-04-15,先进封装,688362.SH,甬矽电子,电子,5.21,8.49,15.18,20日新高,4,-0.27,0.56,补跌但相对强
2026-04-14,2026-04-15,MCU芯片,688362.SH,甬矽电子,电子,5.21,8.49,15.18,20日新高,4,-0.27,0.56,补跌但相对强
2026-04-14,2026-04-15,芯片,688362.SH,甬矽电子,电子,5.21,8.49,15.18,20日新高,4,-0.27,0.56,补跌但相对强
2026-04-14,2026-04-15,半导体,688362.SH,甬矽电子,电子,5.21,8.49,15.18,20日新高,4,-0.27,0.56,补跌但相对强
2026-04-14,2026-04-15,MCU芯片,688047.SH,龙芯中科,电子,2.83,12.65,10.07,,3,-0.14,0.69,补跌但相对强
2026-04-14,2026-04-15,芯片,688047.SH,龙芯中科,电子,2.83,12.65,10.07,,3,-0.14,0.69,补跌但相对强
2026-04-14,2026-04-15,半导体,688047.SH,龙芯中科,电子,2.83,12.65,10.07,,3,-0.14,0.69,补跌但相对强
2026-04-14,2026-04-15,虚拟电厂,002929.SZ,润建股份,通信,4.98,21.72,23.21,1年新高,2,-0.79,0.55,补跌但相对强
2026-04-14,2026-04-15,MR(混合现实),002929.SZ,润建股份,通信,4.98,21.72,23.21,1年新高,2,-0.79,0.55,补跌但相对强
2026-04-14,2026-04-15,元件,688655.SH,迅捷兴,电子,16.08,7.11,42.88,历史新高,3,5.38,6.21,抗住且相对强
2026-04-14,2026-04-15,PCB,688655.SH,迅捷兴,电子,16.08,7.11,42.88,历史新高,3,5.38,6.21,抗住且相对强
2026-04-14,2026-04-15,共封装光学(CPO),688655.SH,迅捷兴,电子,16.08,7.11,42.88,历史新高,3,5.38,6.21,抗住且相对强
2026-04-14,2026-04-15,存储芯片,688519.SH,南亚新材,电子,11.95,14.91,46.14,,4,2.12,2.95,抗住且相对强
2026-04-14,2026-04-15,元件,688519.SH,南亚新材,电子,11.95,14.91,46.14,,4,2.12,2.95,抗住且相对强
2026-04-14,2026-04-15,PCB,688519.SH,南亚新材,电子,11.95,14.91,46.14,,4,2.12,2.95,抗住且相对强
2026-04-14,2026-04-15,共封装光学(CPO),688519.SH,南亚新材,电子,11.95,14.91,46.14,,4,2.12,2.95,抗住且相对强
2026-04-14,2026-04-15,存储芯片,600183.SH,生益科技,电子,5.28,53.06,38.46,20日新高,6,0.12,0.95,抗住且相对强
2026-04-14,2026-04-15,元件,600183.SH,生益科技,电子,5.28,53.06,38.46,20日新高,6,0.12,0.95,抗住且相对强
2026-04-14,2026-04-15,共封装光学(CPO),600183.SH,生益科技,电子,5.28,53.06,38.46,20日新高,6,0.12,0.95,抗住且相对强
2026-04-14,2026-04-15,PCB,600183.SH,生益科技,电子,5.28,53.06,38.46,20日新高,6,0.12,0.95,抗住且相对强
2026-04-14,2026-04-15,芯片,600183.SH,生益科技,电子,5.28,53.06,38.46,20日新高,6,0.12,0.95,抗住且相对强
2026-04-14,2026-04-15,先进封装,600183.SH,生益科技,电子,5.28,53.06,38.46,20日新高,6,0.12,0.95,抗住且相对强
2026-04-14,2026-04-15,英伟达,603002.SH,宏昌电子,电子,10.01,7.78,27.92,历史新高,4,0.16,0.99,抗住且相对强
2026-04-14,2026-04-15,芯片,603002.SH,宏昌电子,电子,10.01,7.78,27.92,历史新高,4,0.16,0.99,抗住且相对强
2026-04-14,2026-04-15,先进封装,603002.SH,宏昌电子,电子,10.01,7.78,27.92,历史新高,4,0.16,0.99,抗住且相对强
2026-04-14,2026-04-15,PCB,603002.SH,宏昌电子,电子,10.01,7.78,27.92,历史新高,4,0.16,0.99,抗住且相对强
2026-04-14,2026-04-15,存储芯片,300903.SZ,科翔股份,电子,13.68,18.84,59.38,,7,5.19,6.02,抗住且相对强
2026-04-14,2026-04-15,钠离子电池,300903.SZ,科翔股份,电子,13.68,18.84,59.38,,7,5.19,6.02,抗住且相对强
2026-04-14,2026-04-15,元件,300903.SZ,科翔股份,电子,13.68,18.84,59.38,,7,5.19,6.02,抗住且相对强
2026-04-14,2026-04-15,共封装光学(CPO),300903.SZ,科翔股份,电子,13.68,18.84,59.38,,7,5.19,6.02,抗住且相对强
2026-04-14,2026-04-15,PCB,300903.SZ,科翔股份,电子,13.68,18.84,59.38,,7,5.19,6.02,抗住且相对强
2026-04-14,2026-04-15,芯片,300903.SZ,科翔股份,电子,13.68,18.84,59.38,,7,5.19,6.02,抗住且相对强
2026-04-14,2026-04-15,先进封装,300903.SZ,科翔股份,电子,13.68,18.84,59.38,,7,5.19,6.02,抗住且相对强
2026-04-14,2026-04-15,芯片,603175.SH,超颖电子,电子,4.61,5.62,10.93,,4,-0.61,0.22,补跌但相对强
2026-04-14,2026-04-15,存储芯片,603175.SH,超颖电子,电子,4.61,5.62,10.93,,4,-0.61,0.22,补跌但相对强
2026-04-14,2026-04-15,元件,603175.SH,超颖电子,电子,4.61,5.62,10.93,,4,-0.61,0.22,补跌但相对强
2026-04-14,2026-04-15,PCB,603175.SH,超颖电子,电子,4.61,5.62,10.93,,4,-0.61,0.22,补跌但相对强
2026-04-14,2026-04-15,芯片,300283.SZ,温州宏丰,电力设备,4.93,7.09,13.13,3年新高,2,-0.44,0.12,补跌但相对强
2026-04-14,2026-04-15,PCB,300283.SZ,温州宏丰,电力设备,4.93,7.09,13.13,3年新高,2,-0.44,0.12,补跌但相对强
2026-04-14,2026-04-15,存储芯片,688733.SH,壹石通,电力设备,6.48,3.24,11.66,,6,1.02,1.58,抗住且相对强
2026-04-14,2026-04-15,钠离子电池,688733.SH,壹石通,电力设备,6.48,3.24,11.66,,6,1.02,1.58,抗住且相对强
2026-04-14,2026-04-15,芯片,688733.SH,壹石通,电力设备,6.48,3.24,11.66,,6,1.02,1.58,抗住且相对强
2026-04-14,2026-04-15,PCB,688733.SH,壹石通,电力设备,6.48,3.24,11.66,,6,1.02,1.58,抗住且相对强
2026-04-14,2026-04-15,燃料电池,688733.SH,壹石通,电力设备,6.48,3.24,11.66,,6,1.02,1.58,抗住且相对强
2026-04-14,2026-04-15,先进封装,688733.SH,壹石通,电力设备,6.48,3.24,11.66,,6,1.02,1.58,抗住且相对强
2026-04-14,2026-04-15,PCB,688388.SH,嘉元科技,电力设备,3.8,14.41,14.42,20日新高,2,1.14,1.7,抗住且相对强
2026-04-14,2026-04-15,共封装光学(CPO),688388.SH,嘉元科技,电力设备,3.8,14.41,14.42,20日新高,2,1.14,1.7,抗住且相对强
2026-04-14,2026-04-15,元件,002484.SZ,江海股份,电子,8.94,30.69,49.53,20日新高,2,1.8,2.63,抗住且相对强
2026-04-14,2026-04-15,可控核聚变,002484.SZ,江海股份,电子,8.94,30.69,49.53,20日新高,2,1.8,2.63,抗住且相对强
2026-04-14,2026-04-15,燃料电池,300408.SZ,三环集团,电子,5.06,28.68,27.1,历史新高,3,1.1,1.93,抗住且相对强
2026-04-14,2026-04-15,元件,300408.SZ,三环集团,电子,5.06,28.68,27.1,历史新高,3,1.1,1.93,抗住且相对强
2026-04-14,2026-04-15,共封装光学(CPO),300408.SZ,三环集团,电子,5.06,28.68,27.1,历史新高,3,1.1,1.93,抗住且相对强
2026-04-14,2026-04-15,先进封装,688256.SH,寒武纪,电子,1.83,94.13,17.75,,3,2.58,3.41,抗住且相对强
2026-04-14,2026-04-15,芯片,688256.SH,寒武纪,电子,1.83,94.13,17.75,,3,2.58,3.41,抗住且相对强
2026-04-14,2026-04-15,半导体,688256.SH,寒武纪,电子,1.83,94.13,17.75,,3,2.58,3.41,抗住且相对强
2026-04-14,2026-04-15,芯片,300548.SZ,长芯博创,通信,2.83,56.23,21.22,历史新高,2,2.35,3.69,抗住且相对强
2026-04-14,2026-04-15,共封装光学(CPO),300548.SZ,长芯博创,通信,2.83,56.23,21.22,历史新高,2,2.35,3.69,抗住且相对强
2026-04-14,2026-04-15,半导体,688048.SH,长光华芯,电子,12.93,58.52,98.91,历史新高,4,1.21,2.04,抗住且相对强
2026-04-14,2026-04-15,可控核聚变,688048.SH,长光华芯,电子,12.93,58.52,98.91,历史新高,4,1.21,2.04,抗住且相对强
2026-04-14,2026-04-15,芯片,688048.SH,长光华芯,电子,12.93,58.52,98.91,历史新高,4,1.21,2.04,抗住且相对强
2026-04-14,2026-04-15,共封装光学(CPO),688048.SH,长光华芯,电子,12.93,58.52,98.91,历史新高,4,1.21,2.04,抗住且相对强
2026-04-14,2026-04-15,液冷服务器,300308.SZ,中际旭创,通信,4.74,224.76,71.06,历史新高,3,0.9,2.24,抗住且相对强
2026-04-14,2026-04-15,芯片,300308.SZ,中际旭创,通信,4.74,224.76,71.06,历史新高,3,0.9,2.24,抗住且相对强
2026-04-14,2026-04-15,共封装光学(CPO),300308.SZ,中际旭创,通信,4.74,224.76,71.06,历史新高,3,0.9,2.24,抗住且相对强
2026-04-14,2026-04-15,芯片,301205.SZ,联特科技,通信,3.04,34.09,17.75,20日新高,2,0.79,2.13,抗住且相对强
2026-04-14,2026-04-15,共封装光学(CPO),301205.SZ,联特科技,通信,3.04,34.09,17.75,20日新高,2,0.79,2.13,抗住且相对强
2026-04-14,2026-04-15,液冷服务器,603083.SH,剑桥科技,通信,1.72,43.71,11.37,20日新高,2,4.29,5.63,抗住且相对强
2026-04-14,2026-04-15,共封装光学(CPO),603083.SH,剑桥科技,通信,1.72,43.71,11.37,20日新高,2,4.29,5.63,抗住且相对强
2026-04-14,2026-04-15,芯片,300604.SZ,长川科技,电子,3.35,31.05,18.67,20日新高,3,0.99,1.82,抗住且相对强
2026-04-14,2026-04-15,存储芯片,300604.SZ,长川科技,电子,3.35,31.05,18.67,20日新高,3,0.99,1.82,抗住且相对强
2026-04-14,2026-04-15,半导体,300604.SZ,长川科技,电子,3.35,31.05,18.67,20日新高,3,0.99,1.82,抗住且相对强
2026-04-14,2026-04-15,芯片,688809.SH,强一股份,电子,5.38,12.39,18.94,20日新高,3,0.88,1.71,抗住且相对强
2026-04-14,2026-04-15,存储芯片,688809.SH,强一股份,电子,5.38,12.39,18.94,20日新高,3,0.88,1.71,抗住且相对强
2026-04-14,2026-04-15,半导体,688809.SH,强一股份,电子,5.38,12.39,18.94,20日新高,3,0.88,1.71,抗住且相对强
2026-04-14,2026-04-15,芯片,688347.SH,华虹公司,电子,2.98,18.9,12.96,,3,0.63,1.46,抗住且相对强
2026-04-14,2026-04-15,存储芯片,688347.SH,华虹公司,电子,2.98,18.9,12.96,,3,0.63,1.46,抗住且相对强
2026-04-14,2026-04-15,半导体,688347.SH,华虹公司,电子,2.98,18.9,12.96,,3,0.63,1.46,抗住且相对强
2026-04-14,2026-04-15,存储芯片,688106.SH,金宏气体,电子,7.64,14.12,28.71,,5,-0.68,0.15,补跌但相对强
2026-04-14,2026-04-15,可控核聚变,688106.SH,金宏气体,电子,7.64,14.12,28.71,,5,-0.68,0.15,补跌但相对强
2026-04-14,2026-04-15,氢能源,688106.SH,金宏气体,电子,7.64,14.12,28.71,,5,-0.68,0.15,补跌但相对强
2026-04-14,2026-04-15,芯片,688106.SH,金宏气体,电子,7.64,14.12,28.71,,5,-0.68,0.15,补跌但相对强
2026-04-14,2026-04-15,燃料电池,688106.SH,金宏气体,电子,7.64,14.12,28.71,,5,-0.68,0.15,补跌但相对强
2026-04-14,2026-04-15,虚拟电厂,002364.SZ,中恒电气,电力设备,9.99,36.3,60.19,历史新高,2,2.14,2.7,抗住且相对强
2026-04-14,2026-04-15,氢能源,002364.SZ,中恒电气,电力设备,9.99,36.3,60.19,历史新高,2,2.14,2.7,抗住且相对强
2026-04-14,2026-04-15,氢能源,603063.SH,禾望电气,电力设备,7.46,18.91,32.44,60日新高,1,10.01,10.57,抗住且相对强
2026-04-14,2026-04-15,消费电子,301189.SZ,奥尼电子,电子,20.0,8.05,56.75,历史新高,2,20.0,20.83,抗住且相对强
2026-04-14,2026-04-15,英伟达,301189.SZ,奥尼电子,电子,20.0,8.05,56.75,历史新高,2,20.0,20.83,抗住且相对强
2026-04-14,2026-04-15,液冷服务器,603629.SH,利通电子,电子,10.0,24.95,49.95,历史新高,4,10.01,10.84,抗住且相对强
2026-04-14,2026-04-15,消费电子,603629.SH,利通电子,电子,10.0,24.95,49.95,历史新高,4,10.01,10.84,抗住且相对强
2026-04-14,2026-04-15,英伟达,603629.SH,利通电子,电子,10.0,24.95,49.95,历史新高,4,10.01,10.84,抗住且相对强
2026-04-14,2026-04-15,芯片,603629.SH,利通电子,电子,10.0,24.95,49.95,历史新高,4,10.01,10.84,抗住且相对强
2026-04-14,2026-04-15,液冷服务器,002580.SZ,圣阳股份,电力设备,10.01,39.26,62.72,历史新高,2,10.01,10.57,抗住且相对强
2026-04-14,2026-04-15,钠离子电池,002580.SZ,圣阳股份,电力设备,10.01,39.26,62.72,历史新高,2,10.01,10.57,抗住且相对强
2026-04-14,2026-04-15,液冷服务器,688668.SH,鼎通科技,通信,6.3,13.35,23.02,20日新高,2,0.87,2.21,抗住且相对强
2026-04-14,2026-04-15,英伟达,688668.SH,鼎通科技,通信,6.3,13.35,23.02,20日新高,2,0.87,2.21,抗住且相对强
2026-04-14,2026-04-15,液冷服务器,300442.SZ,润泽科技,通信,2.15,61.14,16.81,20日新高,1,-0.97,0.37,补跌但相对强
2026-04-14,2026-04-15,燃料电池,603026.SH,石大胜华,电力设备,10.0,14.01,37.43,60日新高,1,0.13,0.69,抗住且相对强
2026-04-14,2026-04-15,钠离子电池,600152.SH,维科技术,电力设备,9.99,11.03,33.18,3年新高,1,1.51,2.07,抗住且相对强
2026-04-15,2026-04-16,特高压,605222.SH,起帆电缆,电力设备,10.02,5.88,24.3,3年新高,2,3.14,0.72,抗住且相对强
2026-04-15,2026-04-16,电网设备,605222.SH,起帆电缆,电力设备,10.02,5.88,24.3,3年新高,2,3.14,0.72,抗住且相对强
2026-04-15,2026-04-16,特高压,001208.SZ,华菱线缆,电力设备,10.03,9.27,30.54,20日新高,2,3.74,1.32,抗住且相对强
2026-04-15,2026-04-16,电网设备,001208.SZ,华菱线缆,电力设备,10.03,9.27,30.54,20日新高,2,3.74,1.32,抗住且相对强
2026-04-15,2026-04-16,电网设备,603897.SH,长城科技,电力设备,7.28,9.41,22.33,3年新高,1,10.0,7.58,抗住且相对强
2026-04-16,2026-04-17,AI手机,002938.SZ,鹏鼎控股,电子,2.66,23.88,13.0,20日新高,1,1.84,0.31,抗住且相对强
2026-04-16,2026-04-17,TOPCON电池,688359.SH,三孚新科,电子,5.11,5.27,11.73,3年新高,1,4.16,2.63,抗住且相对强
2026-04-16,2026-04-17,TOPCON电池,688503.SH,聚和材料,电力设备,3.58,11.22,11.99,20日新高,1,1.98,2.01,抗住且相对强
2026-04-16,2026-04-17,TOPCON电池,688678.SH,福立旺,电子,10.86,9.48,33.44,60日新高,1,6.85,5.32,抗住且相对强
2026-04-16,2026-04-17,电池,002580.SZ,圣阳股份,电力设备,10.01,18.31,42.83,历史新高,1,10.0,10.03,抗住且相对强
2026-04-16,2026-04-17,电池,300390.SZ,天华新能,电力设备,11.37,88.71,107.09,3年新高,1,2.46,2.49,抗住且相对强
2026-04-16,2026-04-17,电池,300438.SZ,鹏辉能源,电力设备,9.05,44.44,60.33,3年新高,2,0.58,0.61,抗住且相对强
2026-04-16,2026-04-17,锂电池,300438.SZ,鹏辉能源,电力设备,9.05,44.44,60.33,3年新高,2,0.58,0.61,抗住且相对强
2026-04-16,2026-04-17,电池,603032.SH,德新科技,电力设备,9.98,6.79,26.01,60日新高,1,2.75,2.78,抗住且相对强
2026-04-16,2026-04-17,电池,603906.SH,龙蟠科技,电力设备,10.01,5.86,24.23,3年新高,1,3.75,3.78,抗住且相对强
2026-04-16,2026-04-17,电池,300953.SZ,震裕科技,电力设备,10.07,27.0,52.33,历史新高,2,0.29,0.32,抗住且相对强
2026-04-16,2026-04-17,锂电池,300953.SZ,震裕科技,电力设备,10.07,27.0,52.33,历史新高,2,0.29,0.32,抗住且相对强
2026-04-16,2026-04-17,电池,300410.SZ,正业科技,电力设备,7.24,5.82,17.47,20日新高,1,1.87,1.9,抗住且相对强
2026-04-16,2026-04-17,电池,300769.SZ,德方纳米,电力设备,4.13,12.55,14.63,60日新高,1,-0.02,0.01,补跌但相对强
2026-04-17,2026-04-20,共封装光学(CPO),603773.SH,沃格光电,电子,10.0,11.31,33.63,历史新高,5,10.0,8.44,抗住且相对强
2026-04-17,2026-04-20,芯片,603773.SH,沃格光电,电子,10.0,11.31,33.63,历史新高,5,10.0,8.44,抗住且相对强
2026-04-17,2026-04-20,先进封装,603773.SH,沃格光电,电子,10.0,11.31,33.63,历史新高,5,10.0,8.44,抗住且相对强
2026-04-17,2026-04-20,6G,603773.SH,沃格光电,电子,10.0,11.31,33.63,历史新高,5,10.0,8.44,抗住且相对强
2026-04-17,2026-04-20,光学光电子,603773.SH,沃格光电,电子,10.0,11.31,33.63,历史新高,5,10.0,8.44,抗住且相对强
2026-04-17,2026-04-20,元件,603738.SH,泰晶科技,电子,9.99,18.26,42.69,3年新高,4,4.47,2.91,抗住且相对强
2026-04-17,2026-04-20,6G,603738.SH,泰晶科技,电子,9.99,18.26,42.69,3年新高,4,4.47,2.91,抗住且相对强
2026-04-17,2026-04-20,芯片,603738.SH,泰晶科技,电子,9.99,18.26,42.69,3年新高,4,4.47,2.91,抗住且相对强
2026-04-17,2026-04-20,共封装光学(CPO),603738.SH,泰晶科技,电子,9.99,18.26,42.69,3年新高,4,4.47,2.91,抗住且相对强
2026-04-17,2026-04-20,通信设备,003031.SZ,中瓷电子,通信,10.0,15.88,39.85,历史新高,4,5.81,8.76,抗住且相对强
2026-04-17,2026-04-20,6G,003031.SZ,中瓷电子,通信,10.0,15.88,39.85,历史新高,4,5.81,8.76,抗住且相对强
2026-04-17,2026-04-20,芯片,003031.SZ,中瓷电子,通信,10.0,15.88,39.85,历史新高,4,5.81,8.76,抗住且相对强
2026-04-17,2026-04-20,共封装光学(CPO),003031.SZ,中瓷电子,通信,10.0,15.88,39.85,历史新高,4,5.81,8.76,抗住且相对强
2026-04-17,2026-04-20,6G,300136.SZ,信维通信,电子,7.32,88.53,68.87,20日新高,2,3.86,2.3,抗住且相对强
2026-04-17,2026-04-20,芯片,300136.SZ,信维通信,电子,7.32,88.53,68.87,20日新高,2,3.86,2.3,抗住且相对强
2026-04-17,2026-04-20,通信设备,603803.SH,瑞斯康达,通信,3.62,15.1,14.07,,4,-0.32,2.63,补跌但相对强
2026-04-17,2026-04-20,6G,603803.SH,瑞斯康达,通信,3.62,15.1,14.07,,4,-0.32,2.63,补跌但相对强
2026-04-17,2026-04-20,芯片,603803.SH,瑞斯康达,通信,3.62,15.1,14.07,,4,-0.32,2.63,补跌但相对强
2026-04-17,2026-04-20,共封装光学(CPO),603803.SH,瑞斯康达,通信,3.62,15.1,14.07,,4,-0.32,2.63,补跌但相对强
2026-04-17,2026-04-20,通信设备,002792.SZ,通宇通讯,通信,3.32,39.25,20.8,20日新高,3,3.65,6.6,抗住且相对强
2026-04-17,2026-04-20,6G,002792.SZ,通宇通讯,通信,3.32,39.25,20.8,20日新高,3,3.65,6.6,抗住且相对强
2026-04-17,2026-04-20,共封装光学(CPO),002792.SZ,通宇通讯,通信,3.32,39.25,20.8,20日新高,3,3.65,6.6,抗住且相对强
2026-04-17,2026-04-20,芯片,300184.SZ,力源信息,电子,5.87,23.18,28.26,120日新高,4,2.53,0.97,抗住且相对强
2026-04-17,2026-04-20,6G,300184.SZ,力源信息,电子,5.87,23.18,28.26,120日新高,4,2.53,0.97,抗住且相对强
2026-04-17,2026-04-20,PCB,300184.SZ,力源信息,电子,5.87,23.18,28.26,120日新高,4,2.53,0.97,抗住且相对强
2026-04-17,2026-04-20,光伏,300184.SZ,力源信息,电子,5.87,23.18,28.26,120日新高,4,2.53,0.97,抗住且相对强
2026-04-17,2026-04-20,共封装光学(CPO),603118.SH,共进股份,通信,10.0,10.66,32.65,1年新高,6,-2.17,0.78,补跌但相对强
2026-04-17,2026-04-20,芯片,603118.SH,共进股份,通信,10.0,10.66,32.65,1年新高,6,-2.17,0.78,补跌但相对强
2026-04-17,2026-04-20,PCB,603118.SH,共进股份,通信,10.0,10.66,32.65,1年新高,6,-2.17,0.78,补跌但相对强
2026-04-17,2026-04-20,先进封装,603118.SH,共进股份,通信,10.0,10.66,32.65,1年新高,6,-2.17,0.78,补跌但相对强
2026-04-17,2026-04-20,通信设备,603118.SH,共进股份,通信,10.0,10.66,32.65,1年新高,6,-2.17,0.78,补跌但相对强
2026-04-17,2026-04-20,6G,603118.SH,共进股份,通信,10.0,10.66,32.65,1年新高,6,-2.17,0.78,补跌但相对强
2026-04-17,2026-04-20,共封装光学(CPO),002281.SZ,光迅科技,通信,10.0,71.17,84.36,历史新高,5,2.76,5.71,抗住且相对强
2026-04-17,2026-04-20,光纤,002281.SZ,光迅科技,通信,10.0,71.17,84.36,历史新高,5,2.76,5.71,抗住且相对强
2026-04-17,2026-04-20,芯片,002281.SZ,光迅科技,通信,10.0,71.17,84.36,历史新高,5,2.76,5.71,抗住且相对强
2026-04-17,2026-04-20,通信设备,002281.SZ,光迅科技,通信,10.0,71.17,84.36,历史新高,5,2.76,5.71,抗住且相对强
2026-04-17,2026-04-20,6G,002281.SZ,光迅科技,通信,10.0,71.17,84.36,历史新高,5,2.76,5.71,抗住且相对强
2026-04-17,2026-04-20,先进封装,300782.SZ,卓胜微,电子,2.45,32.61,13.99,1年新高,4,8.0,6.44,抗住且相对强
2026-04-17,2026-04-20,6G,300782.SZ,卓胜微,电子,2.45,32.61,13.99,1年新高,4,8.0,6.44,抗住且相对强
2026-04-17,2026-04-20,芯片,300782.SZ,卓胜微,电子,2.45,32.61,13.99,1年新高,4,8.0,6.44,抗住且相对强
2026-04-17,2026-04-20,半导体,300782.SZ,卓胜微,电子,2.45,32.61,13.99,1年新高,4,8.0,6.44,抗住且相对强
2026-04-17,2026-04-20,通信设备,002796.SZ,世嘉科技,通信,10.0,16.29,40.36,,3,4.59,7.54,抗住且相对强
2026-04-17,2026-04-20,6G,002796.SZ,世嘉科技,通信,10.0,16.29,40.36,,3,4.59,7.54,抗住且相对强
2026-04-17,2026-04-20,共封装光学(CPO),002796.SZ,世嘉科技,通信,10.0,16.29,40.36,,3,4.59,7.54,抗住且相对强
2026-04-17,2026-04-20,6G,000062.SZ,深圳华强,电子,3.98,25.73,20.19,120日新高,3,4.74,3.18,抗住且相对强
2026-04-17,2026-04-20,芯片,000062.SZ,深圳华强,电子,3.98,25.73,20.19,120日新高,3,4.74,3.18,抗住且相对强
2026-04-17,2026-04-20,共封装光学(CPO),000062.SZ,深圳华强,电子,3.98,25.73,20.19,120日新高,3,4.74,3.18,抗住且相对强
2026-04-17,2026-04-20,共封装光学(CPO),600487.SH,亨通光电,通信,4.72,115.81,50.79,,5,9.42,12.37,抗住且相对强
2026-04-17,2026-04-20,光纤,600487.SH,亨通光电,通信,4.72,115.81,50.79,,5,9.42,12.37,抗住且相对强
2026-04-17,2026-04-20,芯片,600487.SH,亨通光电,通信,4.72,115.81,50.79,,5,9.42,12.37,抗住且相对强
2026-04-17,2026-04-20,通信设备,600487.SH,亨通光电,通信,4.72,115.81,50.79,,5,9.42,12.37,抗住且相对强
2026-04-17,2026-04-20,6G,600487.SH,亨通光电,通信,4.72,115.81,50.79,,5,9.42,12.37,抗住且相对强
2026-04-17,2026-04-20,光伏,300476.SZ,胜宏科技,电子,7.55,215.82,110.92,60日新高,6,5.08,3.52,抗住且相对强
2026-04-17,2026-04-20,元件,300476.SZ,胜宏科技,电子,7.55,215.82,110.92,60日新高,6,5.08,3.52,抗住且相对强
2026-04-17,2026-04-20,共封装光学(CPO),300476.SZ,胜宏科技,电子,7.55,215.82,110.92,60日新高,6,5.08,3.52,抗住且相对强
2026-04-17,2026-04-20,PCB,300476.SZ,胜宏科技,电子,7.55,215.82,110.92,60日新高,6,5.08,3.52,抗住且相对强
2026-04-17,2026-04-20,芯片,300476.SZ,胜宏科技,电子,7.55,215.82,110.92,60日新高,6,5.08,3.52,抗住且相对强
2026-04-17,2026-04-20,AI PC,300476.SZ,胜宏科技,电子,7.55,215.82,110.92,60日新高,6,5.08,3.52,抗住且相对强
2026-04-17,2026-04-20,光伏,300776.SZ,帝尔激光,电力设备,20.0,18.88,86.9,20日新高,5,7.35,9.16,抗住且相对强
2026-04-17,2026-04-20,芯片,300776.SZ,帝尔激光,电力设备,20.0,18.88,86.9,20日新高,5,7.35,9.16,抗住且相对强
2026-04-17,2026-04-20,PCB,300776.SZ,帝尔激光,电力设备,20.0,18.88,86.9,20日新高,5,7.35,9.16,抗住且相对强
2026-04-17,2026-04-20,TOPCON电池,300776.SZ,帝尔激光,电力设备,20.0,18.88,86.9,20日新高,5,7.35,9.16,抗住且相对强
2026-04-17,2026-04-20,先进封装,300776.SZ,帝尔激光,电力设备,20.0,18.88,86.9,20日新高,5,7.35,9.16,抗住且相对强
2026-04-17,2026-04-20,PCB,301511.SZ,德福科技,电力设备,4.92,20.11,22.06,历史新高,2,5.13,6.94,抗住且相对强
2026-04-17,2026-04-20,共封装光学(CPO),301511.SZ,德福科技,电力设备,4.92,20.11,22.06,历史新高,2,5.13,6.94,抗住且相对强
2026-04-17,2026-04-20,芯片,600330.SH,天通股份,电子,10.03,8.2,28.72,历史新高,4,9.99,8.43,抗住且相对强
2026-04-17,2026-04-20,先进封装,600330.SH,天通股份,电子,10.03,8.2,28.72,历史新高,4,9.99,8.43,抗住且相对强
2026-04-17,2026-04-20,PCB,600330.SH,天通股份,电子,10.03,8.2,28.72,历史新高,4,9.99,8.43,抗住且相对强
2026-04-17,2026-04-20,光伏,600330.SH,天通股份,电子,10.03,8.2,28.72,历史新高,4,9.99,8.43,抗住且相对强
2026-04-17,2026-04-20,PCB,301217.SZ,铜冠铜箔,电力设备,3.3,21.62,15.34,20日新高,1,-1.58,0.23,补跌但相对强
2026-04-17,2026-04-20,芯片,002916.SZ,深南电路,电子,4.78,37.33,29.2,,4,1.61,0.05,抗住且相对强
2026-04-17,2026-04-20,先进封装,002916.SZ,深南电路,电子,4.78,37.33,29.2,,4,1.61,0.05,抗住且相对强
2026-04-17,2026-04-20,元件,002916.SZ,深南电路,电子,4.78,37.33,29.2,,4,1.61,0.05,抗住且相对强
2026-04-17,2026-04-20,PCB,002916.SZ,深南电路,电子,4.78,37.33,29.2,,4,1.61,0.05,抗住且相对强
2026-04-17,2026-04-20,TOPCON电池,300450.SZ,先导智能,电力设备,4.36,53.94,32.02,20日新高,3,1.25,3.06,抗住且相对强
2026-04-17,2026-04-20,PCB,300450.SZ,先导智能,电力设备,4.36,53.94,32.02,20日新高,3,1.25,3.06,抗住且相对强
2026-04-17,2026-04-20,光伏,300450.SZ,先导智能,电力设备,4.36,53.94,32.02,20日新高,3,1.25,3.06,抗住且相对强
2026-04-17,2026-04-20,PCB,002217.SZ,合力泰,电子,9.84,13.27,35.85,20日新高,2,10.07,8.51,抗住且相对强
2026-04-17,2026-04-20,光学光电子,002217.SZ,合力泰,电子,9.84,13.27,35.85,20日新高,2,10.07,8.51,抗住且相对强
2026-04-17,2026-04-20,TOPCON电池,688516.SH,奥特维,电力设备,4.42,13.25,16.09,,4,0.6,2.41,抗住且相对强
2026-04-17,2026-04-20,共封装光学(CPO),688516.SH,奥特维,电力设备,4.42,13.25,16.09,,4,0.6,2.41,抗住且相对强
2026-04-17,2026-04-20,芯片,688516.SH,奥特维,电力设备,4.42,13.25,16.09,,4,0.6,2.41,抗住且相对强
2026-04-17,2026-04-20,光伏,688516.SH,奥特维,电力设备,4.42,13.25,16.09,,4,0.6,2.41,抗住且相对强
2026-04-17,2026-04-20,TOPCON电池,603212.SH,赛伍技术,电力设备,5.89,3.91,11.65,,4,-0.58,1.23,补跌但相对强
2026-04-17,2026-04-20,先进封装,603212.SH,赛伍技术,电力设备,5.89,3.91,11.65,,4,-0.58,1.23,补跌但相对强
2026-04-17,2026-04-20,芯片,603212.SH,赛伍技术,电力设备,5.89,3.91,11.65,,4,-0.58,1.23,补跌但相对强
2026-04-17,2026-04-20,光伏,603212.SH,赛伍技术,电力设备,5.89,3.91,11.65,,4,-0.58,1.23,补跌但相对强
2026-04-17,2026-04-20,TOPCON电池,600151.SH,航天机电,电力设备,5.1,16.45,20.68,20日新高,2,2.53,4.34,抗住且相对强
2026-04-17,2026-04-20,光伏,600151.SH,航天机电,电力设备,5.1,16.45,20.68,20日新高,2,2.53,4.34,抗住且相对强
2026-04-17,2026-04-20,先进封装,301319.SZ,唯特偶,电子,20.0,9.08,60.27,历史新高,3,2.72,1.16,抗住且相对强
2026-04-17,2026-04-20,芯片,301319.SZ,唯特偶,电子,20.0,9.08,60.27,历史新高,3,2.72,1.16,抗住且相对强
2026-04-17,2026-04-20,光伏,301319.SZ,唯特偶,电子,20.0,9.08,60.27,历史新高,3,2.72,1.16,抗住且相对强
2026-04-17,2026-04-20,光伏,600703.SH,三安光电,电子,9.98,55.53,74.37,,5,2.32,0.76,抗住且相对强
2026-04-17,2026-04-20,共封装光学(CPO),600703.SH,三安光电,电子,9.98,55.53,74.37,,5,2.32,0.76,抗住且相对强
2026-04-17,2026-04-20,芯片,600703.SH,三安光电,电子,9.98,55.53,74.37,,5,2.32,0.76,抗住且相对强
2026-04-17,2026-04-20,先进封装,600703.SH,三安光电,电子,9.98,55.53,74.37,,5,2.32,0.76,抗住且相对强
2026-04-17,2026-04-20,光学光电子,600703.SH,三安光电,电子,9.98,55.53,74.37,,5,2.32,0.76,抗住且相对强
2026-04-17,2026-04-20,先进封装,688256.SH,寒武纪,电子,2.07,96.12,20.29,20日新高,3,3.31,1.75,抗住且相对强
2026-04-17,2026-04-20,芯片,688256.SH,寒武纪,电子,2.07,96.12,20.29,20日新高,3,3.31,1.75,抗住且相对强
2026-04-17,2026-04-20,半导体,688256.SH,寒武纪,电子,2.07,96.12,20.29,20日新高,3,3.31,1.75,抗住且相对强
2026-04-17,2026-04-20,半导体,600206.SH,有研新材,电子,4.3,13.51,15.81,20日新高,4,10.0,8.44,抗住且相对强
2026-04-17,2026-04-20,先进封装,600206.SH,有研新材,电子,4.3,13.51,15.81,20日新高,4,10.0,8.44,抗住且相对强
2026-04-17,2026-04-20,芯片,600206.SH,有研新材,电子,4.3,13.51,15.81,20日新高,4,10.0,8.44,抗住且相对强
2026-04-17,2026-04-20,光纤,600206.SH,有研新材,电子,4.3,13.51,15.81,20日新高,4,10.0,8.44,抗住且相对强
2026-04-17,2026-04-20,共封装光学(CPO),300394.SZ,天孚通信,通信,6.67,170.79,87.17,20日新高,4,-1.26,1.69,补跌但相对强
2026-04-17,2026-04-20,先进封装,300394.SZ,天孚通信,通信,6.67,170.79,87.17,20日新高,4,-1.26,1.69,补跌但相对强
2026-04-17,2026-04-20,通信设备,300394.SZ,天孚通信,通信,6.67,170.79,87.17,20日新高,4,-1.26,1.69,补跌但相对强
2026-04-17,2026-04-20,光纤,300394.SZ,天孚通信,通信,6.67,170.79,87.17,20日新高,4,-1.26,1.69,补跌但相对强
2026-04-17,2026-04-20,先进封装,300489.SZ,光智科技,电子,5.83,15.61,23.03,1年新高,2,7.16,5.6,抗住且相对强
2026-04-17,2026-04-20,光学光电子,300489.SZ,光智科技,电子,5.83,15.61,23.03,1年新高,2,7.16,5.6,抗住且相对强
2026-04-17,2026-04-20,共封装光学(CPO),002980.SZ,华盛昌,电力设备,10.0,13.72,37.04,历史新高,2,6.67,8.48,抗住且相对强
2026-04-17,2026-04-20,光伏,002980.SZ,华盛昌,电力设备,10.0,13.72,37.04,历史新高,2,6.67,8.48,抗住且相对强
2026-04-17,2026-04-20,光伏,603063.SH,禾望电气,电力设备,9.99,25.98,50.92,120日新高,1,0.74,2.55,抗住且相对强
2026-04-17,2026-04-20,共封装光学(CPO),688226.SH,威腾电气,电力设备,6.46,9.63,20.05,120日新高,2,-1.36,0.45,补跌但相对强
2026-04-17,2026-04-20,光伏,688226.SH,威腾电气,电力设备,6.46,9.63,20.05,120日新高,2,-1.36,0.45,补跌但相对强
2026-04-17,2026-04-20,光伏,300490.SZ,华自科技,电力设备,3.97,7.91,11.17,3年新高,1,0.24,2.05,抗住且相对强
2026-04-17,2026-04-20,光伏,605222.SH,起帆电缆,电力设备,6.73,7.34,18.23,3年新高,1,10.0,11.81,抗住且相对强
2026-04-17,2026-04-20,光学光电子,301002.SZ,崧盛股份,电力设备,7.23,4.27,14.94,20日新高,2,0.71,2.52,抗住且相对强
2026-04-17,2026-04-20,光伏,301002.SZ,崧盛股份,电力设备,7.23,4.27,14.94,20日新高,2,0.71,2.52,抗住且相对强
2026-04-17,2026-04-20,光伏,301012.SZ,扬电科技,电力设备,3.53,12.04,12.25,3年新高,1,5.27,7.08,抗住且相对强
2026-04-17,2026-04-20,光伏,601126.SH,四方股份,电力设备,3.51,16.52,14.27,20日新高,1,1.45,3.26,抗住且相对强
2026-04-17,2026-04-20,光伏,688499.SH,利元亨,电力设备,5.4,4.38,11.3,20日新高,1,0.93,2.74,抗住且相对强
2026-04-17,2026-04-20,光伏,600885.SH,宏发股份,电力设备,4.2,7.9,11.8,20日新高,1,0.88,2.69,抗住且相对强
2026-04-17,2026-04-20,芯片,300346.SZ,南大光电,电子,3.04,21.23,14.01,20日新高,2,2.2,0.64,抗住且相对强
2026-04-17,2026-04-20,光伏,300346.SZ,南大光电,电子,3.04,21.23,14.01,20日新高,2,2.2,0.64,抗住且相对强
2026-04-17,2026-04-20,芯片,688502.SH,茂莱光学,电子,16.33,12.51,57.76,20日新高,2,13.23,11.67,抗住且相对强
2026-04-17,2026-04-20,光学光电子,688502.SH,茂莱光学,电子,16.33,12.51,57.76,20日新高,2,13.23,11.67,抗住且相对强
2026-04-17,2026-04-20,光学光电子,600707.SH,彩虹股份,电子,10.03,9.06,30.19,1年新高,1,10.01,8.45,抗住且相对强
2026-04-17,2026-04-20,共封装光学(CPO),300323.SZ,华灿光电,电子,3.32,9.97,10.48,,3,6.24,4.68,抗住且相对强
2026-04-17,2026-04-20,芯片,300323.SZ,华灿光电,电子,3.32,9.97,10.48,,3,6.24,4.68,抗住且相对强
2026-04-17,2026-04-20,光学光电子,300323.SZ,华灿光电,电子,3.32,9.97,10.48,,3,6.24,4.68,抗住且相对强
2026-04-17,2026-04-20,光学光电子,002962.SZ,五方光电,电子,3.89,8.55,11.37,1年新高,1,4.21,2.65,抗住且相对强
2026-04-17,2026-04-20,通信设备,688668.SH,鼎通科技,通信,2.3,22.24,10.85,历史新高,2,-0.38,2.57,补跌但相对强
2026-04-17,2026-04-20,光纤,688668.SH,鼎通科技,通信,2.3,22.24,10.85,历史新高,2,-0.38,2.57,补跌但相对强
2026-04-17,2026-04-20,共封装光学(CPO),688313.SH,仕佳光子,通信,9.49,65.18,76.62,历史新高,4,-0.35,2.6,补跌但相对强
2026-04-17,2026-04-20,通信设备,688313.SH,仕佳光子,通信,9.49,65.18,76.62,历史新高,4,-0.35,2.6,补跌但相对强
2026-04-17,2026-04-20,芯片,688313.SH,仕佳光子,通信,9.49,65.18,76.62,历史新高,4,-0.35,2.6,补跌但相对强
2026-04-17,2026-04-20,光纤,688313.SH,仕佳光子,通信,9.49,65.18,76.62,历史新高,4,-0.35,2.6,补跌但相对强
2026-04-17,2026-04-20,共封装光学(CPO),300548.SZ,长芯博创,通信,7.79,59.46,60.07,历史新高,4,-1.41,1.54,补跌但相对强
2026-04-17,2026-04-20,通信设备,300548.SZ,长芯博创,通信,7.79,59.46,60.07,历史新高,4,-1.41,1.54,补跌但相对强
2026-04-17,2026-04-20,芯片,300548.SZ,长芯博创,通信,7.79,59.46,60.07,历史新高,4,-1.41,1.54,补跌但相对强
2026-04-17,2026-04-20,光纤,300548.SZ,长芯博创,通信,7.79,59.46,60.07,历史新高,4,-1.41,1.54,补跌但相对强
2026-04-17,2026-04-20,共封装光学(CPO),300570.SZ,太辰光,通信,4.98,47.55,34.34,20日新高,4,-2.67,0.28,补跌但相对强
2026-04-17,2026-04-20,通信设备,300570.SZ,太辰光,通信,4.98,47.55,34.34,20日新高,4,-2.67,0.28,补跌但相对强
2026-04-17,2026-04-20,芯片,300570.SZ,太辰光,通信,4.98,47.55,34.34,20日新高,4,-2.67,0.28,补跌但相对强
2026-04-17,2026-04-20,光纤,300570.SZ,太辰光,通信,4.98,47.55,34.34,20日新高,4,-2.67,0.28,补跌但相对强
2026-04-17,2026-04-20,共封装光学(CPO),688143.SH,长盈通,通信,8.25,13.28,30.06,历史新高,4,-0.52,2.43,补跌但相对强
2026-04-17,2026-04-20,通信设备,688143.SH,长盈通,通信,8.25,13.28,30.06,历史新高,4,-0.52,2.43,补跌但相对强
2026-04-17,2026-04-20,芯片,688143.SH,长盈通,通信,8.25,13.28,30.06,历史新高,4,-0.52,2.43,补跌但相对强
2026-04-17,2026-04-20,光纤,688143.SH,长盈通,通信,8.25,13.28,30.06,历史新高,4,-0.52,2.43,补跌但相对强
2026-04-17,2026-04-20,共封装光学(CPO),600105.SH,永鼎股份,通信,4.64,69.38,38.65,历史新高,4,1.21,4.16,抗住且相对强
2026-04-17,2026-04-20,通信设备,600105.SH,永鼎股份,通信,4.64,69.38,38.65,历史新高,4,1.21,4.16,抗住且相对强
2026-04-17,2026-04-20,芯片,600105.SH,永鼎股份,通信,4.64,69.38,38.65,历史新高,4,1.21,4.16,抗住且相对强
2026-04-17,2026-04-20,光纤,600105.SH,永鼎股份,通信,4.64,69.38,38.65,历史新高,4,1.21,4.16,抗住且相对强
2026-04-17,2026-04-20,共封装光学(CPO),300620.SZ,光库科技,通信,8.99,68.01,74.14,历史新高,4,-0.36,2.59,补跌但相对强
2026-04-17,2026-04-20,通信设备,300620.SZ,光库科技,通信,8.99,68.01,74.14,历史新高,4,-0.36,2.59,补跌但相对强
2026-04-17,2026-04-20,芯片,300620.SZ,光库科技,通信,8.99,68.01,74.14,历史新高,4,-0.36,2.59,补跌但相对强
2026-04-17,2026-04-20,光纤,300620.SZ,光库科技,通信,8.99,68.01,74.14,历史新高,4,-0.36,2.59,补跌但相对强
2026-04-17,2026-04-20,通信设备,603083.SH,剑桥科技,通信,10.0,33.83,58.16,历史新高,2,4.82,7.77,抗住且相对强
2026-04-17,2026-04-20,共封装光学(CPO),603083.SH,剑桥科技,通信,10.0,33.83,58.16,历史新高,2,4.82,7.77,抗住且相对强
2026-04-17,2026-04-20,芯片,603052.SH,可川科技,电子,10.0,9.12,30.2,历史新高,2,10.01,8.45,抗住且相对强
2026-04-17,2026-04-20,共封装光学(CPO),603052.SH,可川科技,电子,10.0,9.12,30.2,历史新高,2,10.01,8.45,抗住且相对强
2026-04-17,2026-04-20,通信设备,301205.SZ,联特科技,通信,7.81,31.71,43.98,历史新高,3,-1.77,1.18,补跌但相对强
2026-04-17,2026-04-20,芯片,301205.SZ,联特科技,通信,7.81,31.71,43.98,历史新高,3,-1.77,1.18,补跌但相对强
2026-04-17,2026-04-20,共封装光学(CPO),301205.SZ,联特科技,通信,7.81,31.71,43.98,历史新高,3,-1.77,1.18,补跌但相对强
2026-04-17,2026-04-20,通信设备,300308.SZ,中际旭创,通信,5.11,336.3,93.71,历史新高,3,-0.12,2.83,补跌但相对强
2026-04-17,2026-04-20,芯片,300308.SZ,中际旭创,通信,5.11,336.3,93.71,历史新高,3,-0.12,2.83,补跌但相对强
2026-04-17,2026-04-20,共封装光学(CPO),300308.SZ,中际旭创,通信,5.11,336.3,93.71,历史新高,3,-0.12,2.83,补跌但相对强
2026-04-17,2026-04-20,芯片,601231.SH,环旭电子,电子,5.88,26.85,30.47,20日新高,2,5.45,3.89,抗住且相对强
2026-04-17,2026-04-20,共封装光学(CPO),601231.SH,环旭电子,电子,5.88,26.85,30.47,20日新高,2,5.45,3.89,抗住且相对强
2026-04-17,2026-04-20,通信设备,300502.SZ,新易盛,通信,9.58,238.74,148.02,历史新高,3,-1.02,1.93,补跌但相对强
2026-04-17,2026-04-20,芯片,300502.SZ,新易盛,通信,9.58,238.74,148.02,历史新高,3,-1.02,1.93,补跌但相对强
2026-04-17,2026-04-20,共封装光学(CPO),300502.SZ,新易盛,通信,9.58,238.74,148.02,历史新高,3,-1.02,1.93,补跌但相对强
2026-04-17,2026-04-20,芯片,300131.SZ,英唐智控,电子,3.49,20.24,15.7,20日新高,2,2.99,1.43,抗住且相对强
2026-04-17,2026-04-20,共封装光学(CPO),300131.SZ,英唐智控,电子,3.49,20.24,15.7,20日新高,2,2.99,1.43,抗住且相对强
2026-04-17,2026-04-20,芯片,688416.SH,恒烁股份,电子,6.41,6.49,16.33,20日新高,2,8.0,6.44,抗住且相对强
2026-04-17,2026-04-20,半导体,688416.SH,恒烁股份,电子,6.41,6.49,16.33,20日新高,2,8.0,6.44,抗住且相对强
2026-04-17,2026-04-20,芯片,301297.SZ,富乐德,电子,7.61,7.67,21.08,20日新高,2,4.2,2.64,抗住且相对强
2026-04-17,2026-04-20,半导体,301297.SZ,富乐德,电子,7.61,7.67,21.08,20日新高,2,4.2,2.64,抗住且相对强
2026-04-17,2026-04-20,芯片,603629.SH,利通电子,电子,10.01,37.47,61.27,历史新高,1,1.75,0.19,抗住且相对强
2026-04-17,2026-04-20,芯片,300390.SZ,天华新能,电力设备,2.46,71.88,20.86,3年新高,1,-1.34,0.47,补跌但相对强
2026-04-17,2026-04-20,芯片,603322.SH,超讯通信,通信,5.05,12.38,17.77,20日新高,1,-1.42,1.53,补跌但相对强
2026-04-17,2026-04-20,芯片,300593.SZ,新雷能,电力设备,5.56,10.45,17.97,20日新高,1,0.92,2.73,抗住且相对强
2026-04-17,2026-04-20,通信设备,600776.SH,东方通信,通信,7.17,14.49,27.29,20日新高,1,0.3,3.25,抗住且相对强
