event_date,sector_name,sw_l1,pct_chg,diff_ratio,amount,prev_5d_count,prev_5d_dates,lifecycle
2026-06-03,商业航天,国防军工,0.65,21.56,5409.17,0,,新晋双红
2026-06-03,军工,国防军工,0.12,15.33,4152.42,0,,新晋双红
2026-06-03,大飞机,国防军工,0.13,19.27,1063.29,0,,新晋双红
2026-06-03,航空发动机,国防军工,0.25,14.83,688.4,0,,新晋双红
2026-06-03,超导,国防军工,1.25,20.34,569.26,0,,新晋双红
2026-06-03,电子化学品,基础化工,0.39,20.63,655.36,0,,新晋双红
2026-06-03,稀土永磁,有色金属,1.73,36.95,591.1,0,,新晋双红
2026-06-03,人形机器人,机械设备,0.01,15.39,4637.67,0,,新晋双红
2026-06-03,传感器,机械设备,0.72,24.84,2841.68,0,,新晋双红
2026-06-03,机器视觉,机械设备,0.32,20.6,1745.74,0,,新晋双红
2026-06-03,3D打印,机械设备,0.76,28.39,1494.22,0,,新晋双红
2026-06-03,工业母机,机械设备,0.33,28.83,920.24,0,,新晋双红
2026-06-03,自动化设备,机械设备,0.73,35.21,887.88,0,,新晋双红
2026-06-03,通用设备,机械设备,0.17,11.92,854.8,0,,新晋双红
2026-06-03,无人驾驶,汽车,0.09,17.32,4297.32,0,,新晋双红
2026-06-03,智能座舱,汽车,0.6,19.78,2386.04,0,,新晋双红
2026-06-03,毫米波雷达,汽车,0.27,18.8,2184.55,0,,新晋双红
2026-06-03,光伏,电力设备,0.26,18.95,5762.38,0,,新晋双红
2026-06-03,液冷服务器,电力设备,0.04,14.42,4022.08,0,,新晋双红
2026-06-03,可控核聚变,电力设备,1.53,21.36,1309.06,0,,新晋双红
2026-06-03,铜缆高速连接,电力设备,2.81,28.47,1242.45,0,,新晋双红
2026-06-03,钙钛矿电池,电力设备,0.11,12.84,1169.03,0,,新晋双红
2026-06-03,TOPCON电池,电力设备,0.03,21.2,818.87,0,,新晋双红
2026-06-03,BC电池,电力设备,0.96,18.98,574.76,0,,新晋双红
2026-06-03,芯片,电子,1.21,21.39,14586.69,0,,新晋双红
2026-06-03,共封装光学(CPO),电子,2.55,22.35,7471.05,0,,新晋双红
2026-06-03,存储芯片,电子,1.89,21.18,5127.11,0,,新晋双红
2026-06-03,先进封装,电子,1.19,27.09,4512.41,0,,新晋双红
2026-06-03,半导体,电子,2.34,27.12,4478.15,0,,新晋双红
2026-06-03,PCB,电子,0.26,15.8,3967.46,0,,新晋双红
2026-06-03,AI眼镜,电子,0.62,30.57,3221.39,0,,新晋双红
2026-06-03,英伟达,电子,1.35,23.88,2173.29,0,,新晋双红
2026-06-03,元件,电子,0.53,12.74,1963.7,0,,新晋双红
2026-06-03,AI手机,电子,0.79,32.03,1442.69,0,,新晋双红
2026-06-03,MCU芯片,电子,0.8,17.74,1330.92,0,,新晋双红
2026-06-03,光学光电子,电子,1.14,44.68,1084.85,0,,新晋双红
2026-06-03,光刻机,电子,2.25,27.95,685.24,0,,新晋双红
2026-06-03,光刻胶,电子,1.27,27.33,637.69,0,,新晋双红
2026-06-03,半导体设备,电子,2.44,24.05,564.2,0,,新晋双红
2026-06-03,量子科技,计算机,0.5,13.33,1563.15,0,,新晋双红
2026-06-03,光纤,通信,3.86,26.09,3507.76,0,,新晋双红
2026-06-03,6G,通信,0.97,19.72,2054.31,0,,新晋双红
2026-06-03,小金属,有色金属,2.46,39.75,698.53,1,2026-06-02,连续/延续双红
2026-06-03,PET铜箔,电力设备,0.75,12.89,871.81,1,2026-06-02,连续/延续双红
2026-06-03,MLCC,电子,0.12,68.2,966.51,3,2026-05-27、2026-05-28、2026-06-02,连续/延续双红
2026-06-03,通信设备,通信,1.95,26.22,2938.23,1,2026-06-02,连续/延续双红
