entry_mode,risk_level,suggestion,group_dim,group,full_rows,median_mae_10d,mae_le_-5_pct,mae_le_-8_pct,mae_le_-10_pct,median_peak_ret_10d,reward_risk_median,risk_score
双红当日收盘买,高风险提示候选,输出个股并标注高风险因素,lifecycle+ma5_risk+limit,d3|not_ma5_risk|limit_weak,28,-12.95,75.0,75.0,71.43,-0.01,-0.0,287.87
双红当日收盘买,高风险提示候选,输出个股并标注高风险因素,identity+limit,弹性跟随|limit_weak,23,-12.03,60.87,60.87,52.17,3.43,0.29,228.26
双红当日收盘买,高风险提示候选,输出个股并标注高风险因素,ma5_position_trend,中位区/下降,266,-10.64,70.68,60.9,53.01,4.88,0.46,222.55
双红当日收盘买,高风险提示候选,输出个股并标注高风险因素,identity+limit,多阶段核心|limit_weak,29,-10.76,65.52,55.17,51.72,2.5,0.23,215.56
双红当日收盘买,高风险提示候选,输出个股并标注高风险因素,identity+limit,阶段核心|limit_weak,84,-9.31,64.29,54.76,48.81,6.35,0.68,199.49
双红当日收盘买,高风险提示候选,输出个股并标注高风险因素,limit_tag,limit_weak,218,-8.97,61.93,53.67,47.25,6.57,0.73,193.4
双红当日收盘买,高风险提示候选,输出个股并标注高风险因素,ma5_risk+limit,not_ma5_risk|limit_weak,200,-8.73,61.5,53.0,46.5,6.84,0.78,189.72
次日承接后买,高风险提示候选,输出个股并标注高风险因素,ma5_position_trend,中位区/下降,113,-8.41,64.6,52.21,43.36,7.94,0.94,180.16
双红当日收盘买,高风险提示候选,输出个股并标注高风险因素,lifecycle+ma5_risk+limit,mature_reflow|not_ma5_risk|limit_weak,143,-7.61,58.74,48.95,40.56,7.05,0.93,167.78
双红当日收盘买,高风险提示候选,输出个股但标注不建议盘后追买,identity+limit,容量趋势核心|limit_weak,36,-5.76,50.0,47.22,44.44,15.13,2.63,164.42
双红当日收盘买,高风险提示候选,输出个股但标注不建议盘后追买,identity+limit,旁支映射|limit_weak,30,-7.59,63.33,46.67,36.67,12.08,1.59,157.04
次日承接后买,高风险提示候选,输出个股并标注高风险因素,lifecycle+identity,mature_reflow|旁支映射,43,-6.18,51.16,44.19,39.53,8.09,1.31,153.32
次日承接后买,高风险提示候选,输出个股并标注高风险因素,ma5_risk+limit,not_ma5_risk|limit_weak,83,-6.01,55.42,43.37,36.14,10.09,1.68,145.47
双红当日收盘买,高风险提示候选,输出个股但标注不建议盘后追买,lifecycle+identity,mature_reflow|阶段核心,219,-6.2,55.25,43.84,34.25,10.72,1.73,143.44
双红当日收盘买,高风险提示候选,输出个股但标注不建议盘后追买,lifecycle+ma5_risk+limit,mature_reflow|ma5_risk|limit_strong,170,-6.08,54.71,42.35,35.29,8.49,1.4,142.9
次日承接后买,高风险提示候选,输出个股并标注高风险因素,lifecycle+identity,mature_reflow|低位补涨,22,-6.2,72.73,45.45,31.82,7.94,1.28,141.16
次日承接后买,高风险提示候选,输出个股并标注高风险因素,limit_tag,limit_weak,90,-5.71,54.44,43.33,34.44,10.21,1.79,141.16
双红当日收盘买,高风险提示候选,输出个股但标注不建议盘后追买,ma5_risk,ma5_risk,259,-5.44,51.35,39.77,32.82,9.2,1.69,132.54
次日承接后买,高回撤观察候选,输出观察并标注等待承接,lifecycle+identity,d3|容量趋势核心,29,-6.8,55.17,41.38,27.59,5.72,0.84,132.26
双红当日收盘买,高风险提示候选,输出个股但标注不建议盘后追买,ma5_risk+limit,ma5_risk|limit_strong,223,-5.33,51.12,39.01,32.74,9.99,1.87,130.97
次日承接后买,高风险提示候选,输出个股并标注高风险因素,lifecycle+ma5_risk+limit,mature_reflow|not_ma5_risk|limit_strong,136,-4.24,47.79,39.71,34.56,9.95,2.35,130.79
次日承接后买,高回撤观察候选,输出观察并标注等待承接,identity+limit,阶段核心|limit_weak,31,-7.28,58.06,41.94,25.81,10.0,1.37,130.1
次日承接后买,高风险提示候选,输出个股并标注高风险因素,ma5_position_trend,高位区/下降,92,-5.38,52.17,38.04,31.52,9.55,1.78,127.71
双红当日收盘买,高风险提示候选,输出个股但标注不建议盘后追买,lifecycle+identity,mature_reflow|弹性跟随,73,-5.63,50.68,36.99,31.51,9.35,1.66,127.33
次日承接后买,高风险提示候选,输出个股并标注高风险因素,lifecycle+identity,mature_reflow|阶段核心,87,-5.08,50.57,39.08,31.03,9.99,1.97,126.98
次日承接后买,高风险提示候选,输出个股并标注高风险因素,lifecycle+ma5_risk+limit,mature_reflow|not_ma5_risk|limit_weak,59,-5.15,50.85,38.98,30.51,10.74,2.09,126.19
次日承接后买,高风险提示候选,输出个股并标注高风险因素,lifecycle+identity,mature_reflow|多阶段核心,66,-4.71,46.97,39.39,30.3,10.31,2.19,124.59
双红当日收盘买,高风险提示候选,输出个股但标注不建议盘后追买,lifecycle+identity,d3|容量趋势核心,59,-4.53,45.76,35.59,32.2,6.43,1.42,122.35
双红当日收盘买,高回撤观察候选,输出个股但标注不建议盘后追买,stock_identity,阶段核心,489,-4.58,48.26,37.42,29.45,10.81,2.36,119.98
次日承接后买,高回撤观察候选,输出观察并标注等待承接,ma5_risk,ma5_risk,108,-5.32,50.93,36.11,28.7,10.13,1.9,119.88
双红当日收盘买,高回撤观察候选,输出个股但标注不建议盘后追买,lifecycle+identity,mature_reflow|多阶段核心,184,-4.72,48.91,36.41,29.35,10.0,2.12,119.04
双红当日收盘买,高回撤观察候选,输出个股但标注不建议盘后追买,lifecycle_family,mature_reflow,753,-4.9,49.4,36.52,28.69,10.72,2.19,118.72
次日承接后买,高回撤观察候选,输出观察并标注等待承接,lifecycle_family,mature_reflow,317,-4.45,47.32,36.28,29.34,10.3,2.31,117.78
双红当日收盘买,高回撤观察候选,输出个股但标注不建议盘后追买,ma5_position_trend,高位区/下降,211,-4.43,46.92,35.55,29.86,10.41,2.35,117.68
次日承接后买,高回撤观察候选,输出观察并标注等待承接,lifecycle+ma5_risk+limit,mature_reflow|ma5_risk|limit_strong,72,-5.55,52.78,34.72,27.78,8.22,1.48,117.34
次日承接后买,高风险提示候选,输出个股并标注高风险因素,lifecycle+identity,mature_reflow|弹性跟随,33,-3.58,42.42,36.36,30.3,12.29,3.43,116.13
双红当日收盘买,高回撤观察候选,输出个股但标注不建议盘后追买,lifecycle+identity,mature_reflow|旁支映射,79,-5.65,53.16,36.71,25.32,13.59,2.41,115.9
次日承接后买,高回撤观察候选,输出观察并标注等待承接,ma5_risk+limit,ma5_risk|limit_strong,95,-5.28,50.53,33.68,27.37,9.11,1.73,114.17
双红当日收盘买,高回撤观察候选,输出个股但标注不建议盘后追买,lifecycle+identity,mature_reflow|低位补涨,54,-4.56,48.15,35.19,27.78,8.43,1.85,113.99
双红当日收盘买,高回撤观察候选,输出个股但标注不建议盘后追买,lifecycle+ma5_risk+limit,d2|ma5_risk|limit_strong,22,-4.41,50.0,36.36,27.27,11.15,2.53,113.99
次日承接后买,高回撤观察候选,输出观察并标注等待承接,stock_identity,旁支映射,77,-4.42,44.16,33.77,28.57,11.63,2.63,113.01
双红当日收盘买,高回撤观察候选,输出个股但标注不建议盘后追买,lifecycle+identity,d3|阶段核心,99,-3.86,44.44,36.36,27.27,10.78,2.79,111.79
次日承接后买,高回撤观察候选,输出观察并标注等待承接,lifecycle+identity,d1|阶段核心,25,-4.89,48.0,32.0,28.0,8.59,1.76,111.56
双红当日收盘买,高回撤观察候选,输出个股但标注不建议盘后追买,lifecycle+identity,d2|阶段核心,103,-3.98,44.66,33.01,29.13,11.4,2.86,111.27
双红当日收盘买,高回撤观察候选,输出个股但标注不建议盘后追买,lifecycle+identity,d2|旁支映射,23,-4.91,47.83,39.13,21.74,7.33,1.49,109.64
双红当日收盘买,高回撤观察候选,输出个股但标注不建议盘后追买,identity+limit,阶段核心|limit_strong,354,-3.98,44.92,33.62,25.99,11.56,2.9,106.41
次日承接后买,高回撤观察候选,输出观察并标注等待承接,stock_identity,阶段核心,219,-3.91,45.66,34.25,24.66,11.5,2.94,104.55
次日承接后买,高回撤观察候选,输出观察并标注等待承接,identity+limit,阶段核心|limit_strong,167,-3.79,43.71,33.53,25.15,11.96,3.16,104.02
双红当日收盘买,高回撤观察候选,输出个股但标注不建议盘后追买,ma5_favorable,not_ma5_favorable,1233,-4.29,45.17,31.79,24.33,9.03,2.1,102.28
次日承接后买,边际风险候选,输出观察并标注等待承接,identity+limit,旁支映射|limit_strong,45,-3.8,40.0,28.89,26.67,13.18,3.47,100.76
双红当日收盘买,边际风险候选,输出个股但标注不建议盘后追买,lifecycle+ma5_risk+limit,d1|ma5_risk|limit_strong,24,-2.58,41.67,29.17,29.17,16.66,6.46,100.75
双红当日收盘买,高回撤观察候选,输出个股但标注不建议盘后追买,identity+limit,阶段核心|limit_medium,51,-3.86,45.1,35.29,21.57,9.65,2.5,100.14
双红当日收盘买,高回撤观察候选,输出个股但标注不建议盘后追买,stock_identity,旁支映射,161,-4.23,45.34,32.92,22.36,13.59,3.21,99.96
双红当日收盘买,高回撤观察候选,输出个股但标注不建议盘后追买,lifecycle+ma5_risk+limit,mature_reflow|not_ma5_risk|limit_strong,303,-4.29,45.87,31.02,23.1,12.78,2.98,99.07
次日承接后买,高回撤观察候选,输出观察并标注等待承接,lifecycle+identity,d2|阶段核心,45,-3.27,40.0,31.11,24.44,15.25,4.66,97.52
双红当日收盘买,高回撤观察候选,输出个股但标注不建议盘后追买,identity+limit,旁支映射|limit_strong,81,-4.14,41.98,30.86,22.22,13.97,3.37,96.67
次日承接后买,高回撤观察候选,输出观察并标注等待承接,ma5_favorable,not_ma5_favorable,518,-3.91,44.4,30.69,22.39,10.32,2.64,95.84
次日承接后买,边际风险候选,输出观察并标注等待承接,identity+limit,多阶段核心|limit_strong,119,-2.95,37.82,28.57,24.37,9.13,3.09,92.81
次日承接后买,边际风险候选,输出观察并标注等待承接,stock_identity,多阶段核心,162,-3.06,39.51,29.63,22.84,9.41,3.08,91.87
双红当日收盘买,边际风险候选,输出个股但标注不建议盘后追买,stock_identity,弹性跟随,179,-3.62,41.9,26.82,22.91,9.35,2.58,90.58
双红当日收盘买,边际风险候选,输出个股但标注不建议盘后追买,lifecycle_family,d3,356,-3.85,41.57,28.37,21.07,9.1,2.36,90.21
双红当日收盘买,边际风险候选,输出个股但标注不建议盘后追买,all,all,1903,-3.25,38.73,27.17,21.12,10.42,3.21,86.34
次日承接后买,边际风险候选,输出观察并标注等待承接,lifecycle+identity,d3|阶段核心,51,-4.85,43.14,29.41,15.69,14.19,2.93,85.88
双红当日收盘买,边际风险候选,输出个股但标注不建议盘后追买,lifecycle+identity,d3|旁支映射,41,-2.89,39.02,29.27,19.51,14.68,5.08,84.73
双红当日收盘买,边际风险候选,输出个股但标注不建议盘后追买,lifecycle+identity,mature_reflow|容量趋势核心,144,-3.48,38.89,25.69,20.14,13.84,3.98,83.57
双红当日收盘买,边际风险候选,输出个股但标注不建议盘后追买,stock_identity,容量趋势核心,324,-3.25,37.96,25.62,20.37,12.05,3.71,82.97
双红当日收盘买,边际风险候选,输出个股但标注不建议盘后追买,identity+limit,弹性跟随|limit_medium,33,-4.59,45.45,24.24,18.18,8.56,1.86,82.6
双红当日收盘买,边际风险候选,输出个股但标注不建议盘后追买,lifecycle+ma5_risk+limit,d3|not_ma5_risk|limit_strong,232,-3.63,40.09,25.43,19.4,9.43,2.6,82.5
次日承接后买,边际风险候选,输出观察并标注等待承接,all,all,825,-3.01,37.94,26.91,19.64,11.02,3.66,82.38
双红当日收盘买,边际风险候选,输出个股但标注不建议盘后追买,identity+limit,容量趋势核心|limit_strong,244,-3.29,38.93,25.82,19.67,11.96,3.64,82.13
双红当日收盘买,边际风险候选,输出个股但标注不建议盘后追买,stock_identity,多阶段核心,428,-3.08,37.38,25.47,20.09,9.85,3.2,81.59
双红当日收盘买,边际风险候选,输出个股但标注不建议盘后追买,lifecycle+identity,mature_restart|阶段核心,27,-0.05,33.33,25.93,25.93,11.76,235.2,80.58
次日承接后买,边际风险候选,输出观察并标注等待承接,identity+limit,阶段核心|limit_medium,21,-2.24,42.86,28.57,19.05,15.48,6.91,80.39
双红当日收盘买,边际风险候选,输出个股但标注不建议盘后追买,ma5_position_trend,震荡区间/震荡,844,-3.53,39.69,25.36,17.77,9.26,2.62,79.07
双红当日收盘买,边际风险候选,输出个股但标注不建议盘后追买,ma5_risk,not_ma5_risk,1644,-2.89,36.74,25.18,19.28,10.68,3.7,79.0
次日承接后买,边际风险候选,输出观察并标注等待承接,limit_tag,limit_strong,619,-2.89,35.86,25.36,18.74,10.84,3.75,78.26
次日承接后买,边际风险候选,输出观察并标注等待承接,lifecycle_family,d3,161,-3.26,39.13,27.33,16.15,12.26,3.76,77.64
双红当日收盘买,边际风险候选,输出个股但标注不建议盘后追买,lifecycle_family,d2,402,-2.67,36.82,24.88,19.15,8.99,3.37,77.49
次日承接后买,边际风险候选,输出观察并标注等待承接,ma5_risk,not_ma5_risk,717,-2.78,35.98,25.52,18.27,11.15,4.01,77.18
次日承接后买,边际风险候选,输出观察并标注等待承接,lifecycle+identity,d3|多阶段核心,36,-1.47,36.11,27.78,19.44,10.36,7.05,76.99
双红当日收盘买,边际风险候选,输出个股但标注不建议盘后追买,lifecycle+identity,d2|弹性跟随,45,-2.02,37.78,22.22,22.22,9.77,4.84,76.96
次日承接后买,边际风险候选,输出观察并标注等待承接,lifecycle+identity,d2|多阶段核心,24,-1.73,29.17,25.0,20.83,8.59,4.97,76.91
双红当日收盘买,边际风险候选,输出个股但标注不建议盘后追买,identity+limit,多阶段核心|limit_strong,325,-2.77,35.69,24.0,18.77,10.21,3.69,76.07
双红当日收盘买,边际风险候选,输出个股但标注不建议盘后追买,limit_tag,limit_strong,1409,-2.75,35.7,23.99,18.52,10.85,3.95,75.52
次日承接后买,边际风险候选,输出观察并标注等待承接,ma5_position_trend,中位区/上升,71,-0.55,32.39,26.76,21.13,11.17,20.31,75.02
双红当日收盘买,边际风险候选,输出个股但标注不建议盘后追买,identity+limit,弹性跟随|limit_strong,123,-3.36,37.4,21.14,18.7,10.2,3.04,74.58
双红当日收盘买,边际风险候选,输出个股但标注不建议盘后追买,lifecycle+ma5_risk+limit,mature_reflow|not_ma5_risk|limit_medium,111,-2.87,36.94,23.42,17.12,11.37,3.96,72.74
次日承接后买,边际风险候选,输出观察并标注等待承接,ma5_risk+limit,not_ma5_risk|limit_strong,524,-2.63,33.21,23.85,17.18,11.02,4.19,72.45
次日承接后买,边际风险候选,输出观察并标注等待承接,lifecycle_family,d2,159,-2.42,35.85,23.9,16.98,11.66,4.82,71.31
次日承接后买,边际风险候选,输出观察并标注等待承接,lifecycle+identity,mature_reflow|容量趋势核心,66,-2.57,34.85,21.21,18.18,12.38,4.82,70.58
次日承接后买,边际风险候选,输出观察并标注等待承接,stock_identity,容量趋势核心,148,-2.6,33.11,22.97,16.22,11.8,4.54,69.46
双红当日收盘买,边际风险候选,输出个股但标注不建议盘后追买,lifecycle+ma5_risk+limit,d2|not_ma5_risk|limit_strong,334,-2.35,34.43,22.75,16.77,8.86,3.77,69.16
双红当日收盘买,边际风险候选,输出个股但标注不建议盘后追买,lifecycle+ma5_risk+limit,d2|not_ma5_risk|limit_medium,20,-3.98,40.0,20.0,15.0,8.13,2.04,68.92
次日承接后买,边际风险候选,输出观察并标注等待承接,stock_identity,弹性跟随,82,-2.79,32.93,20.73,15.85,12.66,4.54,66.64
双红当日收盘买,边际风险候选,输出个股但标注不建议盘后追买,ma5_risk+limit,not_ma5_risk|limit_strong,1186,-2.35,32.8,21.16,15.85,10.98,4.67,65.44
双红当日收盘买,边际风险候选,输出个股但标注不建议盘后追买,lifecycle+identity,d2|多阶段核心,92,-2.1,31.52,20.65,15.22,7.27,3.46,62.64
双红当日收盘买,边际风险候选,输出个股但标注不建议盘后追买,ma5_favorable,ma5_favorable,670,-1.48,26.87,18.66,15.22,13.23,8.94,57.57
双红当日收盘买,边际风险候选,输出观察并标注等待承接,lifecycle+identity,d1|容量趋势核心,24,0.27,20.83,16.67,16.67,18.8,,51.68
双红当日收盘买,边际风险候选,输出个股但标注不建议盘后追买,lifecycle+identity,d1|多阶段核心,20,-0.46,25.0,15.0,15.0,12.68,27.57,48.34
