event_date,divergence_date,code,name,sw_l1,top3_industries,pct_event,amount_event,weighted_event,high_event,double_red_hits,event_sectors,pct_divergence,rel_divergence,divergence_path,high_0605,pct_0605,ret_to_0604_pct,ret_to_0605_est_pct,selection_reason
2026-04-17,2026-04-20,603773.SH,沃格光电,电子,电子/电力设备/通信,10.0,11.31,33.63,历史新高,5,6G、先进封装、光学光电子、共封装光学(CPO)、芯片,10.0,8.44,抗住且相对强,历史新高,8.17,131.38,150.28,加权Top20+新高+抗住且相对强
2026-05-11,2026-05-12,688146.SH,中船特气,电子,电子/电力设备/通信,20.0,25.22,100.44,历史新高,2,光刻机、芯片,2.29,2.15,抗住且相对强,历史新高,5.44,128.78,141.22,加权Top20+新高+抗住且相对强
2026-04-14,2026-04-15,300408.SZ,三环集团,电子,电子/电力设备/通信,5.06,28.68,27.1,历史新高,3,元件、共封装光学(CPO)、燃料电池,1.1,1.93,抗住且相对强,历史新高,-3.02,115.18,108.68,加权Top20+新高+抗住且相对强
2026-04-17,2026-04-20,688668.SH,鼎通科技,通信,电子/电力设备/通信,2.3,22.24,10.85,历史新高,2,光纤、通信设备,-0.38,2.57,补跌但相对强,历史新高,9.26,70.94,86.77,加权Top20+新高+补跌但相对强
2026-04-08,2026-04-09,301123.SZ,奕东电子,电子,电子/电力设备/通信,7.96,8.08,22.63,,6,PCB、储能、共封装光学(CPO)、消费电子、液冷服务器、铜缆高速连接,9.75,9.26,抗住且相对强,历史新高,2.63,79.75,84.48,加权Top20+双红>=3+抗住且相对强
2026-04-08,2026-04-09,600869.SH,远东股份,电力设备,电子/电力设备/通信,10.01,20.51,45.33,历史新高,13,储能、光伏、光纤、可控核聚变、固态电池、液冷服务器、特高压、电网设备、芯片、钠离子电池、铜缆高速连接、雅下水电、风电,0.95,1.52,抗住且相对强,历史新高,7.58,67.4,80.09,加权Top20+新高+抗住且相对强
2026-04-10,2026-04-13,688519.SH,南亚新材,电子,电子/电力设备/通信,2.08,11.63,7.09,,3,元件、共封装光学(CPO)、存储芯片,4.1,3.29,抗住且相对强,历史新高,-4.41,80.36,72.4,加权Top20+双红>=3+抗住且相对强
2026-04-08,2026-04-09,600105.SH,永鼎股份,通信,电子/电力设备/通信,10.0,50.03,70.73,历史新高,6,光纤、共封装光学(CPO)、可控核聚变、芯片、通信设备、风电,4.24,3.23,抗住且相对强,历史新高,2.08,63.38,66.77,加权Top20+新高+抗住且相对强
2026-04-08,2026-04-09,301099.SZ,雅创电子,电子,电子/电力设备/通信,12.51,6.22,31.2,,6,AI眼镜、MCU芯片、储能、光伏、存储芯片、芯片,4.0,3.51,抗住且相对强,历史新高,0.68,58.0,59.07,加权Top20+双红>=3+抗住且相对强
2026-04-10,2026-04-13,688322.SH,奥比中光-W,电子,电子/电力设备/通信,3.92,5.96,9.57,20日新高,2,芯片、英伟达,2.14,1.33,抗住且相对强,历史新高,10.05,41.98,56.25,加权Top20+新高+抗住且相对强
2026-05-27,2026-05-28,300975.SZ,商络电子,电子,电子/电力设备/机械设备,7.71,33.8,44.82,历史新高,1,MLCC,19.97,18.24,抗住且相对强,历史新高,2.96,39.01,43.12,加权Top20+新高+抗住且相对强
2026-04-17,2026-04-20,300620.SZ,光库科技,通信,电子/电力设备/通信,8.99,68.01,74.14,历史新高,4,光纤、共封装光学(CPO)、芯片、通信设备,-0.36,2.59,补跌但相对强,历史新高,0.33,26.78,27.19,加权Top20+新高+补跌但相对强
2026-04-17,2026-04-20,300502.SZ,新易盛,通信,电子/电力设备/通信,9.58,238.74,148.02,历史新高,3,共封装光学(CPO)、芯片、通信设备,-1.02,1.93,补跌但相对强,历史新高,-3.6,31.74,27.0,加权Top20+新高+补跌但相对强
2026-06-03,2026-06-04,300319.SZ,麦捷科技,电子,电子/通信/电力设备,10.3,33.3,59.44,历史新高,6,AI眼镜、元件、共封装光学(CPO)、存储芯片、芯片、英伟达,8.23,5.97,抗住且相对强,历史新高,14.43,8.23,23.84,加权Top20+新高+抗住且相对强
2026-06-03,2026-06-04,301458.SZ,钧崴电子,电子,电子/通信/电力设备,3.09,14.95,11.95,历史新高,2,元件、英伟达,10.55,8.29,抗住且相对强,历史新高,11.24,10.55,22.98,加权Top20+新高+抗住且相对强
2026-06-03,2026-06-04,688378.SH,奥来德,电子,电子/通信/电力设备,5.8,4.4,12.17,,3,AI眼镜、光刻胶、钙钛矿电池,20.0,17.74,抗住且相对强,历史新高,0.52,20.0,20.62,加权Top20+双红>=3+抗住且相对强
2026-04-17,2026-04-20,301205.SZ,联特科技,通信,电子/电力设备/通信,7.81,31.71,43.98,历史新高,3,共封装光学(CPO)、芯片、通信设备,-1.77,1.18,补跌但相对强,历史新高,1.74,16.25,18.27,加权Top20+新高+补跌但相对强
2026-06-02,2026-06-03,600487.SH,亨通光电,通信,电子/电力设备/通信,10.01,154.81,124.55,历史新高,1,通信设备,10.0,5.22,抗住且相对强,历史新高,-1.79,17.75,15.64,加权Top20+新高+抗住且相对强
2026-04-10,2026-04-13,002733.SZ,雄韬股份,电力设备,电子/电力设备/通信,10.0,12.39,35.2,3年新高,6,储能、固态电池、氢能源、燃料电池、电池、钠离子电池,1.98,0.76,抗住且相对强,历史新高,3.95,8.0,12.27,加权Top20+新高+抗住且相对强
2026-06-03,2026-06-04,600353.SH,旭光电子,电子,电子/通信/电力设备,3.53,16.13,14.18,,4,先进封装、光刻机、可控核聚变、芯片,9.98,7.72,抗住且相对强,历史新高,-0.53,9.98,9.4,加权Top20+双红>=3+抗住且相对强
2026-04-10,2026-04-13,688498.SH,源杰科技,电子,电子/电力设备/通信,8.58,46.6,58.57,历史新高,3,共封装光学(CPO)、半导体、芯片,3.34,2.53,抗住且相对强,历史新高,-3.87,12.15,7.81,加权Top20+新高+抗住且相对强
2026-06-03,2026-06-04,300285.SZ,国瓷材料,电子,电子/通信/电力设备,3.46,84.23,31.75,历史新高,2,共封装光学(CPO)、芯片,5.84,3.58,抗住且相对强,历史新高,1.84,5.84,7.79,加权Top20+新高+抗住且相对强
2026-06-03,2026-06-04,301577.SZ,美信科技,通信,电子/通信/电力设备,13.97,5.23,31.95,历史新高,1,通信设备,2.33,2.26,抗住且相对强,历史新高,4.11,2.33,6.53,加权Top20+新高+抗住且相对强
2026-06-03,2026-06-04,000823.SZ,超声电子,电子,电子/通信/电力设备,4.69,17.14,19.42,3年新高,4,AI眼镜、PCB、元件、共封装光学(CPO),2.53,0.27,抗住且相对强,历史新高,1.15,2.53,3.71,加权Top20+新高+抗住且相对强
2026-06-03,2026-06-04,600522.SH,中天科技,通信,电子/通信/电力设备,4.87,189.63,67.06,,12,6G、PCB、PET铜箔、光伏、光纤、共封装光学(CPO)、可控核聚变、液冷服务器、芯片、通信设备、钙钛矿电池、铜缆高速连接,2.4,2.33,抗住且相对强,历史新高,0.02,2.4,2.42,加权Top20+双红>=3+抗住且相对强
2026-06-03,2026-06-04,601869.SH,长飞光纤,通信,电子/通信/电力设备,8.87,93.84,85.92,历史新高,5,光纤、共封装光学(CPO)、芯片、通信设备、铜缆高速连接,2.45,2.38,抗住且相对强,历史新高,-3.12,2.45,-0.75,加权Top20+新高+抗住且相对强
2026-06-03,2026-06-04,603618.SH,杭电股份,电力设备,电子/通信/电力设备,3.57,46.69,24.39,历史新高,3,PET铜箔、光伏、光纤,-0.39,1.57,补跌但相对强,历史新高,-4.29,-0.39,-4.66,加权Top20+新高+补跌但相对强
2026-04-08,2026-04-09,605358.SH,立昂微,电子,电子/电力设备/通信,8.35,5.87,20.23,,5,光伏、共封装光学(CPO)、半导体、存储芯片、芯片,0.54,0.05,抗住且相对强,3年新高,4.49,82.31,90.5,加权Top20+双红>=3+抗住且相对强
2026-04-08,2026-04-09,002491.SZ,通鼎互联,通信,电子/电力设备/通信,9.99,11.13,33.33,3年新高,4,储能、光纤、固态电池、通信设备,6.18,5.17,抗住且相对强,3年新高,-7.49,76.51,63.29,加权Top20+新高+抗住且相对强
2026-06-03,2026-06-04,000725.SZ,京东方Ａ,电子,电子/通信/电力设备,2.19,209.85,31.72,,7,AI眼镜、先进封装、光伏、光学光电子、光纤、芯片、钙钛矿电池,10.02,7.76,抗住且相对强,3年新高,4.55,10.02,15.02,加权Top20+双红>=3+抗住且相对强
2026-06-03,2026-06-04,603005.SH,晶方科技,电子,电子/通信/电力设备,4.92,37.88,30.28,,5,先进封装、光刻机、光刻胶、半导体、芯片,9.99,7.73,抗住且相对强,3年新高,2.74,9.99,13.01,加权Top20+双红>=3+抗住且相对强
2026-06-03,2026-06-04,002815.SZ,崇达技术,电子,电子/通信/电力设备,3.03,18.36,12.98,,6,6G、PCB、元件、先进封装、共封装光学(CPO)、芯片,4.83,2.57,抗住且相对强,3年新高,-0.22,4.83,4.6,加权Top20+双红>=3+抗住且相对强
2026-06-03,2026-06-04,300088.SZ,长信科技,电子,电子/通信/电力设备,12.67,42.57,82.67,3年新高,3,AI手机、光伏、光学光电子,4.08,1.82,抗住且相对强,3年新高,-0.71,4.08,3.34,加权Top20+新高+抗住且相对强
2026-06-03,2026-06-04,300241.SZ,瑞丰光电,电子,电子/通信/电力设备,6.28,9.64,19.5,20日新高,1,光学光电子,2.76,0.5,抗住且相对强,3年新高,-3.18,2.76,-0.5,加权Top20+新高+抗住且相对强
2026-04-17,2026-04-20,002962.SZ,五方光电,电子,电子/电力设备/通信,3.89,8.55,11.37,1年新高,1,光学光电子,4.21,2.65,抗住且相对强,2年新高,6.13,18.16,25.4,加权Top20+新高+抗住且相对强
2026-04-08,2026-04-09,300679.SZ,电连技术,电子,电子/电力设备/通信,19.99,17.81,84.36,20日新高,2,PCB、消费电子,9.74,9.25,抗住且相对强,1年新高,1.93,44.45,47.24,加权Top20+新高+抗住且相对强
2026-04-08,2026-04-09,000063.SZ,中兴通讯,通信,电子/电力设备/通信,5.26,32.82,30.13,,8,6G、AI手机、AI眼镜、储能、光纤、液冷服务器、芯片、通信设备,4.47,3.46,抗住且相对强,60日新高,3.68,10.87,14.95,加权Top20+双红>=3+抗住且相对强
2026-06-03,2026-06-04,000100.SZ,TCL科技,电子,电子/通信/电力设备,7.0,114.97,75.06,,4,AI眼镜、光伏、光学光电子、芯片,3.8,1.54,抗住且相对强,60日新高,-0.61,3.8,3.16,加权Top20+双红>=3+抗住且相对强
2026-06-03,2026-06-04,688268.SH,华特气体,电子,电子/通信/电力设备,20.0,26.75,103.44,,4,光刻机、光刻胶、存储芯片、芯片,15.5,13.24,抗住且相对强,20日新高,-3.39,15.5,11.59,加权Top20+双红>=3+抗住且相对强
2026-04-08,2026-04-09,603328.SH,依顿电子,电子,电子/电力设备/通信,10.04,7.44,27.39,,4,PCB、元件、光伏、共封装光学(CPO),3.42,2.93,抗住且相对强,20日新高,1.84,6.43,8.39,加权Top20+双红>=3+抗住且相对强
2026-04-17,2026-04-20,688143.SH,长盈通,通信,电子/电力设备/通信,8.25,13.28,30.06,历史新高,4,光纤、共封装光学(CPO)、芯片、通信设备,-0.52,2.43,补跌但相对强,,-2.05,159.49,154.17,加权Top20+新高+补跌但相对强
2026-04-17,2026-04-20,301511.SZ,德福科技,电力设备,电子/电力设备/通信,4.92,20.11,22.06,历史新高,2,PCB、共封装光学(CPO),5.13,6.94,抗住且相对强,,-2.3,143.26,137.66,加权Top20+新高+抗住且相对强
2026-04-17,2026-04-20,301217.SZ,铜冠铜箔,电力设备,电子/电力设备/通信,3.3,21.62,15.34,20日新高,1,PCB,-1.58,0.23,补跌但相对强,,1.38,130.86,134.04,加权Top20+新高+补跌但相对强
2026-04-14,2026-04-15,603629.SH,利通电子,电子,电子/电力设备/通信,10.0,24.95,49.95,历史新高,4,消费电子、液冷服务器、芯片、英伟达,10.01,10.84,抗住且相对强,,-10.0,150.68,125.61,加权Top20+新高+抗住且相对强
2026-04-14,2026-04-15,600183.SH,生益科技,电子,电子/电力设备/通信,5.28,53.06,38.46,20日新高,6,PCB、元件、先进封装、共封装光学(CPO)、存储芯片、芯片,0.12,0.95,抗住且相对强,,-4.05,115.44,106.72,加权Top20+新高+抗住且相对强
2026-04-14,2026-04-15,002980.SZ,华盛昌,电力设备,电子/电力设备/通信,10.0,10.33,32.14,历史新高,2,AI眼镜、共封装光学(CPO),9.98,10.54,抗住且相对强,,-1.66,98.32,95.02,加权Top20+新高+抗住且相对强
2026-04-17,2026-04-20,002281.SZ,光迅科技,通信,电子/电力设备/通信,10.0,71.17,84.36,历史新高,5,6G、光纤、共封装光学(CPO)、芯片、通信设备,2.76,5.71,抗住且相对强,,3.18,88.79,94.79,加权Top20+新高+抗住且相对强
2026-04-14,2026-04-15,300283.SZ,温州宏丰,电力设备,电子/电力设备/通信,4.93,7.09,13.13,3年新高,2,PCB、芯片,-0.44,0.12,补跌但相对强,,-0.17,91.48,91.16,加权Top20+新高+补跌但相对强
2026-04-10,2026-04-13,300868.SZ,杰美特,电子,电子/电力设备/通信,12.12,5.68,28.89,3年新高,2,AI眼镜、消费电子,5.75,4.94,抗住且相对强,,-5.83,100.83,89.12,加权Top20+新高+抗住且相对强
2026-04-14,2026-04-15,688347.SH,华虹公司,电子,电子/电力设备/通信,2.98,18.9,12.96,,3,半导体、存储芯片、芯片,0.63,1.46,抗住且相对强,,-6.97,99.07,85.19,加权Top20+双红>=3+抗住且相对强
2026-04-14,2026-04-15,603890.SH,春秋电子,电子,电子/电力设备/通信,8.62,12.2,30.11,60日新高,3,AI PC、AI眼镜、消费电子,9.99,10.82,抗住且相对强,,6.4,72.6,83.65,加权Top20+新高+抗住且相对强
2026-04-10,2026-04-13,603459.SH,红板科技,电子,电子/电力设备/通信,9.57,27.24,49.95,,5,元件、共封装光学(CPO)、华为手机、存储芯片、芯片,14.05,13.24,抗住且相对强,,-7.95,94.24,78.8,加权Top20+双红>=3+抗住且相对强
2026-04-17,2026-04-20,300489.SZ,光智科技,电子,电子/电力设备/通信,5.83,15.61,23.03,1年新高,2,先进封装、光学光电子,7.16,5.6,抗住且相对强,,-3.23,82.64,76.74,加权Top20+新高+抗住且相对强
2026-05-11,2026-05-12,688260.SH,昀冢科技,电子,电子/电力设备/通信,10.87,9.02,32.65,历史新高,2,光纤、消费电子,0.37,0.23,抗住且相对强,,-9.05,92.7,75.26,加权Top20+新高+抗住且相对强
2026-04-17,2026-04-20,301319.SZ,唯特偶,电子,电子/电力设备/通信,20.0,9.08,60.27,历史新高,3,先进封装、光伏、芯片,2.72,1.16,抗住且相对强,,-12.94,101.16,75.13,加权Top20+新高+抗住且相对强
2026-04-08,2026-04-09,603186.SH,华正新材,电子,电子/电力设备/通信,6.93,13.26,25.24,,7,6G、PCB、储能、元件、先进封装、固态电池、芯片,4.43,3.94,抗住且相对强,,0.07,74.36,74.48,加权Top20+双红>=3+抗住且相对强
2026-04-16,2026-04-17,002938.SZ,鹏鼎控股,电子,电子/电力设备/通信,2.66,23.88,13.0,20日新高,1,AI手机,1.84,0.31,抗住且相对强,,-4.37,81.97,74.02,加权Top20+新高+抗住且相对强
2026-04-17,2026-04-20,300776.SZ,帝尔激光,电力设备,电子/电力设备/通信,20.0,18.88,86.9,20日新高,5,PCB、TOPCON电池、先进封装、光伏、芯片,7.35,9.16,抗住且相对强,,3.57,65.36,71.26,加权Top20+新高+抗住且相对强
2026-04-10,2026-04-13,688807.SH,优迅股份,电子,电子/电力设备/通信,2.88,6.14,7.14,20日新高,4,MCU芯片、共封装光学(CPO)、半导体、芯片,13.96,13.15,抗住且相对强,,-0.38,68.66,68.02,加权Top20+新高+抗住且相对强
2026-04-10,2026-04-13,688008.SH,澜起科技,电子,电子/电力设备/通信,3.13,57.81,23.8,,3,半导体、存储芯片、芯片,6.11,5.3,抗住且相对强,,-7.81,80.92,66.79,加权Top20+双红>=3+抗住且相对强
2026-04-14,2026-04-15,688655.SH,迅捷兴,电子,电子/电力设备/通信,16.08,7.11,42.88,历史新高,3,PCB、元件、共封装光学(CPO),5.38,6.21,抗住且相对强,,-3.56,71.45,65.35,加权Top20+新高+抗住且相对强
2026-04-10,2026-04-13,688478.SH,晶升股份,电子,电子/电力设备/通信,20.0,3.73,38.63,20日新高,4,光伏、半导体、存储芯片、芯片,4.43,3.62,抗住且相对强,,-2.79,66.03,61.39,加权Top20+新高+抗住且相对强
2026-04-10,2026-04-13,300308.SZ,中际旭创,通信,电子/电力设备/通信,6.01,238.43,92.8,历史新高,3,共封装光学(CPO)、液冷服务器、芯片,0.46,0.71,抗住且相对强,,-7.81,74.23,60.63,加权Top20+新高+抗住且相对强
2026-04-08,2026-04-09,002463.SZ,沪电股份,电子,电子/电力设备/通信,10.0,81.45,90.25,,3,PCB、元件、芯片,2.11,1.62,抗住且相对强,,-5.4,67.5,58.46,加权Top20+双红>=3+抗住且相对强
2026-04-08,2026-04-09,002916.SZ,深南电路,电子,电子/电力设备/通信,10.0,36.14,60.12,,5,PCB、元件、先进封装、存储芯片、芯片,2.31,1.82,抗住且相对强,,-5.18,65.63,57.05,加权Top20+双红>=3+抗住且相对强
2026-04-14,2026-04-15,300632.SZ,光莆股份,电子,电子/电力设备/通信,7.81,8.89,23.29,60日新高,5,AI眼镜、PCB、先进封装、共封装光学(CPO)、芯片,1.12,1.95,抗住且相对强,,-4.0,61.31,54.86,加权Top20+新高+抗住且相对强
2026-04-10,2026-04-13,002384.SZ,东山精密,电子,电子/电力设备/通信,8.83,200.94,125.17,历史新高,5,AI手机、元件、共封装光学(CPO)、芯片、高压快充,2.28,1.47,抗住且相对强,,-6.89,65.66,54.24,加权Top20+新高+抗住且相对强
2026-04-10,2026-04-13,688048.SH,长光华芯,电子,电子/电力设备/通信,4.06,50.56,28.87,历史新高,4,共封装光学(CPO)、半导体、可控核聚变、芯片,6.9,6.09,抗住且相对强,,-5.46,62.87,53.98,加权Top20+新高+抗住且相对强
2026-04-08,2026-04-09,688141.SH,杰华特,电子,电子/电力设备/通信,10.92,11.01,36.23,历史新高,3,储能、半导体、芯片,3.06,2.57,抗住且相对强,,-5.34,59.11,50.62,加权Top20+新高+抗住且相对强
2026-04-17,2026-04-20,600707.SH,彩虹股份,电子,电子/电力设备/通信,10.03,9.06,30.19,1年新高,1,光学光电子,10.01,8.45,抗住且相对强,,6.94,40.56,50.32,加权Top20+新高+抗住且相对强
2026-04-08,2026-04-09,002947.SZ,恒铭达,电子,电子/电力设备/通信,9.03,9.66,28.07,历史新高,3,AI PC、储能、消费电子,10.0,9.51,抗住且相对强,,0.12,48.18,48.36,加权Top20+新高+抗住且相对强
2026-04-14,2026-04-15,300604.SZ,长川科技,电子,电子/电力设备/通信,3.35,31.05,18.67,20日新高,3,半导体、存储芯片、芯片,0.99,1.82,抗住且相对强,,-7.44,59.74,47.86,加权Top20+新高+抗住且相对强
2026-05-11,2026-05-12,688603.SH,天承科技,电子,电子/电力设备/通信,20.0,11.43,67.62,历史新高,3,PCB、先进封装、芯片,8.73,8.59,抗住且相对强,,2.81,41.67,45.65,加权Top20+新高+抗住且相对强
2026-04-14,2026-04-15,002156.SZ,通富微电,电子,电子/电力设备/通信,2.41,33.43,13.93,,6,AI PC、先进封装、共封装光学(CPO)、半导体、存储芯片、芯片,0.51,1.34,抗住且相对强,,-5.99,52.09,42.98,加权Top20+双红>=3+抗住且相对强
2026-04-08,2026-04-09,002851.SZ,麦格米特,电力设备,电子/电力设备/通信,9.29,17.48,38.84,,6,储能、光伏、芯片、英伟达、风电、高压快充,0.07,0.64,抗住且相对强,,-4.94,50.35,42.92,加权Top20+双红>=3+抗住且相对强
2026-04-17,2026-04-20,300136.SZ,信维通信,电子,电子/电力设备/通信,7.32,88.53,68.87,20日新高,2,6G、芯片,3.86,2.3,抗住且相对强,,8.5,30.82,41.94,加权Top20+新高+抗住且相对强
2026-04-14,2026-04-15,301189.SZ,奥尼电子,电子,电子/电力设备/通信,20.0,8.05,56.75,历史新高,2,消费电子、英伟达,20.0,20.83,抗住且相对强,,1.37,39.77,41.68,加权Top20+新高+抗住且相对强
2026-04-10,2026-04-13,001309.SZ,德明利,电子,电子/电力设备/通信,10.0,101.9,100.95,历史新高,5,AI PC、共封装光学(CPO)、半导体、存储芯片、芯片,7.66,6.85,抗住且相对强,,-7.4,52.23,40.97,加权Top20+新高+抗住且相对强
2026-04-16,2026-04-17,688359.SH,三孚新科,电子,电子/电力设备/通信,5.11,5.27,11.73,3年新高,1,TOPCON电池,4.16,2.63,抗住且相对强,,-2.14,43.07,40.01,加权Top20+新高+抗住且相对强
2026-04-08,2026-04-09,301486.SZ,致尚科技,电子,电子/电力设备/通信,8.62,16.53,35.05,,6,MR(混合现实)、光纤、共封装光学(CPO)、消费电子、芯片、通信设备,2.98,2.49,抗住且相对强,,2.58,34.56,38.03,加权Top20+双红>=3+抗住且相对强
2026-04-08,2026-04-09,002409.SZ,雅克科技,电子,电子/电力设备/通信,6.71,9.63,20.82,,5,先进封装、半导体、存储芯片、特高压、芯片,0.9,0.41,抗住且相对强,,-2.36,40.72,37.4,加权Top20+双红>=3+抗住且相对强
2026-04-17,2026-04-20,600330.SH,天通股份,电子,电子/电力设备/通信,10.03,8.2,28.72,历史新高,4,PCB、先进封装、光伏、芯片,9.99,8.43,抗住且相对强,,-1.18,37.0,35.38,加权Top20+新高+抗住且相对强
2026-05-27,2026-05-28,000636.SZ,风华高科,电子,电子/电力设备/机械设备,6.04,91.21,57.68,历史新高,1,MLCC,10.0,8.27,抗住且相对强,,-6.06,43.6,34.9,加权Top20+新高+抗住且相对强
2026-04-08,2026-04-09,300054.SZ,鼎龙股份,电子,电子/电力设备/通信,4.59,25.91,23.36,,3,先进封装、存储芯片、芯片,1.12,0.63,抗住且相对强,,-4.96,41.76,34.73,加权Top20+双红>=3+抗住且相对强
2026-04-17,2026-04-20,300184.SZ,力源信息,电子,电子/电力设备/通信,5.87,23.18,28.26,120日新高,4,6G、PCB、光伏、芯片,2.53,0.97,抗住且相对强,,-6.28,43.63,34.61,加权Top20+新高+抗住且相对强
2026-04-08,2026-04-09,688362.SH,甬矽电子,电子,电子/电力设备/通信,7.81,6.58,20.03,20日新高,4,MCU芯片、先进封装、半导体、芯片,2.59,2.1,抗住且相对强,,-8.85,47.26,34.23,加权Top20+新高+抗住且相对强
2026-04-14,2026-04-15,688809.SH,强一股份,电子,电子/电力设备/通信,5.38,12.39,18.94,20日新高,3,半导体、存储芯片、芯片,0.88,1.71,抗住且相对强,,-3.92,39.38,33.91,加权Top20+新高+抗住且相对强
2026-04-17,2026-04-20,603083.SH,剑桥科技,通信,电子/电力设备/通信,10.0,33.83,58.16,历史新高,2,共封装光学(CPO)、通信设备,4.82,7.77,抗住且相对强,,-5.95,40.53,32.16,加权Top20+新高+抗住且相对强
2026-04-16,2026-04-17,300769.SZ,德方纳米,电力设备,电子/电力设备/通信,4.13,12.55,14.63,60日新高,1,电池,-0.02,0.01,补跌但相对强,,2.04,29.01,31.64,加权Top20+新高+补跌但相对强
2026-04-08,2026-04-09,300037.SZ,新宙邦,电力设备,电子/电力设备/通信,5.81,11.93,20.07,,6,先进封装、固态电池、液冷服务器、电池、芯片、钠离子电池,3.0,3.57,抗住且相对强,,-2.96,34.28,30.31,加权Top20+双红>=3+抗住且相对强
2026-04-14,2026-04-15,603002.SH,宏昌电子,电子,电子/电力设备/通信,10.01,7.78,27.92,历史新高,4,PCB、先进封装、芯片、英伟达,0.16,0.99,抗住且相对强,,-4.67,36.63,30.24,加权Top20+新高+抗住且相对强
2026-04-10,2026-04-13,688525.SH,佰维存储,电子,电子/电力设备/通信,6.15,102.12,62.15,,6,AI PC、AI手机、AI眼镜、半导体、存储芯片、芯片,5.94,5.13,抗住且相对强,,-8.88,41.32,28.77,加权Top20+双红>=3+抗住且相对强
2026-05-11,2026-05-12,605111.SH,新洁能,电子,电子/电力设备/通信,5.75,18.52,24.75,20日新高,4,先进封装、光伏、半导体、芯片,2.27,2.13,抗住且相对强,,-5.8,35.47,27.61,加权Top20+新高+抗住且相对强
2026-04-17,2026-04-20,003031.SZ,中瓷电子,通信,电子/电力设备/通信,10.0,15.88,39.85,历史新高,4,6G、共封装光学(CPO)、芯片、通信设备,5.81,8.76,抗住且相对强,,-2.89,30.55,26.77,加权Top20+新高+抗住且相对强
2026-05-11,2026-05-12,300323.SZ,华灿光电,电子,电子/电力设备/通信,4.89,18.33,20.94,3年新高,4,AI眼镜、光学光电子、共封装光学(CPO)、芯片,6.17,6.03,抗住且相对强,,-2.0,29.36,26.77,加权Top20+新高+抗住且相对强
2026-04-17,2026-04-20,688416.SH,恒烁股份,电子,电子/电力设备/通信,6.41,6.49,16.33,20日新高,2,半导体、芯片,8.0,6.44,抗住且相对强,,-4.87,32.09,25.66,加权Top20+新高+抗住且相对强
2026-04-17,2026-04-20,600206.SH,有研新材,电子,电子/电力设备/通信,4.3,13.51,15.81,20日新高,4,先进封装、光纤、半导体、芯片,10.0,8.44,抗住且相对强,,-0.78,26.45,25.46,加权Top20+新高+抗住且相对强
2026-04-16,2026-04-17,300410.SZ,正业科技,电力设备,电子/电力设备/通信,7.24,5.82,17.47,20日新高,1,电池,1.87,1.9,抗住且相对强,,-1.15,26.17,24.72,加权Top20+新高+抗住且相对强
2026-04-17,2026-04-20,688313.SH,仕佳光子,通信,电子/电力设备/通信,9.49,65.18,76.62,历史新高,4,光纤、共封装光学(CPO)、芯片、通信设备,-0.35,2.6,补跌但相对强,,-5.23,31.53,24.65,加权Top20+新高+补跌但相对强
2026-04-14,2026-04-15,002364.SZ,中恒电气,电力设备,电子/电力设备/通信,9.99,36.3,60.19,历史新高,2,氢能源、虚拟电厂,2.14,2.7,抗住且相对强,,-1.38,26.36,24.62,加权Top20+新高+抗住且相对强
2026-04-10,2026-04-13,688183.SH,生益电子,电子,电子/电力设备/通信,7.09,31.57,39.84,20日新高,2,元件、共封装光学(CPO),11.26,10.45,抗住且相对强,,-7.94,34.94,24.23,加权Top20+新高+抗住且相对强
2026-04-14,2026-04-15,688733.SH,壹石通,电力设备,电子/电力设备/通信,6.48,3.24,11.66,,6,PCB、先进封装、存储芯片、燃料电池、芯片、钠离子电池,1.02,1.58,抗住且相对强,,-3.46,27.59,23.18,加权Top20+双红>=3+抗住且相对强
2026-04-08,2026-04-09,688361.SH,中科飞测,电子,电子/电力设备/通信,8.46,10.63,27.58,,4,先进封装、半导体、存储芯片、芯片,3.57,3.08,抗住且相对强,,-5.26,28.0,21.26,加权Top20+双红>=3+抗住且相对强
2026-05-11,2026-05-12,300820.SZ,英杰电气,电力设备,电子/电力设备/通信,8.05,7.11,21.46,20日新高,6,TOPCON电池、储能、光伏、可控核聚变、氢能源、芯片,0.4,1.45,抗住且相对强,,-2.28,24.06,21.23,加权Top20+新高+抗住且相对强
2026-05-11,2026-05-12,688598.SH,金博股份,电力设备,电子/电力设备/通信,13.26,4.47,28.03,20日新高,3,光伏、光伏设备、氢能源,1.9,2.95,抗住且相对强,,0.82,19.55,20.53,加权Top20+新高+抗住且相对强
2026-04-17,2026-04-20,300394.SZ,天孚通信,通信,电子/电力设备/通信,6.67,170.79,87.17,20日新高,4,先进封装、光纤、共封装光学(CPO)、通信设备,-1.26,1.69,补跌但相对强,,-4.88,26.67,20.49,加权Top20+新高+补跌但相对强
2026-04-08,2026-04-09,688702.SH,盛科通信-U,电子,电子/电力设备/通信,14.24,20.37,64.27,历史新高,2,半导体、芯片,0.67,0.18,抗住且相对强,,-4.34,25.55,20.1,加权Top20+新高+抗住且相对强
2026-05-11,2026-05-12,688120.SH,华海清科,电子,电子/电力设备/通信,5.59,16.73,22.86,历史新高,5,先进封装、半导体、半导体设备、存储芯片、芯片,13.65,13.51,抗住且相对强,,-2.78,23.29,19.87,加权Top20+新高+抗住且相对强
2026-04-17,2026-04-20,300570.SZ,太辰光,通信,电子/电力设备/通信,4.98,47.55,34.34,20日新高,4,光纤、共封装光学(CPO)、芯片、通信设备,-2.67,0.28,补跌但相对强,,-1.92,21.56,19.23,加权Top20+新高+补跌但相对强
2026-04-08,2026-04-09,000062.SZ,深圳华强,电子,电子/电力设备/通信,4.74,24.48,23.45,120日新高,4,6G、共封装光学(CPO)、存储芯片、芯片,2.37,1.88,抗住且相对强,,2.72,15.75,18.9,加权Top20+新高+抗住且相对强
2026-05-11,2026-05-12,300903.SZ,科翔股份,电子,电子/电力设备/通信,4.55,22.93,21.79,历史新高,7,PCB、储能、元件、先进封装、共封装光学(CPO)、存储芯片、芯片,14.04,13.9,抗住且相对强,,-2.24,21.5,18.78,加权Top20+新高+抗住且相对强
2026-04-10,2026-04-13,300390.SZ,天华新能,电力设备,电子/电力设备/通信,10.16,69.79,84.88,3年新高,5,储能、固态电池、存储芯片、电池、芯片,17.42,16.2,抗住且相对强,,2.25,15.27,17.86,加权Top20+新高+抗住且相对强
2026-05-11,2026-05-12,688126.SH,沪硅产业,电子,电子/电力设备/通信,5.22,38.68,32.46,120日新高,3,半导体、存储芯片、芯片,4.42,4.28,抗住且相对强,,-1.25,19.26,17.77,加权Top20+新高+抗住且相对强
2026-04-10,2026-04-13,300274.SZ,阳光电源,电力设备,电子/电力设备/通信,5.65,136.83,66.09,,5,储能、光伏、光伏设备、氢能源、虚拟电厂,2.64,1.42,抗住且相对强,,-6.45,25.66,17.55,加权Top20+双红>=3+抗住且相对强
2026-04-10,2026-04-13,001269.SZ,欧晶科技,电力设备,电子/电力设备/通信,10.01,1.04,10.21,,3,光伏、光伏设备、芯片,2.8,1.58,抗住且相对强,,-1.2,18.77,17.34,加权Top20+双红>=3+抗住且相对强
2026-04-17,2026-04-20,600885.SH,宏发股份,电力设备,电子/电力设备/通信,4.2,7.9,11.8,20日新高,1,光伏,0.88,2.69,抗住且相对强,,-4.53,22.24,16.7,加权Top20+新高+抗住且相对强
2026-05-11,2026-05-12,688200.SH,华峰测控,电子,电子/电力设备/通信,8.42,12.05,29.23,,3,半导体、半导体设备、芯片,1.65,1.51,抗住且相对强,,-2.97,19.98,16.42,加权Top20+双红>=3+抗住且相对强
2026-05-11,2026-05-12,688551.SH,科威尔,电力设备,电子/电力设备/通信,20.01,5.11,45.23,2年新高,4,储能、光伏、氢能源、芯片,3.21,4.26,抗住且相对强,,-3.82,20.91,16.29,加权Top20+新高+抗住且相对强
2026-05-11,2026-05-12,688072.SH,拓荆科技,电子,电子/电力设备/通信,8.88,41.71,57.35,历史新高,5,先进封装、半导体、半导体设备、存储芯片、芯片,0.56,0.42,抗住且相对强,,-6.54,23.57,15.49,加权Top20+新高+抗住且相对强
2026-04-08,2026-04-09,300236.SZ,上海新阳,电子,电子/电力设备/通信,9.27,10.07,29.42,,3,先进封装、存储芯片、芯片,1.17,0.68,抗住且相对强,,-0.48,15.91,15.36,加权Top20+双红>=3+抗住且相对强
2026-04-17,2026-04-20,300346.SZ,南大光电,电子,电子/电力设备/通信,3.04,21.23,14.01,20日新高,2,光伏、芯片,2.2,0.64,抗住且相对强,,8.44,6.24,15.21,加权Top20+新高+抗住且相对强
2026-04-17,2026-04-20,300593.SZ,新雷能,电力设备,电子/电力设备/通信,5.56,10.45,17.97,20日新高,1,芯片,0.92,2.73,抗住且相对强,,-5.84,22.17,15.03,加权Top20+新高+抗住且相对强
2026-04-17,2026-04-20,603212.SH,赛伍技术,电力设备,电子/电力设备/通信,5.89,3.91,11.65,,4,TOPCON电池、先进封装、光伏、芯片,-0.58,1.23,补跌但相对强,,0.32,14.31,14.67,加权Top20+双红>=3+补跌但相对强
2026-05-11,2026-05-12,002436.SZ,兴森科技,电子,电子/电力设备/通信,3.62,49.66,25.51,历史新高,7,6G、PCB、元件、先进封装、共封装光学(CPO)、存储芯片、芯片,0.84,0.7,抗住且相对强,,-7.27,23.21,14.26,加权Top20+新高+抗住且相对强
2026-04-16,2026-04-17,603032.SH,德新科技,电力设备,电子/电力设备/通信,9.98,6.79,26.01,60日新高,1,电池,2.75,2.78,抗住且相对强,,4.51,9.07,13.99,加权Top20+新高+抗住且相对强
2026-05-11,2026-05-12,688545.SH,兴福电子,电子,电子/电力设备/通信,20.0,20.28,90.07,历史新高,4,先进封装、光刻胶、存储芯片、芯片,5.82,5.68,抗住且相对强,,-4.12,18.86,13.97,加权Top20+新高+抗住且相对强
2026-04-17,2026-04-20,301297.SZ,富乐德,电子,电子/电力设备/通信,7.61,7.67,21.08,20日新高,2,半导体、芯片,4.2,2.64,抗住且相对强,,-1.77,15.18,13.15,加权Top20+新高+抗住且相对强
2026-04-10,2026-04-13,688411.SH,海博思创,电力设备,电子/电力设备/通信,3.13,12.46,11.05,,3,储能、固态电池、钠离子电池,1.6,0.38,抗住且相对强,,-5.42,19.6,13.12,加权Top20+双红>=3+抗住且相对强
2026-04-14,2026-04-15,002929.SZ,润建股份,通信,电子/电力设备/通信,4.98,21.72,23.21,1年新高,2,MR(混合现实)、虚拟电厂,-0.79,0.55,补跌但相对强,,-0.43,12.37,11.89,加权Top20+新高+补跌但相对强
2026-04-08,2026-04-09,301183.SZ,东田微,电子,电子/电力设备/通信,9.88,27.13,51.46,60日新高,3,6G、光学光电子、共封装光学(CPO),2.42,1.93,抗住且相对强,,-5.49,18.1,11.62,加权Top20+新高+抗住且相对强
2026-04-08,2026-04-09,688256.SH,寒武纪,电子,电子/电力设备/通信,4.02,121.36,44.29,20日新高,3,先进封装、半导体、芯片,2.92,2.43,抗住且相对强,,-4.39,16.74,11.62,加权Top20+新高+抗住且相对强
2026-04-10,2026-04-13,002213.SZ,大为股份,电子,电子/电力设备/通信,4.18,22.85,19.98,60日新高,3,半导体、存储芯片、芯片,2.21,1.4,抗住且相对强,,-2.15,13.94,11.49,加权Top20+新高+抗住且相对强
2026-04-08,2026-04-09,688676.SH,金盘科技,电力设备,电子/电力设备/通信,14.53,18.69,62.82,,5,储能、光伏、电网设备、雅下水电、风电,4.59,5.16,抗住且相对强,,-5.04,16.83,10.94,加权Top20+双红>=3+抗住且相对强
2026-04-10,2026-04-13,002600.SZ,领益智造,电子,电子/电力设备/通信,2.41,14.09,9.05,,9,AI PC、AI手机、AI眼镜、储能、光伏、共封装光学(CPO)、消费电子、液冷服务器、英伟达,1.03,0.22,抗住且相对强,,0.6,10.14,10.8,加权Top20+双红>=3+抗住且相对强
2026-04-08,2026-04-09,300617.SZ,安靠智电,电力设备,电子/电力设备/通信,10.35,4.94,23.0,,6,储能、光伏、特高压、电网设备、虚拟电厂、风电,0.61,1.18,抗住且相对强,,3.67,6.76,10.68,加权Top20+双红>=3+抗住且相对强
2026-04-17,2026-04-20,301002.SZ,崧盛股份,电力设备,电子/电力设备/通信,7.23,4.27,14.94,20日新高,2,光伏、光学光电子,0.71,2.52,抗住且相对强,,-0.83,11.37,10.45,加权Top20+新高+抗住且相对强
2026-06-03,2026-06-04,301611.SZ,珂玛科技,电子,电子/通信/电力设备,9.56,17.86,40.4,,4,光刻机、半导体、存储芯片、芯片,10.42,8.16,抗住且相对强,,0.02,10.42,10.44,加权Top20+双红>=3+抗住且相对强
2026-04-10,2026-04-13,002222.SZ,福晶科技,电子,电子/电力设备/通信,4.64,38.06,28.63,历史新高,1,共封装光学(CPO),1.08,0.27,抗住且相对强,,-2.88,13.71,10.44,加权Top20+新高+抗住且相对强
2026-04-17,2026-04-20,688502.SH,茂莱光学,电子,电子/电力设备/通信,16.33,12.51,57.76,20日新高,2,光学光电子、芯片,13.23,11.67,抗住且相对强,,-1.8,12.43,10.4,加权Top20+新高+抗住且相对强
2026-04-16,2026-04-17,300438.SZ,鹏辉能源,电力设备,电子/电力设备/通信,9.05,44.44,60.33,3年新高,2,电池、锂电池,0.58,0.61,抗住且相对强,,-2.05,12.61,10.3,加权Top20+新高+抗住且相对强
2026-04-10,2026-04-13,301487.SZ,盟固利,电力设备,电子/电力设备/通信,3.71,3.91,7.34,,3,固态电池、电池、钠离子电池,2.02,0.8,抗住且相对强,,1.25,8.89,10.25,加权Top20+双红>=3+抗住且相对强
2026-04-08,2026-04-09,600498.SH,烽火通信,通信,电子/电力设备/通信,5.0,61.83,39.32,,8,6G、MCU芯片、光纤、共封装光学(CPO)、液冷服务器、特高压、芯片、通信设备,7.22,6.21,抗住且相对强,,7.07,2.93,10.2,加权Top20+双红>=3+抗住且相对强
2026-04-10,2026-04-13,002534.SZ,西子洁能,电力设备,电子/电力设备/通信,5.36,4.72,11.64,,3,储能、光伏、燃料电池,2.91,1.69,抗住且相对强,,-1.55,11.9,10.17,加权Top20+双红>=3+抗住且相对强
2026-04-08,2026-04-09,300684.SZ,中石科技,电子,电子/电力设备/通信,8.51,5.83,20.55,,6,AI PC、MR(混合现实)、储能、光伏、共封装光学(CPO)、液冷服务器,0.97,0.48,抗住且相对强,,1.03,8.91,10.03,加权Top20+双红>=3+抗住且相对强
2026-05-11,2026-05-12,300661.SZ,圣邦股份,电子,电子/电力设备/通信,11.31,52.72,82.12,3年新高,4,共封装光学(CPO)、半导体、存储芯片、芯片,5.06,4.92,抗住且相对强,,-4.87,15.09,9.49,加权Top20+新高+抗住且相对强
2026-04-08,2026-04-09,688150.SH,莱特光电,电子,电子/电力设备/通信,13.66,9.14,41.3,历史新高,2,PCB、钙钛矿电池,1.78,1.29,抗住且相对强,,-4.21,14.08,9.28,加权Top20+新高+抗住且相对强
2026-05-11,2026-05-12,300398.SZ,飞凯材料,电子,电子/电力设备/通信,8.05,32.51,45.9,历史新高,6,先进封装、光伏、光刻胶、光纤、存储芯片、芯片,1.92,1.78,抗住且相对强,,-0.27,8.48,8.18,加权Top20+新高+抗住且相对强
2026-05-11,2026-05-12,688535.SH,华海诚科,电子,电子/电力设备/通信,5.77,11.08,19.21,历史新高,5,先进封装、光伏、半导体、存储芯片、芯片,0.96,0.82,抗住且相对强,,-3.32,11.7,7.99,加权Top20+新高+抗住且相对强
2026-06-02,2026-06-03,002484.SZ,江海股份,电子,电子/电力设备/通信,5.45,56.4,40.93,历史新高,1,MLCC,4.95,2.65,抗住且相对强,,-6.59,15.44,7.84,加权Top20+新高+抗住且相对强
2026-05-11,2026-05-12,688783.SH,西安奕材-U,电子,电子/电力设备/通信,11.06,17.76,46.61,120日新高,4,MCU芯片、半导体、存储芯片、芯片,0.85,0.71,抗住且相对强,,-4.8,13.22,7.78,加权Top20+新高+抗住且相对强
2026-06-02,2026-06-03,002859.SZ,洁美科技,电子,电子/电力设备/通信,7.13,25.29,35.86,历史新高,2,MLCC、PET铜箔,7.86,5.56,抗住且相对强,,-8.3,17.4,7.66,加权Top20+新高+抗住且相对强
2026-04-10,2026-04-13,002245.SZ,蔚蓝锂芯,电力设备,电子/电力设备/通信,2.41,24.44,11.91,20日新高,6,储能、固态电池、电池、芯片、钠离子电池、锂电池,1.41,0.19,抗住且相对强,,-1.39,9.05,7.53,加权Top20+新高+抗住且相对强
2026-04-17,2026-04-20,300131.SZ,英唐智控,电子,电子/电力设备/通信,3.49,20.24,15.7,20日新高,2,共封装光学(CPO)、芯片,2.99,1.43,抗住且相对强,,-1.69,9.04,7.2,加权Top20+新高+抗住且相对强
2026-04-17,2026-04-20,603052.SH,可川科技,电子,电子/电力设备/通信,10.0,9.12,30.2,历史新高,2,共封装光学(CPO)、芯片,10.01,8.45,抗住且相对强,,-5.66,12.8,6.42,加权Top20+新高+抗住且相对强
2026-04-17,2026-04-20,601231.SH,环旭电子,电子,电子/电力设备/通信,5.88,26.85,30.47,20日新高,2,共封装光学(CPO)、芯片,5.45,3.89,抗住且相对强,,-6.77,13.89,6.18,加权Top20+新高+抗住且相对强
2026-04-08,2026-04-09,300548.SZ,长芯博创,通信,电子/电力设备/通信,13.96,66.32,113.69,历史新高,5,光纤、共封装光学(CPO)、芯片、通信设备、铜缆高速连接,12.34,11.33,抗住且相对强,,-4.78,11.44,6.11,加权Top20+新高+抗住且相对强
2026-06-03,2026-06-04,002056.SZ,横店东磁,电力设备,电子/通信/电力设备,7.17,32.26,40.72,历史新高,5,BC电池、MLCC、TOPCON电池、光伏、钙钛矿电池,6.98,8.94,抗住且相对强,,-0.88,6.98,6.04,加权Top20+新高+抗住且相对强
2026-04-14,2026-04-15,688110.SH,东芯股份,电子,电子/电力设备/通信,2.45,17.13,10.14,,4,AI PC、半导体、存储芯片、芯片,-0.67,0.16,补跌但相对强,,-4.55,10.93,5.89,加权Top20+双红>=3+补跌但相对强
2026-04-10,2026-04-13,301536.SZ,星宸科技,电子,电子/电力设备/通信,2.87,4.82,6.3,,3,AI眼镜、半导体、芯片,2.15,1.34,抗住且相对强,,-0.68,6.45,5.73,加权Top20+双红>=3+抗住且相对强
2026-04-08,2026-04-09,002241.SZ,歌尔股份,电子,电子/电力设备/通信,5.75,21.77,26.83,,4,AI眼镜、MR(混合现实)、消费电子、芯片,0.64,0.15,抗住且相对强,,-0.48,5.95,5.44,加权Top20+双红>=3+抗住且相对强
2026-05-11,2026-05-12,600703.SH,三安光电,电子,电子/电力设备/通信,4.97,59.11,38.21,20日新高,6,AI眼镜、先进封装、光伏、光学光电子、共封装光学(CPO)、芯片,4.24,4.1,抗住且相对强,,-0.88,6.36,5.42,加权Top20+新高+抗住且相对强
2026-05-11,2026-05-12,002371.SZ,北方华创,电子,电子/电力设备/通信,5.99,82.26,54.33,历史新高,5,光伏、半导体、半导体设备、存储芯片、芯片,1.44,1.3,抗住且相对强,,-3.77,9.39,5.26,加权Top20+新高+抗住且相对强
2026-04-08,2026-04-09,000070.SZ,特发信息,通信,电子/电力设备/通信,4.69,26.7,24.23,,6,6G、光伏、光纤、共封装光学(CPO)、特高压、通信设备,10.01,9.0,抗住且相对强,,7.5,-2.37,4.95,加权Top20+双红>=3+抗住且相对强
2026-06-02,2026-06-03,301419.SZ,阿莱德,通信,电子/电力设备/通信,20.0,7.38,54.33,历史新高,1,通信设备,12.21,7.43,抗住且相对强,,-1.42,6.42,4.91,加权Top20+新高+抗住且相对强
2026-04-10,2026-04-13,300782.SZ,卓胜微,电子,电子/电力设备/通信,2.42,37.08,14.74,1年新高,2,半导体、芯片,2.16,1.35,抗住且相对强,,-0.08,4.97,4.88,加权Top20+新高+抗住且相对强
2026-04-10,2026-04-13,001287.SZ,中电港,电子,电子/电力设备/通信,3.28,13.72,12.15,20日新高,5,MCU芯片、储能、存储芯片、芯片、英伟达,2.01,1.2,抗住且相对强,,-0.04,4.81,4.77,加权Top20+新高+抗住且相对强
2026-05-11,2026-05-12,601126.SH,四方股份,电力设备,电子/电力设备/通信,7.2,22.12,33.86,历史新高,8,储能、光伏、氢能源、特高压、电网设备、虚拟电厂、雅下水电、风电,7.67,8.72,抗住且相对强,,-3.39,8.37,4.7,加权Top20+新高+抗住且相对强
2026-05-11,2026-05-12,688234.SH,天岳先进,电子,电子/电力设备/通信,15.27,26.52,78.64,3年新高,3,AI眼镜、半导体、芯片,3.8,3.66,抗住且相对强,,-5.87,11.06,4.54,加权Top20+新高+抗住且相对强
2026-05-11,2026-05-12,688037.SH,芯源微,电子,电子/电力设备/通信,3.73,30.28,20.53,,6,先进封装、光刻胶、半导体、半导体设备、存储芯片、芯片,15.76,15.62,抗住且相对强,,-4.42,9.37,4.53,加权Top20+双红>=3+抗住且相对强
2026-05-11,2026-05-12,300537.SZ,广信材料,电子,电子/电力设备/通信,8.71,7.57,23.96,120日新高,6,BC电池、PCB、光伏、光刻胶、华为手机、芯片,1.7,1.56,抗住且相对强,,6.31,-1.9,4.29,加权Top20+新高+抗住且相对强
2026-04-08,2026-04-09,301630.SZ,同宇新材,电子,电子/电力设备/通信,8.3,10.72,27.18,20日新高,1,PCB,1.92,1.43,抗住且相对强,,-2.89,7.25,4.15,加权Top20+新高+抗住且相对强
2026-06-03,2026-06-04,688432.SH,有研硅,电子,电子/通信/电力设备,5.82,6.23,14.53,,3,半导体、存储芯片、芯片,7.43,5.17,抗住且相对强,,-3.07,7.43,4.14,加权Top20+双红>=3+抗住且相对强
2026-05-11,2026-05-12,688766.SH,普冉股份,电子,电子/电力设备/通信,20.0,38.88,124.71,历史新高,4,MCU芯片、半导体、存储芯片、芯片,4.69,4.55,抗住且相对强,,-7.34,12.17,3.93,加权Top20+新高+抗住且相对强
2026-04-10,2026-04-13,300763.SZ,锦浪科技,电力设备,电子/电力设备/通信,3.22,26.63,16.62,,4,储能、光伏、光伏设备、芯片,1.4,0.18,抗住且相对强,,-8.07,13.06,3.93,加权Top20+双红>=3+抗住且相对强
2026-05-11,2026-05-12,603061.SH,金海通,电子,电子/电力设备/通信,10.0,12.7,35.64,历史新高,3,半导体、半导体设备、芯片,10.0,9.86,抗住且相对强,,-6.76,11.44,3.91,加权Top20+新高+抗住且相对强
2026-04-17,2026-04-20,300476.SZ,胜宏科技,电子,电子/电力设备/通信,7.55,215.82,110.92,60日新高,6,AI PC、PCB、元件、光伏、共封装光学(CPO)、芯片,5.08,3.52,抗住且相对强,,-7.59,12.35,3.82,加权Top20+新高+抗住且相对强
2026-06-03,2026-06-04,688079.SH,美迪凯,电子,电子/通信/电力设备,12.86,18.76,55.7,历史新高,5,AI眼镜、先进封装、光刻机、光学光电子、芯片,5.46,3.2,抗住且相对强,,-2.35,5.46,2.99,加权Top20+新高+抗住且相对强
2026-06-03,2026-06-04,688371.SH,菲沃泰,电子,电子/通信/电力设备,6.27,7.79,17.5,,3,AI眼镜、共封装光学(CPO)、液冷服务器,6.14,3.88,抗住且相对强,,-3.06,6.14,2.89,加权Top20+双红>=3+抗住且相对强
2026-05-11,2026-05-12,688536.SH,思瑞浦,电子,电子/电力设备/通信,12.17,27.71,64.06,2年新高,5,MCU芯片、储能、共封装光学(CPO)、半导体、芯片,4.11,3.97,抗住且相对强,,-4.24,7.44,2.88,加权Top20+新高+抗住且相对强
2026-04-14,2026-04-15,688387.SH,信科移动-U,通信,电子/电力设备/通信,11.32,21.96,53.05,20日新高,2,6G、芯片,2.24,3.58,抗住且相对强,,6.59,-3.57,2.78,加权Top20+新高+抗住且相对强
2026-05-11,2026-05-12,688392.SH,XD骄成超,电力设备,电子/电力设备/通信,10.96,8.88,32.66,历史新高,3,先进封装、液冷服务器、芯片,2.85,3.9,抗住且相对强,,-3.01,5.9,2.71,加权Top20+新高+抗住且相对强
2026-05-11,2026-05-12,688390.SH,固德威,电力设备,电子/电力设备/通信,6.76,15.48,26.6,2年新高,4,储能、光伏、光伏设备、虚拟电厂,2.9,3.95,抗住且相对强,,-13.03,17.44,2.14,加权Top20+新高+抗住且相对强
2026-05-27,2026-05-28,603989.SH,艾华集团,电子,电子/电力设备/机械设备,10.02,13.54,36.87,3年新高,1,MLCC,9.99,8.26,抗住且相对强,,3.65,-1.95,1.63,加权Top20+新高+抗住且相对强
2026-06-03,2026-06-04,688233.SH,神工股份,电子,电子/通信/电力设备,8.4,9.31,25.63,,3,半导体、存储芯片、芯片,3.37,1.11,抗住且相对强,,-1.91,3.37,1.39,加权Top20+双红>=3+抗住且相对强
2026-04-10,2026-04-13,300671.SZ,富满微,电子,电子/电力设备/通信,4.71,8.82,13.99,20日新高,4,MCU芯片、半导体、存储芯片、芯片,10.26,9.45,抗住且相对强,,-2.73,4.19,1.34,加权Top20+新高+抗住且相对强
2026-04-08,2026-04-09,002922.SZ,伊戈尔,电子,电子/电力设备/通信,9.11,7.79,25.43,,3,储能、光伏、高压快充,1.1,0.61,抗住且相对强,,-2.8,4.19,1.27,加权Top20+双红>=3+抗住且相对强
2026-05-11,2026-05-12,688019.SH,安集科技,电子,电子/电力设备/通信,5.55,18.49,23.86,20日新高,4,先进封装、光刻胶、存储芯片、芯片,0.48,0.34,抗住且相对强,,-3.39,4.59,1.04,加权Top20+新高+抗住且相对强
2026-06-03,2026-06-04,300316.SZ,晶盛机电,电力设备,电子/通信/电力设备,3.0,16.57,12.21,,7,AI眼镜、BC电池、TOPCON电池、先进封装、光伏、存储芯片、芯片,1.24,3.2,抗住且相对强,,-0.24,1.24,1.0,加权Top20+双红>=3+抗住且相对强
2026-06-03,2026-06-04,688106.SH,金宏气体,电子,电子/通信/电力设备,5.58,10.21,17.83,,4,光伏、可控核聚变、存储芯片、芯片,5.06,2.8,抗住且相对强,,-4.28,5.06,0.56,加权Top20+双红>=3+抗住且相对强
2026-05-11,2026-05-12,300292.SZ,吴通控股,通信,电子/电力设备/通信,11.07,16.39,44.82,1年新高,4,储能、光纤、共封装光学(CPO)、通信服务,15.03,12.35,抗住且相对强,,5.31,-4.58,0.49,加权Top20+新高+抗住且相对强
2026-06-03,2026-06-04,002456.SZ,欧菲光,电子,电子/通信/电力设备,3.15,22.4,14.91,60日新高,2,AI眼镜、光学光电子,2.34,0.08,抗住且相对强,,-1.89,2.34,0.41,加权Top20+新高+抗住且相对强
2026-06-03,2026-06-04,002897.SZ,意华股份,通信,电子/通信/电力设备,3.4,28.78,18.24,历史新高,6,6G、光伏、共封装光学(CPO)、液冷服务器、通信设备、铜缆高速连接,5.43,5.36,抗住且相对强,,-4.89,5.43,0.27,加权Top20+新高+抗住且相对强
2026-06-03,2026-06-04,688484.SH,南芯科技,电子,电子/通信/电力设备,5.37,6.54,13.73,,6,AI手机、AI眼镜、MCU芯片、半导体、液冷服务器、芯片,3.0,0.74,抗住且相对强,,-2.93,3.0,-0.02,加权Top20+双红>=3+抗住且相对强
2026-04-08,2026-04-09,300686.SZ,智动力,电子,电子/电力设备/通信,18.01,7.59,49.62,20日新高,2,固态电池、消费电子,2.08,1.59,抗住且相对强,,-9.95,10.92,-0.11,加权Top20+新高+抗住且相对强
2026-06-03,2026-06-04,000021.SZ,深科技,电子,电子/通信/电力设备,3.01,72.91,25.7,,4,先进封装、共封装光学(CPO)、存储芯片、芯片,3.6,1.34,抗住且相对强,,-3.91,3.6,-0.45,加权Top20+双红>=3+抗住且相对强
2026-06-03,2026-06-04,688082.SH,盛美上海,电子,电子/通信/电力设备,12.39,36.42,74.77,,5,先进封装、半导体、半导体设备、存储芯片、芯片,6.94,4.68,抗住且相对强,,-7.21,6.94,-0.77,加权Top20+双红>=3+抗住且相对强
2026-04-10,2026-04-13,688275.SH,万润新能,电力设备,电子/电力设备/通信,9.49,10.41,30.62,,4,储能、固态电池、电池、钠离子电池,1.68,0.46,抗住且相对强,,-3.54,2.83,-0.81,加权Top20+双红>=3+抗住且相对强
2026-06-03,2026-06-04,603986.SH,兆易创新,电子,电子/通信/电力设备,3.69,288.39,62.66,,5,MCU芯片、光伏、半导体、存储芯片、芯片,7.53,5.27,抗住且相对强,,-7.8,7.53,-0.85,加权Top20+双红>=3+抗住且相对强
2026-06-03,2026-06-04,002951.SZ,金时科技,电力设备,电子/通信/电力设备,5.62,8.54,16.42,3年新高,1,MLCC,9.98,11.94,抗住且相对强,,-10.0,9.98,-1.02,加权Top20+新高+抗住且相对强
2026-05-11,2026-05-12,688800.SH,瑞可达,电子,电子/电力设备/通信,5.56,21.17,25.58,历史新高,6,6G、储能、光伏、液冷服务器、铜缆高速连接、高压快充,7.06,6.92,抗住且相对强,,-6.59,5.69,-1.27,加权Top20+新高+抗住且相对强
2026-04-08,2026-04-09,603175.SH,超颖电子,电子,电子/电力设备/通信,10.0,4.69,21.66,,4,PCB、元件、存储芯片、芯片,5.32,4.83,抗住且相对强,,-2.36,-0.05,-2.41,加权Top20+双红>=3+抗住且相对强
2026-04-14,2026-04-15,688418.SH,震有科技,通信,电子/电力设备/通信,11.92,7.63,32.93,20日新高,1,6G,-1.26,0.08,补跌但相对强,,3.15,-5.56,-2.59,加权Top20+新高+补跌但相对强
2026-04-14,2026-04-15,600152.SH,维科技术,电力设备,电子/电力设备/通信,9.99,11.03,33.18,3年新高,1,钠离子电池,1.51,2.07,抗住且相对强,,-3.35,0.34,-3.02,加权Top20+新高+抗住且相对强
2026-05-11,2026-05-12,603920.SH,世运电路,电子,电子/电力设备/通信,5.63,39.35,35.32,20日新高,6,AI眼镜、PCB、储能、元件、光伏、共封装光学(CPO),5.35,5.21,抗住且相对强,,-2.3,-0.78,-3.06,加权Top20+新高+抗住且相对强
2026-04-10,2026-04-13,300750.SZ,宁德时代,电力设备,电子/电力设备/通信,6.67,207.52,96.09,,5,储能、固态电池、电池、钠离子电池、锂电池,2.68,1.46,抗住且相对强,,-1.27,-1.88,-3.12,加权Top20+双红>=3+抗住且相对强
2026-06-03,2026-06-04,688147.SH,微导纳米,电力设备,电子/通信/电力设备,3.58,11.24,12.0,,9,BC电池、TOPCON电池、先进封装、光伏、半导体、半导体设备、存储芯片、芯片、钙钛矿电池,2.85,4.81,抗住且相对强,,-5.91,2.85,-3.23,加权Top20+双红>=3+抗住且相对强
2026-04-08,2026-04-09,002202.SZ,金风科技,电力设备,电子/电力设备/通信,4.15,65.61,33.62,,4,储能、氢能源、特高压、风电,0.0,0.57,抗住且相对强,,-2.67,-0.88,-3.53,加权Top20+双红>=3+抗住且相对强
2026-05-11,2026-05-12,603063.SH,禾望电气,电力设备,电子/电力设备/通信,10.0,27.2,52.15,历史新高,4,储能、光伏、氢能源、风电,-0.72,0.33,补跌但相对强,,-2.8,-1.15,-3.92,加权Top20+新高+补跌但相对强
2026-05-11,2026-05-12,002273.SZ,水晶光电,电子,电子/电力设备/通信,4.34,47.19,29.81,历史新高,6,AI手机、AI眼镜、储能、光学光电子、共封装光学(CPO)、华为手机,0.66,0.52,抗住且相对强,,-2.58,-1.48,-4.03,加权Top20+新高+抗住且相对强
2026-04-14,2026-04-15,688047.SH,龙芯中科,电子,电子/电力设备/通信,2.83,12.65,10.07,,3,MCU芯片、半导体、芯片,-0.14,0.69,补跌但相对强,,-2.95,-1.19,-4.11,加权Top20+双红>=3+补跌但相对强
2026-04-16,2026-04-17,603906.SH,龙蟠科技,电力设备,电子/电力设备/通信,10.01,5.86,24.23,3年新高,1,电池,3.75,3.78,抗住且相对强,,0.97,-5.15,-4.23,加权Top20+新高+抗住且相对强
2026-05-11,2026-05-12,688508.SH,芯朋微,电子,电子/电力设备/通信,6.18,12.35,21.72,,3,半导体、芯片、高压快充,7.83,7.69,抗住且相对强,,-4.48,0.0,-4.48,加权Top20+双红>=3+抗住且相对强
2026-05-11,2026-05-12,300223.SZ,北京君正,电子,电子/电力设备/通信,9.11,69.79,76.11,60日新高,5,AI眼镜、MCU芯片、半导体、存储芯片、芯片,0.51,0.37,抗住且相对强,,-7.35,2.96,-4.6,加权Top20+新高+抗住且相对强
2026-04-17,2026-04-20,600776.SH,东方通信,通信,电子/电力设备/通信,7.17,14.49,27.29,20日新高,1,通信设备,0.3,3.25,抗住且相对强,,10.01,-13.44,-4.78,加权Top20+新高+抗住且相对强
2026-04-10,2026-04-13,688148.SH,芳源股份,电力设备,电子/电力设备/通信,5.41,2.11,7.86,,3,固态电池、电池、芯片,3.96,2.74,抗住且相对强,,2.12,-6.76,-4.78,加权Top20+双红>=3+抗住且相对强
2026-04-14,2026-04-15,002580.SZ,圣阳股份,电力设备,电子/电力设备/通信,10.01,39.26,62.72,历史新高,2,液冷服务器、钠离子电池,10.01,10.57,抗住且相对强,,-5.37,0.52,-4.88,加权Top20+新高+抗住且相对强
2026-04-17,2026-04-20,002217.SZ,合力泰,电子,电子/电力设备/通信,9.84,13.27,35.85,20日新高,2,PCB、光学光电子,10.07,8.51,抗住且相对强,,0.0,-5.22,-5.22,加权Top20+新高+抗住且相对强
2026-04-17,2026-04-20,688499.SH,利元亨,电力设备,电子/电力设备/通信,5.4,4.38,11.3,20日新高,1,光伏,0.93,2.74,抗住且相对强,,1.21,-6.49,-5.36,加权Top20+新高+抗住且相对强
2026-04-08,2026-04-09,301291.SZ,明阳电气,电力设备,电子/电力设备/通信,10.45,7.09,27.83,,5,储能、光伏、氢能源、电网设备、风电,-0.38,0.19,补跌但相对强,,-4.78,-1.09,-5.82,加权Top20+双红>=3+补跌但相对强
2026-05-11,2026-05-12,688127.SH,蓝特光学,电子,电子/电力设备/通信,5.14,12.74,18.35,历史新高,4,光刻机、光学光电子、共封装光学(CPO)、芯片,1.51,1.37,抗住且相对强,,-2.09,-4.03,-6.03,加权Top20+新高+抗住且相对强
2026-04-14,2026-04-15,688388.SH,嘉元科技,电力设备,电子/电力设备/通信,3.8,14.41,14.42,20日新高,2,PCB、共封装光学(CPO),1.14,1.7,抗住且相对强,,-3.29,-3.08,-6.27,加权Top20+新高+抗住且相对强
2026-04-08,2026-04-09,603803.SH,瑞斯康达,通信,电子/电力设备/通信,6.63,9.7,20.65,,4,6G、共封装光学(CPO)、芯片、通信设备,2.43,1.42,抗住且相对强,,1.08,-7.43,-6.43,加权Top20+双红>=3+抗住且相对强
2026-05-11,2026-05-12,301308.SZ,江波龙,电子,电子/电力设备/通信,15.97,145.99,192.96,历史新高,7,AI PC、AI手机、AI眼镜、先进封装、半导体、存储芯片、芯片,0.89,0.75,抗住且相对强,,-8.53,2.12,-6.59,加权Top20+新高+抗住且相对强
2026-04-08,2026-04-09,300053.SZ,航宇微,电子,电子/电力设备/通信,7.36,7.57,20.25,,5,MCU芯片、先进封装、半导体、存储芯片、芯片,0.57,0.08,抗住且相对强,,4.44,-10.59,-6.63,加权Top20+双红>=3+抗住且相对强
2026-05-11,2026-05-12,688601.SH,力芯微,电子,电子/电力设备/通信,12.14,10.75,39.8,20日新高,4,AI手机、AI眼镜、半导体、芯片,8.64,8.5,抗住且相对强,,-2.31,-4.53,-6.74,加权Top20+新高+抗住且相对强
2026-05-11,2026-05-12,600601.SH,方正科技,电子,电子/电力设备/通信,9.98,53.76,73.17,60日新高,3,PCB、元件、共封装光学(CPO),7.35,7.21,抗住且相对强,,-1.58,-5.33,-6.82,加权Top20+新高+抗住且相对强
2026-04-10,2026-04-13,600482.SH,中国动力,电力设备,电子/电力设备/通信,10.01,18.05,42.53,3年新高,5,储能、固态电池、氢能源、燃料电池、钠离子电池,1.88,0.66,抗住且相对强,,-5.58,-1.56,-7.05,加权Top20+新高+抗住且相对强
2026-06-03,2026-06-04,688820.SH,盛合晶微,电子,电子/通信/电力设备,3.56,69.73,29.73,,4,先进封装、半导体、存储芯片、芯片,2.45,0.19,抗住且相对强,,-9.47,2.45,-7.25,加权Top20+双红>=3+抗住且相对强
2026-05-11,2026-05-12,688785.SH,恒运昌,电子,电子/电力设备/通信,9.14,6.48,23.27,20日新高,3,半导体、半导体设备、芯片,9.87,9.73,抗住且相对强,,3.01,-10.1,-7.4,加权Top20+新高+抗住且相对强
2026-04-10,2026-04-13,300919.SZ,中伟新材,电力设备,电子/电力设备/通信,2.6,13.68,9.62,,4,储能、固态电池、电池、钠离子电池,3.79,2.57,抗住且相对强,,-1.56,-6.05,-7.52,加权Top20+双红>=3+抗住且相对强
2026-05-11,2026-05-12,688652.SH,京仪装备,电子,电子/电力设备/通信,10.28,15.79,40.85,历史新高,4,半导体、半导体设备、存储芯片、芯片,2.4,2.26,抗住且相对强,,-3.61,-4.08,-7.54,加权Top20+新高+抗住且相对强
2026-04-10,2026-04-13,600884.SH,杉杉股份,电力设备,电子/电力设备/通信,5.79,22.68,27.57,20日新高,5,储能、光伏、固态电池、电池、钠离子电池,2.43,1.21,抗住且相对强,,0.81,-8.31,-7.56,加权Top20+新高+抗住且相对强
2026-05-11,2026-05-12,600198.SH,大唐电信,通信,电子/电力设备/通信,9.95,6.33,25.03,20日新高,4,MCU芯片、半导体、芯片、通信设备,3.91,1.23,抗住且相对强,,-3.03,-4.84,-7.72,加权Top20+新高+抗住且相对强
2026-04-08,2026-04-09,300870.SZ,欧陆通,电力设备,电子/电力设备/通信,8.07,16.19,32.47,,3,储能、光伏、液冷服务器,3.23,3.8,抗住且相对强,,-2.76,-5.37,-7.98,加权Top20+双红>=3+抗住且相对强
2026-05-11,2026-05-12,600089.SH,特变电工,电力设备,电子/电力设备/通信,2.87,70.86,24.16,,7,储能、光伏、特高压、虚拟电厂、雅下水电、风电、高压快充,3.43,4.48,抗住且相对强,,0.23,-8.33,-8.12,加权Top20+双红>=3+抗住且相对强
2026-04-14,2026-04-15,688521.SH,芯原股份,电子,电子/电力设备/通信,2.65,66.05,21.54,,6,AI手机、AI眼镜、MCU芯片、先进封装、半导体、芯片,3.56,4.39,抗住且相对强,,-7.36,-0.98,-8.27,加权Top20+双红>=3+抗住且相对强
2026-04-15,2026-04-16,603897.SH,长城科技,电力设备,电子/电力设备/通信,7.28,9.41,22.33,3年新高,1,电网设备,10.0,7.58,抗住且相对强,,-1.61,-6.85,-8.35,加权Top20+新高+抗住且相对强
2026-04-14,2026-04-15,300857.SZ,协创数据,电子,电子/电力设备/通信,20.0,42.21,129.94,,6,AI眼镜、共封装光学(CPO)、存储芯片、消费电子、芯片、英伟达,12.46,13.29,抗住且相对强,,-6.5,-2.11,-8.47,加权Top20+双红>=3+抗住且相对强
2026-04-16,2026-04-17,688503.SH,聚和材料,电力设备,电子/电力设备/通信,3.58,11.22,11.99,20日新高,1,TOPCON电池,1.98,2.01,抗住且相对强,,-3.01,-5.66,-8.5,加权Top20+新高+抗住且相对强
2026-05-11,2026-05-12,001389.SZ,广合科技,电子,电子/电力设备/通信,10.0,25.21,50.21,历史新高,4,AI PC、PCB、元件、共封装光学(CPO),0.2,0.06,抗住且相对强,,-4.7,-4.04,-8.55,加权Top20+新高+抗住且相对强
2026-04-10,2026-04-13,000049.SZ,德赛电池,电力设备,电子/电力设备/通信,5.58,7.34,15.12,,7,AI眼镜、储能、华为手机、固态电池、电池、钠离子电池、锂电池,1.3,0.08,抗住且相对强,,-0.61,-8.38,-8.94,加权Top20+双红>=3+抗住且相对强
2026-04-08,2026-04-09,300014.SZ,亿纬锂能,电力设备,电子/电力设备/通信,5.88,46.41,40.06,,6,储能、固态电池、氢能源、燃料电池、电池、钠离子电池,1.34,1.91,抗住且相对强,,-2.4,-7.14,-9.37,加权Top20+双红>=3+抗住且相对强
2026-05-11,2026-05-12,002475.SZ,立讯精密,电子,电子/电力设备/通信,6.69,205.84,95.98,历史新高,8,AI眼镜、MR(混合现实)、共封装光学(CPO)、华为手机、消费电子、液冷服务器、芯片、铜缆高速连接,1.49,1.35,抗住且相对强,,-7.8,-1.93,-9.58,加权Top20+新高+抗住且相对强
2026-04-17,2026-04-20,301012.SZ,扬电科技,电力设备,电子/电力设备/通信,3.53,12.04,12.25,3年新高,1,光伏,5.27,7.08,抗住且相对强,,-3.74,-6.44,-9.94,加权Top20+新高+抗住且相对强
2026-05-11,2026-05-12,688372.SH,伟测科技,电子,电子/电力设备/通信,3.85,20.63,17.49,,5,MCU芯片、先进封装、半导体、存储芯片、芯片,1.14,1.0,抗住且相对强,,-4.6,-5.68,-10.02,加权Top20+双红>=3+抗住且相对强
2026-04-10,2026-04-13,300450.SZ,先导智能,电力设备,电子/电力设备/通信,4.04,36.69,24.47,20日新高,7,储能、光伏、固态电池、氢能源、燃料电池、电池、钠离子电池,1.72,0.5,抗住且相对强,,0.21,-10.38,-10.19,加权Top20+新高+抗住且相对强
2026-05-11,2026-05-12,301629.SZ,矽电股份,电子,电子/电力设备/通信,12.17,15.9,48.53,历史新高,4,半导体、半导体设备、存储芯片、芯片,4.62,4.48,抗住且相对强,,-2.13,-8.47,-10.42,加权Top20+新高+抗住且相对强
2026-04-10,2026-04-13,002340.SZ,格林美,电力设备,电子/电力设备/通信,1.89,13.32,6.9,,6,储能、固态电池、氢能源、燃料电池、电池、钠离子电池,1.24,0.02,抗住且相对强,,-2.57,-8.65,-11.0,加权Top20+双红>=3+抗住且相对强
2026-04-17,2026-04-20,603118.SH,共进股份,通信,电子/电力设备/通信,10.0,10.66,32.65,1年新高,6,6G、PCB、先进封装、共封装光学(CPO)、芯片、通信设备,-2.17,0.78,补跌但相对强,,1.21,-12.71,-11.66,加权Top20+新高+补跌但相对强
2026-05-11,2026-05-12,600406.SH,国电南瑞,电力设备,电子/电力设备/通信,2.95,66.48,24.05,20日新高,8,储能、光伏、氢能源、特高压、电网设备、芯片、虚拟电厂、雅下水电,0.19,1.24,抗住且相对强,,-1.47,-11.36,-12.66,加权Top20+新高+抗住且相对强
2026-04-08,2026-04-09,688012.SH,中微公司,电子,电子/电力设备/通信,8.21,49.87,57.98,,4,先进封装、半导体、存储芯片、芯片,1.14,0.65,抗住且相对强,,-4.63,-8.91,-13.13,加权Top20+双红>=3+抗住且相对强
2026-05-11,2026-05-12,603738.SH,泰晶科技,电子,电子/电力设备/通信,10.0,13.44,36.66,历史新高,7,6G、AI眼镜、MCU芯片、元件、光刻机、共封装光学(CPO)、芯片,4.97,4.83,抗住且相对强,,-1.9,-12.3,-13.97,加权Top20+新高+抗住且相对强
2026-04-08,2026-04-09,600875.SH,东方电气,电力设备,电子/电力设备/通信,9.99,44.93,66.96,,7,储能、光伏、可控核聚变、氢能源、燃料电池、雅下水电、风电,0.03,0.6,抗住且相对强,,-2.81,-11.67,-14.15,加权Top20+双红>=3+抗住且相对强
2026-04-08,2026-04-09,601615.SH,明阳智能,电力设备,电子/电力设备/通信,5.4,14.13,20.3,,6,储能、光伏、氢能源、芯片、钙钛矿电池、风电,-0.43,0.14,补跌但相对强,,-3.63,-10.91,-14.15,加权Top20+双红>=3+补跌但相对强
2026-04-14,2026-04-15,300442.SZ,润泽科技,通信,电子/电力设备/通信,2.15,61.14,16.81,20日新高,1,液冷服务器,-0.97,0.37,补跌但相对强,,-4.41,-10.27,-14.23,加权Top20+新高+补跌但相对强
2026-04-08,2026-04-09,600268.SH,国电南自,电力设备,电子/电力设备/通信,7.71,7.04,20.46,,6,储能、特高压、电网设备、虚拟电厂、雅下水电、风电,1.16,1.73,抗住且相对强,,-1.57,-12.95,-14.32,加权Top20+双红>=3+抗住且相对强
2026-05-11,2026-05-12,688123.SH,聚辰股份,电子,电子/电力设备/通信,15.98,35.69,95.47,20日新高,5,AI眼镜、共封装光学(CPO)、半导体、存储芯片、芯片,4.73,4.59,抗住且相对强,,-5.83,-9.19,-14.49,加权Top20+新高+抗住且相对强
2026-04-17,2026-04-20,600151.SH,航天机电,电力设备,电子/电力设备/通信,5.1,16.45,20.68,20日新高,2,TOPCON电池、光伏,2.53,4.34,抗住且相对强,,-1.03,-13.82,-14.7,加权Top20+新高+抗住且相对强
2026-04-14,2026-04-15,603026.SH,石大胜华,电力设备,电子/电力设备/通信,10.0,14.01,37.43,60日新高,1,燃料电池,0.13,0.69,抗住且相对强,,-0.26,-14.74,-14.96,加权Top20+新高+抗住且相对强
2026-05-11,2026-05-12,688205.SH,德科立,通信,电子/电力设备/通信,6.99,42.07,45.34,,4,光纤、共封装光学(CPO)、芯片、通信设备,8.81,6.13,抗住且相对强,,-3.1,-12.99,-15.69,加权Top20+双红>=3+抗住且相对强
2026-04-10,2026-04-13,601311.SH,骆驼股份,电力设备,电子/电力设备/通信,5.17,6.46,13.14,60日新高,6,储能、固态电池、氢能源、燃料电池、电池、钠离子电池,1.5,0.28,抗住且相对强,,0.48,-16.15,-15.75,加权Top20+新高+抗住且相对强
2026-04-08,2026-04-09,301489.SZ,思泉新材,电子,电子/电力设备/通信,12.16,10.21,38.85,,5,AI PC、AI手机、AI眼镜、储能、液冷服务器,1.55,1.06,抗住且相对强,,1.3,-17.58,-16.5,加权Top20+双红>=3+抗住且相对强
2026-04-17,2026-04-20,002792.SZ,通宇通讯,通信,电子/电力设备/通信,3.32,39.25,20.8,20日新高,3,6G、共封装光学(CPO)、通信设备,3.65,6.6,抗住且相对强,,6.92,-22.09,-16.7,加权Top20+新高+抗住且相对强
2026-05-11,2026-05-12,601179.SH,中国西电,电力设备,电子/电力设备/通信,5.29,57.39,40.08,,8,储能、光伏、可控核聚变、特高压、电网设备、芯片、超级电容、风电,6.08,7.13,抗住且相对强,,-3.72,-13.76,-16.97,加权Top20+双红>=3+抗住且相对强
2026-04-10,2026-04-13,688717.SH,艾罗能源,电力设备,电子/电力设备/通信,7.07,15.53,27.86,,4,储能、光伏、光伏设备、虚拟电厂,2.97,1.75,抗住且相对强,,-5.29,-12.47,-17.1,加权Top20+双红>=3+抗住且相对强
2026-04-17,2026-04-20,688226.SH,威腾电气,电力设备,电子/电力设备/通信,6.46,9.63,20.05,120日新高,2,光伏、共封装光学(CPO),-1.36,0.45,补跌但相对强,,-1.1,-16.27,-17.19,加权Top20+新高+补跌但相对强
2026-04-17,2026-04-20,002796.SZ,世嘉科技,通信,电子/电力设备/通信,10.0,16.29,40.36,,3,6G、共封装光学(CPO)、通信设备,4.59,7.54,抗住且相对强,,-3.95,-14.13,-17.52,加权Top20+双红>=3+抗住且相对强
2026-04-10,2026-04-13,688063.SH,派能科技,电力设备,电子/电力设备/通信,3.52,10.17,11.23,,5,储能、固态电池、电池、钠离子电池、锂电池,1.47,0.25,抗住且相对强,,-0.91,-16.89,-17.64,加权Top20+双红>=3+抗住且相对强
2026-04-10,2026-04-13,603659.SH,璞泰来,电力设备,电子/电力设备/通信,5.45,30.29,29.99,,6,储能、固态电池、氢能源、电池、芯片、钠离子电池,2.91,1.69,抗住且相对强,,-2.78,-15.6,-17.95,加权Top20+双红>=3+抗住且相对强
2026-05-11,2026-05-12,688693.SH,锴威特,电子,电子/电力设备/通信,14.95,10.14,47.61,历史新高,2,半导体、芯片,11.31,11.17,抗住且相对强,,-3.46,-15.81,-18.72,加权Top20+新高+抗住且相对强
2026-05-11,2026-05-12,300619.SZ,金银河,电力设备,电子/电力设备/通信,9.8,10.64,31.97,20日新高,1,光伏,0.49,1.54,抗住且相对强,,-2.47,-17.06,-19.11,加权Top20+新高+抗住且相对强
2026-04-14,2026-04-15,603220.SH,中贝通信,通信,电子/电力设备/通信,4.56,15.69,18.06,20日新高,2,6G、共封装光学(CPO),2.91,4.25,抗住且相对强,,-0.44,-18.93,-19.29,加权Top20+新高+抗住且相对强
2026-05-11,2026-05-12,300693.SZ,盛弘股份,电力设备,电子/电力设备/通信,11.71,23.4,56.65,历史新高,3,储能、虚拟电厂、高压快充,5.46,6.51,抗住且相对强,,-3.94,-16.25,-19.55,加权Top20+新高+抗住且相对强
2026-04-17,2026-04-20,603322.SH,超讯通信,通信,电子/电力设备/通信,5.05,12.38,17.77,20日新高,1,芯片,-1.42,1.53,补跌但相对强,,-0.94,-19.09,-19.85,加权Top20+新高+补跌但相对强
2026-05-11,2026-05-12,688159.SH,有方科技,通信,电子/电力设备/通信,10.66,7.47,29.14,60日新高,3,存储芯片、星闪、通信设备,7.13,4.45,抗住且相对强,,0.64,-20.44,-19.93,加权Top20+新高+抗住且相对强
2026-05-11,2026-05-12,300477.SZ,ST合纵,电力设备,电子/电力设备/通信,11.79,2.86,19.94,20日新高,3,储能、光伏、电网设备,0.32,1.37,抗住且相对强,,2.94,-23.96,-21.73,加权Top20+新高+抗住且相对强
2026-04-10,2026-04-13,002074.SZ,国轩高科,电力设备,电子/电力设备/通信,10.01,40.36,63.59,,6,储能、固态电池、电池、钠离子电池、锂电池、高压快充,1.78,0.56,抗住且相对强,,-2.12,-21.0,-22.67,加权Top20+双红>=3+抗住且相对强
2026-04-16,2026-04-17,688678.SH,福立旺,电子,电子/电力设备/通信,10.86,9.48,33.44,60日新高,1,TOPCON电池,6.85,5.32,抗住且相对强,,0.72,-23.97,-23.43,加权Top20+新高+抗住且相对强
2026-04-10,2026-04-13,301292.SZ,海科新源,电力设备,电子/电力设备/通信,5.0,25.49,25.24,,3,固态电池、电池、钠离子电池,4.16,2.94,抗住且相对强,,-2.49,-21.63,-23.58,加权Top20+双红>=3+抗住且相对强
2026-04-15,2026-04-16,001208.SZ,华菱线缆,电力设备,电子/电力设备/通信,10.03,9.27,30.54,20日新高,2,特高压、电网设备,3.74,1.32,抗住且相对强,,2.06,-25.19,-23.65,加权Top20+新高+抗住且相对强
2026-04-10,2026-04-13,605117.SH,德业股份,电力设备,电子/电力设备/通信,10.0,17.77,42.15,,3,储能、光伏、光伏设备,5.26,4.04,抗住且相对强,,-6.56,-19.57,-24.85,加权Top20+双红>=3+抗住且相对强
2026-05-11,2026-05-12,301328.SZ,维峰电子,电子,电子/电力设备/通信,10.91,5.2,24.88,历史新高,3,储能、光伏、铜缆高速连接,2.32,2.18,抗住且相对强,,2.85,-27.79,-25.73,加权Top20+新高+抗住且相对强
2026-04-17,2026-04-20,688516.SH,奥特维,电力设备,电子/电力设备/通信,4.42,13.25,16.09,,4,TOPCON电池、光伏、共封装光学(CPO)、芯片,0.6,2.41,抗住且相对强,,-0.41,-27.23,-27.53,加权Top20+双红>=3+抗住且相对强
2026-05-11,2026-05-12,300393.SZ,中来股份,电力设备,电子/电力设备/通信,5.71,10.59,18.58,20日新高,6,BC电池、TOPCON电池、光伏、光伏设备、虚拟电厂、钙钛矿电池,-0.97,0.08,补跌但相对强,,-3.34,-25.3,-27.8,加权Top20+新高+补跌但相对强
2026-04-17,2026-04-20,300490.SZ,华自科技,电力设备,电子/电力设备/通信,3.97,7.91,11.17,3年新高,1,光伏,0.24,2.05,抗住且相对强,,-1.99,-26.36,-27.82,加权Top20+新高+抗住且相对强
2026-04-16,2026-04-17,300953.SZ,震裕科技,电力设备,电子/电力设备/通信,10.07,27.0,52.33,历史新高,2,电池、锂电池,0.29,0.32,抗住且相对强,,-0.08,-29.97,-30.03,加权Top20+新高+抗住且相对强
2026-04-10,2026-04-13,300724.SZ,捷佳伟创,电力设备,电子/电力设备/通信,2.16,17.23,8.97,,3,光伏、光伏设备、芯片,1.44,0.22,抗住且相对强,,-2.45,-29.28,-31.01,加权Top20+双红>=3+抗住且相对强
2026-05-11,2026-05-12,605222.SH,起帆电缆,电力设备,电子/电力设备/通信,8.03,10.37,25.86,历史新高,6,储能、光伏、可控核聚变、特高压、电网设备、风电,0.2,1.25,抗住且相对强,,0.21,-31.6,-31.45,加权Top20+新高+抗住且相对强
2026-04-10,2026-04-13,688353.SH,华盛锂电,电力设备,电子/电力设备/通信,3.28,8.85,9.76,,4,储能、固态电池、电池、钠离子电池,3.3,2.08,抗住且相对强,,1.36,-32.71,-31.8,加权Top20+双红>=3+抗住且相对强
2026-04-14,2026-04-15,688270.SH,ST臻镭,电子,电子/电力设备/通信,11.07,37.81,68.07,20日新高,4,6G、共封装光学(CPO)、半导体、芯片,1.22,2.05,抗住且相对强,,6.84,-36.68,-32.35,加权Top20+新高+抗住且相对强
2026-04-08,2026-04-09,002335.SZ,科华数据,电力设备,电子/电力设备/通信,8.82,15.22,34.41,,4,储能、光伏、氢能源、液冷服务器,2.05,2.62,抗住且相对强,,-3.51,-30.7,-33.13,加权Top20+双红>=3+抗住且相对强
2026-04-10,2026-04-13,600537.SH,*ST亿晶,电力设备,电子/电力设备/通信,10.0,8.4,28.98,20日新高,2,光伏、光伏设备,3.44,2.22,抗住且相对强,,-1.83,-32.92,-34.15,加权Top20+新高+抗住且相对强
