trade_date,total_amount,top3_industry_ratio,industry_1,industry_1_ratio,industry_2,industry_2_ratio,industry_3,industry_3_ratio,sh_index_pct_chg,advancers,top3_changed
2026-04-08,24342.0,37.4,电子,18.7,电力设备,10.5,通信,8.5,2.69,5174,
2026-04-09,21339.0,39.4,电子,19.5,电力设备,10.7,通信,9.4,-0.72,1140,0
2026-04-10,23227.0,41.8,电子,20.2,电力设备,12.6,通信,9.3,0.51,3977,0
2026-04-13,21502.0,40.5,电子,19.4,电力设备,12.5,通信,8.8,0.06,2378,0
2026-04-14,23836.0,40.9,电子,20.6,电力设备,12.0,通信,8.5,0.95,3723,0
2026-04-15,24151.0,40.7,电子,20.0,电力设备,12.8,通信,8.2,0.01,1841,0
2026-04-16,23415.0,40.1,电子,19.0,电力设备,12.9,通信,8.5,0.7,4293,0
2026-04-17,24254.0,41.1,电子,20.8,电力设备,11.6,通信,9.1,-0.1,2396,0
2026-04-20,25786.0,40.9,电子,21.0,电力设备,11.9,通信,8.5,0.76,3424,0
