event_date,sector_name,sw_l1,pct_chg,diff_ratio,amount,first_seen_since_0408,prev_count_since_0408,last_prev_date,gap_trading_days,lifecycle_since_0408,strategy1a_priority,repeat_note,all_seen_dates
2026-06-03,光伏,电力设备,0.26,18.95,5762.38,2026-04-08,5,2026-05-11,17,久违回流双红,二阶段重启/需区分补涨,历史多次,2026-04-08、2026-04-10、2026-04-17、2026-05-06、2026-05-11、2026-06-03
2026-06-03,液冷服务器,电力设备,0.04,14.42,4022.08,2026-04-08,7,2026-05-11,17,久违回流双红,二阶段重启/需区分补涨,历史多次,2026-04-08、2026-04-10、2026-04-14、2026-04-20、2026-04-22、2026-05-06、2026-05-11、2026-06-03
2026-06-03,可控核聚变,电力设备,1.53,21.36,1309.06,2026-04-08,7,2026-05-25,7,久违回流双红,二阶段重启/需区分补涨,历史多次,2026-04-08、2026-04-10、2026-04-14、2026-04-20、2026-05-06、2026-05-11、2026-05-25、2026-06-03
2026-06-03,铜缆高速连接,电力设备,2.81,28.47,1242.45,2026-04-08,8,2026-05-25,7,久违回流双红,二阶段重启/需区分补涨,历史多次,2026-04-08、2026-04-09、2026-04-20、2026-04-22、2026-04-27、2026-05-06、2026-05-11、2026-05-25、2026-06-03
2026-06-03,钙钛矿电池,电力设备,0.11,12.84,1169.03,2026-04-08,6,2026-05-19,11,久违回流双红,二阶段重启/需区分补涨,历史多次,2026-04-08、2026-04-20、2026-04-27、2026-05-06、2026-05-11、2026-05-19、2026-06-03
2026-06-03,TOPCON电池,电力设备,0.03,21.2,818.87,2026-04-08,6,2026-05-11,17,久违回流双红,二阶段重启/需区分补涨,历史多次,2026-04-08、2026-04-16、2026-04-17、2026-04-29、2026-05-06、2026-05-11、2026-06-03
2026-06-03,BC电池,电力设备,0.96,18.98,574.76,2026-05-11,2,2026-05-25,7,久违回流双红,二阶段重启/需区分补涨,历史出现,2026-05-11、2026-05-25、2026-06-03
2026-06-03,芯片,电子,1.21,21.39,14586.69,2026-04-08,9,2026-05-25,7,久违回流双红,二阶段重启/需区分补涨,历史多次,2026-04-08、2026-04-10、2026-04-14、2026-04-17、2026-04-22、2026-04-30、2026-05-06、2026-05-11、2026-05-25、2026-06-03
2026-06-03,共封装光学(CPO),电子,2.55,22.35,7471.05,2026-04-08,8,2026-05-25,7,久违回流双红,二阶段重启/需区分补涨,历史多次,2026-04-08、2026-04-10、2026-04-14、2026-04-17、2026-04-22、2026-05-06、2026-05-11、2026-05-25、2026-06-03
2026-06-03,存储芯片,电子,1.89,21.18,5127.11,2026-04-08,11,2026-05-25,7,久违回流双红,二阶段重启/需区分补涨,历史多次,2026-04-08、2026-04-10、2026-04-14、2026-04-22、2026-04-27、2026-04-30、2026-05-06、2026-05-11、2026-05-15、2026-05-20、2026-05-25、2026-06-03
2026-06-03,先进封装,电子,1.19,27.09,4512.41,2026-04-08,8,2026-05-25,7,久违回流双红,二阶段重启/需区分补涨,历史多次,2026-04-08、2026-04-14、2026-04-17、2026-04-22、2026-04-30、2026-05-06、2026-05-11、2026-05-25、2026-06-03
2026-06-03,半导体,电子,2.34,27.12,4478.15,2026-04-08,12,2026-05-25,7,久违回流双红,二阶段重启/需区分补涨,历史多次,2026-04-08、2026-04-10、2026-04-14、2026-04-17、2026-04-22、2026-04-27、2026-04-30、2026-05-06、2026-05-11、2026-05-15、2026-05-20、2026-05-25、2026-06-03
2026-06-03,PCB,电子,0.26,15.8,3967.46,2026-04-08,6,2026-05-25,7,久违回流双红,二阶段重启/需区分补涨,历史多次,2026-04-08、2026-04-14、2026-04-17、2026-05-06、2026-05-11、2026-05-25、2026-06-03
2026-06-03,AI眼镜,电子,0.62,30.57,3221.39,2026-04-08,6,2026-05-11,17,久违回流双红,二阶段重启/需区分补涨,历史多次,2026-04-08、2026-04-10、2026-04-14、2026-04-20、2026-05-06、2026-05-11、2026-06-03
2026-06-03,英伟达,电子,1.35,23.88,2173.29,2026-04-08,8,2026-05-25,7,久违回流双红,二阶段重启/需区分补涨,历史多次,2026-04-08、2026-04-10、2026-04-14、2026-04-22、2026-05-06、2026-05-11、2026-05-13、2026-05-25、2026-06-03
2026-06-03,元件,电子,0.53,12.74,1963.7,2026-04-08,9,2026-05-26,6,久违回流双红,二阶段重启/需区分补涨,历史多次,2026-04-08、2026-04-10、2026-04-14、2026-04-17、2026-05-06、2026-05-11、2026-05-19、2026-05-22、2026-05-26、2026-06-03
2026-06-03,AI手机,电子,0.79,32.03,1442.69,2026-04-08,8,2026-05-11,17,久违回流双红,二阶段重启/需区分补涨,历史多次,2026-04-08、2026-04-10、2026-04-14、2026-04-16、2026-04-22、2026-04-29、2026-05-06、2026-05-11、2026-06-03
2026-06-03,MCU芯片,电子,0.8,17.74,1330.92,2026-04-08,8,2026-05-25,7,久违回流双红,二阶段重启/需区分补涨,历史多次,2026-04-08、2026-04-10、2026-04-14、2026-04-20、2026-04-30、2026-05-06、2026-05-11、2026-05-25、2026-06-03
2026-06-03,光学光电子,电子,1.14,44.68,1084.85,2026-04-08,5,2026-05-11,17,久违回流双红,二阶段重启/需区分补涨,历史多次,2026-04-08、2026-04-17、2026-04-20、2026-05-06、2026-05-11、2026-06-03
2026-06-03,光刻机,电子,2.25,27.95,685.24,2026-05-06,4,2026-05-20,10,久违回流双红,二阶段重启/需区分补涨,历史多次,2026-05-06、2026-05-11、2026-05-14、2026-05-20、2026-06-03
2026-06-03,光刻胶,电子,1.27,27.33,637.69,2026-04-27,5,2026-05-25,7,久违回流双红,二阶段重启/需区分补涨,历史多次,2026-04-27、2026-05-06、2026-05-11、2026-05-20、2026-05-25、2026-06-03
2026-06-03,半导体设备,电子,2.44,24.05,564.2,2026-05-11,4,2026-05-25,7,久违回流双红,二阶段重启/需区分补涨,历史多次,2026-05-11、2026-05-15、2026-05-20、2026-05-25、2026-06-03
2026-06-03,光纤,通信,3.86,26.09,3507.76,2026-04-08,8,2026-05-11,17,久违回流双红,二阶段重启/需区分补涨,历史多次,2026-04-08、2026-04-17、2026-04-20、2026-04-22、2026-04-30、2026-05-06、2026-05-07、2026-05-11、2026-06-03
2026-06-03,6G,通信,0.97,19.72,2054.31,2026-04-08,10,2026-05-25,7,久违回流双红,二阶段重启/需区分补涨,历史多次,2026-04-08、2026-04-14、2026-04-17、2026-04-20、2026-04-22、2026-04-30、2026-05-06、2026-05-11、2026-05-19、2026-05-25、2026-06-03
2026-06-03,PET铜箔,电力设备,0.75,12.89,871.81,2026-04-29,3,2026-06-02,1,连续/近邻延续双红,延续确认,高频反复,2026-04-29、2026-05-06、2026-06-02、2026-06-03
2026-06-03,MLCC,电子,0.12,68.2,966.51,2026-05-22,5,2026-06-02,1,连续/近邻延续双红,延续确认,高频反复,2026-05-22、2026-05-25、2026-05-27、2026-05-28、2026-06-02、2026-06-03
2026-06-03,通信设备,通信,1.95,26.22,2938.23,2026-04-08,7,2026-06-02,1,连续/近邻延续双红,延续确认,高频反复,2026-04-08、2026-04-17、2026-04-22、2026-05-06、2026-05-11、2026-05-25、2026-06-02、2026-06-03
