group,rows,rows_with_forward,unique_stocks,median_peak_ret_10d,mean_peak_ret_10d,median_ret_5d,median_ret_10d,median_drawdown_after_peak,peak_ge_5_pct,peak_ge_10_pct,peak_ge_20_pct
base_strategy1,1000,825,513,14.92,18.68,6.85,9.57,-6.49,85.33,68.0,35.27
limit_strong,669,561,403,15.66,19.12,6.85,10.83,-5.15,87.7,71.48,37.43
limit_medium,218,174,191,13.55,17.99,7.86,7.11,-6.79,82.18,60.34,31.03
limit_weak,113,90,102,12.82,17.23,4.93,1.38,-12.48,76.67,61.11,30.0
ma5_favorable,309,307,232,17.35,21.21,9.83,13.28,-5.32,91.53,75.57,42.35
ma5_risk,108,108,103,14.97,17.55,4.22,8.13,-9.48,85.19,65.74,35.19
limit_strong+ma5_favorable,187,186,163,18.29,22.24,9.79,15.48,-2.59,96.24,80.65,46.77
limit_weak+ma5_risk,7,7,7,12.13,23.54,6.19,2.29,-9.46,85.71,57.14,42.86
lifecycle:d1新启动,128,127,123,15.55,19.47,5.91,11.96,-1.18,94.49,72.44,39.37
lifecycle:d2二次回流,178,169,159,13.33,16.92,6.63,8.06,-4.73,85.21,65.09,29.59
lifecycle:d3三次确认,231,222,184,16.0,18.66,7.27,10.69,-6.08,80.63,66.22,38.74
lifecycle:久违回流/成熟重启,230,106,201,16.12,19.71,10.8,10.82,-7.04,87.74,72.64,39.62
lifecycle:多次回流成熟段,674,542,407,14.92,18.8,7.27,8.88,-8.1,83.58,67.71,35.06
