theme,date,sample_kind,timeline_stage,timeline_trigger,diagnosis_stage,diagnosis_canonical,human_stage_canonical,notes
小金属,2026-04-01,midpoint,退潮,连续 5 日无双红（起点回溯断红首日）；合并短于3日的「回流」2026-04-29~2026-04-29,gap:no_recorded_diagnosis,,,
小金属,2026-04-30,boundary,主升,连续双红 ≥3 且高度抬升（连板高度数据缺失，抬升条件放宽）,gap:no_recorded_diagnosis,,,
小金属,2026-05-04,midpoint,主升,连续双红 ≥3 且高度抬升（连板高度数据缺失，抬升条件放宽）,gap:no_recorded_diagnosis,,,
小金属,2026-05-07,boundary,退潮,连续 5 日无双红（起点回溯断红首日）；合并短于3日的「回流」2026-05-26~2026-05-27；合并短于3日的「回流」2026-06-11~2026-06-11,gap:no_recorded_diagnosis,,,
小金属,2026-05-25,midpoint,退潮,连续 5 日无双红（起点回溯断红首日）；合并短于3日的「回流」2026-05-26~2026-05-27；合并短于3日的「回流」2026-06-11~2026-06-11,gap:no_recorded_diagnosis,,,
小金属,2026-06-12,boundary,主升,连续双红 ≥3 且高度抬升（连板高度数据缺失，抬升条件放宽）,gap:no_recorded_diagnosis,,,
小金属,2026-06-17,midpoint,主升,连续双红 ≥3 且高度抬升（连板高度数据缺失，抬升条件放宽）,gap:no_recorded_diagnosis,,,
小金属,2026-06-22,boundary,退潮,连续 5 日无双红（起点回溯断红首日）；合并短于3日的「回流」2026-07-21~2026-07-21,gap:no_recorded_diagnosis,,,
小金属,2026-07-14,midpoint,退潮,连续 5 日无双红（起点回溯断红首日）；合并短于3日的「回流」2026-07-21~2026-07-21,gap:no_recorded_diagnosis,,,
小金属,2026-08-05,boundary,回流,退潮后连续 2 日双红确认回流（起点回溯确认串首日）,gap:no_recorded_diagnosis,,,
小金属,2026-08-07,boundary,退潮,连续 5 日无双红（起点回溯断红首日）,gap:no_recorded_diagnosis,,,
小金属,2026-08-14,midpoint,退潮,连续 5 日无双红（起点回溯断红首日）,gap:no_recorded_diagnosis,,,
小金属,2026-08-21,boundary,回流,退潮后连续 2 日双红确认回流（起点回溯确认串首日）,gap:no_recorded_diagnosis,,,
小金属,2026-08-25,boundary,退潮,连续 5 日无双红（起点回溯断红首日）,gap:no_recorded_diagnosis,,,
小金属,2026-09-05,midpoint,退潮,连续 5 日无双红（起点回溯断红首日）,gap:no_recorded_diagnosis,,,
云计算,2026-05-05,midpoint,退潮,连续 5 日无双红（起点回溯断红首日）；合并短于3日的「回流」2026-07-01~2026-07-02；合并短于3日的「回流」2026-07-08~2026-07-08,gap:no_recorded_diagnosis,,,
云计算,2026-07-09,boundary,主升,连续双红 ≥3 且高度抬升（连板高度数据缺失，抬升条件放宽）,gap:no_recorded_diagnosis,,,
云计算,2026-07-13,boundary,退潮,连续 5 日无双红（起点回溯断红首日）,gap:no_recorded_diagnosis,,,
云计算,2026-07-16,boundary,回流,退潮后连续 2 日双红确认回流（起点回溯确认串首日）,gap:no_recorded_diagnosis,,,
云计算,2026-07-19,midpoint,回流,退潮后连续 2 日双红确认回流（起点回溯确认串首日）,gap:no_recorded_diagnosis,,,
云计算,2026-07-22,boundary,退潮,连续 5 日无双红（起点回溯断红首日）,gap:no_recorded_diagnosis,,,
云计算,2026-07-28,midpoint,退潮,连续 5 日无双红（起点回溯断红首日）,gap:no_recorded_diagnosis,,,
云计算,2026-08-04,boundary,回流,退潮后连续 2 日双红确认回流（起点回溯确认串首日）,gap:no_recorded_diagnosis,,,
云计算,2026-08-06,boundary,退潮,连续 5 日无双红（起点回溯断红首日）,gap:no_recorded_diagnosis,,,
云计算,2026-08-26,midpoint,退潮,连续 5 日无双红（起点回溯断红首日）,gap:no_recorded_diagnosis,,,
多模态AI,2026-04-15,midpoint,退潮,连续 5 日无双红（起点回溯断红首日）,gap:no_recorded_diagnosis,,,
多模态AI,2026-06-18,boundary,回流,退潮后连续 2 日双红确认回流（起点回溯确认串首日）,gap:no_recorded_diagnosis,,,
多模态AI,2026-06-23,boundary,退潮,连续 5 日无双红（起点回溯断红首日）；合并短于3日的「回流」2026-07-01~2026-07-02；合并短于3日的「回流」2026-07-08~2026-07-08,gap:no_recorded_diagnosis,,,
多模态AI,2026-07-01,midpoint,退潮,连续 5 日无双红（起点回溯断红首日）；合并短于3日的「回流」2026-07-01~2026-07-02；合并短于3日的「回流」2026-07-08~2026-07-08,gap:no_recorded_diagnosis,,,
多模态AI,2026-07-09,boundary,主升,连续双红 ≥3 且高度抬升（连板高度数据缺失，抬升条件放宽）,gap:no_recorded_diagnosis,,,
多模态AI,2026-07-13,boundary,退潮,连续 5 日无双红（起点回溯断红首日）；合并短于3日的「回流」2026-07-16~2026-07-17；合并短于3日的「回流」2026-08-27~2026-08-28,gap:no_recorded_diagnosis,,,
多模态AI,2026-08-05,midpoint,退潮,连续 5 日无双红（起点回溯断红首日）；合并短于3日的「回流」2026-07-16~2026-07-17；合并短于3日的「回流」2026-08-27~2026-08-28,gap:no_recorded_diagnosis,,,
多模态AI,2026-08-31,boundary,主升,连续双红 ≥3 且高度抬升（连板高度数据缺失，抬升条件放宽）,gap:no_recorded_diagnosis,,,
多模态AI,2026-09-04,midpoint,主升,连续双红 ≥3 且高度抬升（连板高度数据缺失，抬升条件放宽）,gap:no_recorded_diagnosis,,,
多模态AI,2026-09-07,boundary,退潮,连续 5 日无双红（起点回溯断红首日）,gap:no_recorded_diagnosis,,,
多模态AI,2026-09-11,midpoint,退潮,连续 5 日无双红（起点回溯断红首日）,gap:no_recorded_diagnosis,,,
创新药,2026-04-12,midpoint,退潮,连续 5 日无双红（起点回溯断红首日）；合并短于3日的「回流」2026-06-23~2026-06-24,gap:no_recorded_diagnosis,,,
创新药,2026-06-29,boundary,回流,退潮后连续 2 日双红确认回流（起点回溯确认串首日）,gap:no_recorded_diagnosis,,,
创新药,2026-07-03,midpoint,回流,退潮后连续 2 日双红确认回流（起点回溯确认串首日）,gap:no_recorded_diagnosis,,,
创新药,2026-07-07,boundary,退潮,连续 5 日无双红（起点回溯断红首日）,gap:no_recorded_diagnosis,,,
创新药,2026-07-10,boundary,回流,退潮后连续 2 日双红确认回流（起点回溯确认串首日）,gap:no_recorded_diagnosis,,,
创新药,2026-07-13,midpoint,回流,退潮后连续 2 日双红确认回流（起点回溯确认串首日）,gap:no_recorded_diagnosis,,,
创新药,2026-07-16,boundary,退潮,连续 5 日无双红（起点回溯断红首日）,gap:no_recorded_diagnosis,,,
创新药,2026-07-25,midpoint,退潮,连续 5 日无双红（起点回溯断红首日）,gap:no_recorded_diagnosis,,,
创新药,2026-08-04,boundary,回流,退潮后连续 2 日双红确认回流（起点回溯确认串首日）,gap:no_recorded_diagnosis,,,
创新药,2026-08-13,midpoint,回流,退潮后连续 2 日双红确认回流（起点回溯确认串首日）,gap:no_recorded_diagnosis,,,
创新药,2026-08-21,boundary,退潮,连续 5 日无双红（起点回溯断红首日）,gap:no_recorded_diagnosis,,,
创新药,2026-09-03,midpoint,退潮,连续 5 日无双红（起点回溯断红首日）,gap:no_recorded_diagnosis,,,
半导体,2026-04-07,boundary,回流,退潮后连续 2 日双红确认回流（起点回溯确认串首日）,gap:no_recorded_diagnosis,,,
半导体,2026-05-02,midpoint,回流,退潮后连续 2 日双红确认回流（起点回溯确认串首日）,gap:no_recorded_diagnosis,,,
半导体,2026-05-26,boundary,退潮,连续 5 日无双红（起点回溯断红首日）；合并短于3日的「回流」2026-07-09~2026-07-10；合并短于3日的「回流」2026-07-21~2026-07-22,gap:no_recorded_diagnosis,,,
半导体,2026-07-21,midpoint,退潮,连续 5 日无双红（起点回溯断红首日）；合并短于3日的「回流」2026-07-09~2026-07-10；合并短于3日的「回流」2026-07-21~2026-07-22,gap:no_recorded_diagnosis,,,
通信设备,2026-04-03,midpoint,退潮,连续 5 日无双红（起点回溯断红首日）,gap:no_recorded_diagnosis,,,
通信设备,2026-06-02,boundary,回流,退潮后连续 2 日双红确认回流（起点回溯确认串首日）,gap:no_recorded_diagnosis,,,
通信设备,2026-06-05,midpoint,回流,退潮后连续 2 日双红确认回流（起点回溯确认串首日）,gap:no_recorded_diagnosis,,,
通信设备,2026-06-08,boundary,退潮,连续 5 日无双红（起点回溯断红首日）；合并短于3日的「回流」2026-07-09~2026-07-09,gap:no_recorded_diagnosis,,,
通信设备,2026-06-24,midpoint,退潮,连续 5 日无双红（起点回溯断红首日）；合并短于3日的「回流」2026-07-09~2026-07-09,gap:no_recorded_diagnosis,,,
通信设备,2026-07-10,boundary,主升,连续双红 ≥3 且高度抬升（连板高度数据缺失，抬升条件放宽）,gap:no_recorded_diagnosis,,,
通信设备,2026-07-15,boundary,退潮,连续 5 日无双红（起点回溯断红首日）；合并短于3日的「回流」2026-07-21~2026-07-22,gap:no_recorded_diagnosis,,,
通信设备,2026-07-25,midpoint,退潮,连续 5 日无双红（起点回溯断红首日）；合并短于3日的「回流」2026-07-21~2026-07-22,gap:no_recorded_diagnosis,,,
通信设备,2026-08-04,boundary,回流,退潮后连续 2 日双红确认回流（起点回溯确认串首日）,gap:no_recorded_diagnosis,,,
通信设备,2026-08-11,midpoint,回流,退潮后连续 2 日双红确认回流（起点回溯确认串首日）,gap:no_recorded_diagnosis,,,
通信设备,2026-08-18,boundary,退潮,连续 5 日无双红（起点回溯断红首日）,gap:no_recorded_diagnosis,,,
通信设备,2026-09-01,midpoint,退潮,连续 5 日无双红（起点回溯断红首日）,gap:no_recorded_diagnosis,,,
AI智能体,2026-04-29,midpoint,退潮,连续 5 日无双红（起点回溯断红首日）,gap:no_recorded_diagnosis,,,
AI智能体,2026-06-18,boundary,回流,退潮后连续 2 日双红确认回流（起点回溯确认串首日）,gap:no_recorded_diagnosis,,,
AI智能体,2026-06-23,boundary,退潮,连续 5 日无双红（起点回溯断红首日）；合并短于3日的「回流」2026-07-01~2026-07-02；合并短于3日的「回流」2026-07-08~2026-07-08,gap:no_recorded_diagnosis,,,
AI智能体,2026-07-01,midpoint,退潮,连续 5 日无双红（起点回溯断红首日）；合并短于3日的「回流」2026-07-01~2026-07-02；合并短于3日的「回流」2026-07-08~2026-07-08,gap:no_recorded_diagnosis,,,
AI智能体,2026-07-09,boundary,主升,连续双红 ≥3 且高度抬升（连板高度数据缺失，抬升条件放宽）,gap:no_recorded_diagnosis,,,
AI智能体,2026-07-13,boundary,退潮,连续 5 日无双红（起点回溯断红首日）,gap:no_recorded_diagnosis,,,
AI智能体,2026-07-20,midpoint,退潮,连续 5 日无双红（起点回溯断红首日）,gap:no_recorded_diagnosis,,,
AI智能体,2026-07-28,boundary,回流,退潮后连续 2 日双红确认回流（起点回溯确认串首日）,gap:no_recorded_diagnosis,,,
AI智能体,2026-08-02,midpoint,回流,退潮后连续 2 日双红确认回流（起点回溯确认串首日）,gap:no_recorded_diagnosis,,,
AI智能体,2026-08-06,boundary,退潮,连续 5 日无双红（起点回溯断红首日）；合并短于3日的「回流」2026-08-27~2026-08-28,gap:no_recorded_diagnosis,,,
AI智能体,2026-08-17,midpoint,退潮,连续 5 日无双红（起点回溯断红首日）；合并短于3日的「回流」2026-08-27~2026-08-28,gap:no_recorded_diagnosis,,,
AI智能体,2026-08-31,boundary,主升,连续双红 ≥3 且高度抬升（连板高度数据缺失，抬升条件放宽）,gap:no_recorded_diagnosis,,,
AI智能体,2026-09-04,midpoint,主升,连续双红 ≥3 且高度抬升（连板高度数据缺失，抬升条件放宽）,gap:no_recorded_diagnosis,,,
AI智能体,2026-09-07,boundary,退潮,连续 5 日无双红（起点回溯断红首日）,gap:no_recorded_diagnosis,,,
AI智能体,2026-09-11,midpoint,退潮,连续 5 日无双红（起点回溯断红首日）,gap:no_recorded_diagnosis,,,
人工智能,2026-04-30,boundary,回流,退潮后连续 2 日双红确认回流（起点回溯确认串首日）,gap:no_recorded_diagnosis,,,
人工智能,2026-05-06,midpoint,回流,退潮后连续 2 日双红确认回流（起点回溯确认串首日）,gap:no_recorded_diagnosis,,,
人工智能,2026-05-12,boundary,退潮,连续 5 日无双红（起点回溯断红首日）,gap:no_recorded_diagnosis,,,
人工智能,2026-05-30,midpoint,退潮,连续 5 日无双红（起点回溯断红首日）,gap:no_recorded_diagnosis,,,
人工智能,2026-06-18,boundary,回流,退潮后连续 2 日双红确认回流（起点回溯确认串首日）,gap:no_recorded_diagnosis,,,
人工智能,2026-06-23,boundary,退潮,连续 5 日无双红（起点回溯断红首日）；合并短于3日的「回流」2026-07-01~2026-07-02；合并短于3日的「回流」2026-07-09~2026-07-09,gap:no_recorded_diagnosis,,,
人工智能,2026-07-01,midpoint,退潮,连续 5 日无双红（起点回溯断红首日）；合并短于3日的「回流」2026-07-01~2026-07-02；合并短于3日的「回流」2026-07-09~2026-07-09,gap:no_recorded_diagnosis,,,
人工智能,2026-07-10,boundary,主升,连续双红 ≥3 且高度抬升（连板高度数据缺失，抬升条件放宽）,gap:no_recorded_diagnosis,,,
人工智能,2026-07-13,boundary,退潮,连续 5 日无双红（起点回溯断红首日）；合并短于3日的「回流」2026-07-21~2026-07-22,gap:no_recorded_diagnosis,,,
人工智能,2026-08-14,midpoint,退潮,连续 5 日无双红（起点回溯断红首日）；合并短于3日的「回流」2026-07-21~2026-07-22,gap:no_recorded_diagnosis,,,
信创,2026-04-04,midpoint,退潮,连续 5 日无双红（起点回溯断红首日）,gap:no_recorded_diagnosis,,,
信创,2026-04-30,boundary,回流,退潮后连续 2 日双红确认回流（起点回溯确认串首日）,gap:no_recorded_diagnosis,,,
信创,2026-05-06,midpoint,回流,退潮后连续 2 日双红确认回流（起点回溯确认串首日）,gap:no_recorded_diagnosis,,,
信创,2026-05-12,boundary,退潮,连续 5 日无双红（起点回溯断红首日）；合并短于3日的「回流」2026-07-01~2026-07-02；合并短于3日的「回流」2026-07-08~2026-07-08,gap:no_recorded_diagnosis,,,
信创,2026-06-10,midpoint,退潮,连续 5 日无双红（起点回溯断红首日）；合并短于3日的「回流」2026-07-01~2026-07-02；合并短于3日的「回流」2026-07-08~2026-07-08,gap:no_recorded_diagnosis,,,
信创,2026-07-09,boundary,主升,连续双红 ≥3 且高度抬升（连板高度数据缺失，抬升条件放宽）,gap:no_recorded_diagnosis,,,
信创,2026-07-13,boundary,退潮,连续 5 日无双红（起点回溯断红首日）；合并短于3日的「回流」2026-07-21~2026-07-22,gap:no_recorded_diagnosis,,,
信创,2026-08-04,midpoint,退潮,连续 5 日无双红（起点回溯断红首日）；合并短于3日的「回流」2026-07-21~2026-07-22,gap:no_recorded_diagnosis,,,
信创,2026-08-27,boundary,回流,退潮后连续 2 日双红确认回流（起点回溯确认串首日）,gap:no_recorded_diagnosis,,,
信创,2026-09-02,midpoint,回流,退潮后连续 2 日双红确认回流（起点回溯确认串首日）,gap:no_recorded_diagnosis,,,
信创,2026-09-07,boundary,退潮,连续 5 日无双红（起点回溯断红首日）,gap:no_recorded_diagnosis,,,
信创,2026-09-11,midpoint,退潮,连续 5 日无双红（起点回溯断红首日）,gap:no_recorded_diagnosis,,,
量子科技,2026-04-17,boundary,回流,退潮后连续 2 日双红确认回流（起点回溯确认串首日）,gap:no_recorded_diagnosis,,,
量子科技,2026-04-21,boundary,退潮,连续 5 日无双红（起点回溯断红首日）,gap:no_recorded_diagnosis,,,
量子科技,2026-04-25,midpoint,退潮,连续 5 日无双红（起点回溯断红首日）,gap:no_recorded_diagnosis,,,
量子科技,2026-04-30,boundary,回流,退潮后连续 2 日双红确认回流（起点回溯确认串首日）,gap:no_recorded_diagnosis,,,
量子科技,2026-05-06,midpoint,回流,退潮后连续 2 日双红确认回流（起点回溯确认串首日）,gap:no_recorded_diagnosis,,,
量子科技,2026-05-12,boundary,退潮,连续 5 日无双红（起点回溯断红首日）；合并短于3日的「回流」2026-07-08~2026-07-08,gap:no_recorded_diagnosis,,,
量子科技,2026-06-10,midpoint,退潮,连续 5 日无双红（起点回溯断红首日）；合并短于3日的「回流」2026-07-08~2026-07-08,gap:no_recorded_diagnosis,,,
量子科技,2026-07-09,boundary,主升,连续双红 ≥3 且高度抬升（连板高度数据缺失，抬升条件放宽）,gap:no_recorded_diagnosis,,,
量子科技,2026-07-13,boundary,退潮,连续 5 日无双红（起点回溯断红首日）；合并短于3日的「回流」2026-07-21~2026-07-22,gap:no_recorded_diagnosis,,,
量子科技,2026-07-24,midpoint,退潮,连续 5 日无双红（起点回溯断红首日）；合并短于3日的「回流」2026-07-21~2026-07-22,gap:no_recorded_diagnosis,,,
量子科技,2026-08-04,boundary,回流,退潮后连续 2 日双红确认回流（起点回溯确认串首日）,gap:no_recorded_diagnosis,,,
量子科技,2026-08-07,midpoint,回流,退潮后连续 2 日双红确认回流（起点回溯确认串首日）,gap:no_recorded_diagnosis,,,
量子科技,2026-08-10,boundary,退潮,连续 5 日无双红（起点回溯断红首日）,gap:no_recorded_diagnosis,,,
量子科技,2026-08-28,midpoint,退潮,连续 5 日无双红（起点回溯断红首日）,gap:no_recorded_diagnosis,,,
铜缆高速连接,2026-03-25,midpoint,退潮,连续 5 日无双红（起点回溯断红首日）,gap:no_recorded_diagnosis,,,
铜缆高速连接,2026-04-08,boundary,回流,退潮后连续 2 日双红确认回流（起点回溯确认串首日）,gap:no_recorded_diagnosis,,,
铜缆高速连接,2026-04-10,boundary,退潮,连续 5 日无双红（起点回溯断红首日）；合并短于3日的「回流」2026-07-09~2026-07-10；合并短于3日的「回流」2026-07-21~2026-07-22,gap:no_recorded_diagnosis,,,
铜缆高速连接,2026-06-07,midpoint,退潮,连续 5 日无双红（起点回溯断红首日）；合并短于3日的「回流」2026-07-09~2026-07-10；合并短于3日的「回流」2026-07-21~2026-07-22,gap:no_recorded_diagnosis,,,
铜缆高速连接,2026-08-04,boundary,回流,退潮后连续 2 日双红确认回流（起点回溯确认串首日）,gap:no_recorded_diagnosis,,,
铜缆高速连接,2026-08-11,midpoint,回流,退潮后连续 2 日双红确认回流（起点回溯确认串首日）,gap:no_recorded_diagnosis,,,
铜缆高速连接,2026-08-18,boundary,退潮,连续 5 日无双红（起点回溯断红首日）,gap:no_recorded_diagnosis,,,
铜缆高速连接,2026-09-01,midpoint,退潮,连续 5 日无双红（起点回溯断红首日）,gap:no_recorded_diagnosis,,,
3D打印,2026-04-18,midpoint,退潮,连续 5 日无双红（起点回溯断红首日）；合并短于3日的「回流」2026-07-09~2026-07-09,gap:no_recorded_diagnosis,,,
3D打印,2026-07-10,boundary,主升,连续双红 ≥3 且高度抬升（连板高度数据缺失，抬升条件放宽）,gap:no_recorded_diagnosis,,,
3D打印,2026-07-13,boundary,退潮,连续 5 日无双红（起点回溯断红首日）；合并短于3日的「回流」2026-07-21~2026-07-22,gap:no_recorded_diagnosis,,,
3D打印,2026-07-24,midpoint,退潮,连续 5 日无双红（起点回溯断红首日）；合并短于3日的「回流」2026-07-21~2026-07-22,gap:no_recorded_diagnosis,,,
3D打印,2026-08-04,boundary,回流,退潮后连续 2 日双红确认回流（起点回溯确认串首日）,gap:no_recorded_diagnosis,,,
3D打印,2026-08-07,midpoint,回流,退潮后连续 2 日双红确认回流（起点回溯确认串首日）,gap:no_recorded_diagnosis,,,
3D打印,2026-08-10,boundary,退潮,连续 5 日无双红（起点回溯断红首日）,gap:no_recorded_diagnosis,,,
3D打印,2026-08-28,midpoint,退潮,连续 5 日无双红（起点回溯断红首日）,gap:no_recorded_diagnosis,,,
